

================================================================
== Vitis HLS Report for 'cipher_encrypt_block'
================================================================
* Date:           Tue Aug 11 14:22:23 2026

* Version:        2025.2 (Build 6295257 on Nov 14 2025)
* Project:        key_expanded
* Solution:       hls (Vitis Kernel Flow Target)
* Product family: zynquplus
* Target device:  xck26-sfvc784-2LV-c


================================================================
== Performance Estimates
================================================================
+ Timing: 
    * Summary: 
    +--------+----------+----------+------------+
    |  Clock |  Target  | Estimated| Uncertainty|
    +--------+----------+----------+------------+
    |ap_clk  |  10.00 ns|  6.685 ns|     2.70 ns|
    +--------+----------+----------+------------+

+ Latency: 
    * Summary: 
    +---------+---------+-----------+-----------+-----+-----+---------+
    |  Latency (cycles) |   Latency (absolute)  |  Interval | Pipeline|
    |   min   |   max   |    min    |    max    | min | max |   Type  |
    +---------+---------+-----------+-----------+-----+-----+---------+
    |        6|        6|  60.000 ns|  60.000 ns|    1|    1|      yes|
    +---------+---------+-----------+-----------+-----+-----+---------+

    + Detail: 
        * Instance: 
        +---------------------------------------------+--------------------------+---------+---------+----------+----------+-----+-----+---------+
        |                                             |                          |  Latency (cycles) |  Latency (absolute) |  Interval | Pipeline|
        |                   Instance                  |          Module          |   min   |   max   |    min   |    max   | min | max |   Type  |
        +---------------------------------------------+--------------------------+---------+---------+----------+----------+-----+-----+---------+
        |call_ret_shift_rows_and_sub_bytes_fu_2066    |shift_rows_and_sub_bytes  |        0|        0|      0 ns|      0 ns|    1|    1|      yes|
        |call_ret2_shift_rows_and_sub_bytes_fu_2086   |shift_rows_and_sub_bytes  |        0|        0|      0 ns|      0 ns|    1|    1|      yes|
        |call_ret4_shift_rows_and_sub_bytes_fu_2106   |shift_rows_and_sub_bytes  |        0|        0|      0 ns|      0 ns|    1|    1|      yes|
        |call_ret6_shift_rows_and_sub_bytes_fu_2126   |shift_rows_and_sub_bytes  |        0|        0|      0 ns|      0 ns|    1|    1|      yes|
        |call_ret8_shift_rows_and_sub_bytes_fu_2146   |shift_rows_and_sub_bytes  |        0|        0|      0 ns|      0 ns|    1|    1|      yes|
        |call_ret10_shift_rows_and_sub_bytes_fu_2166  |shift_rows_and_sub_bytes  |        0|        0|      0 ns|      0 ns|    1|    1|      yes|
        |call_ret12_shift_rows_and_sub_bytes_fu_2186  |shift_rows_and_sub_bytes  |        0|        0|      0 ns|      0 ns|    1|    1|      yes|
        |call_ret14_shift_rows_and_sub_bytes_fu_2206  |shift_rows_and_sub_bytes  |        0|        0|      0 ns|      0 ns|    1|    1|      yes|
        |call_ret16_shift_rows_and_sub_bytes_fu_2226  |shift_rows_and_sub_bytes  |        0|        0|      0 ns|      0 ns|    1|    1|      yes|
        |call_ret18_shift_rows_and_sub_bytes_fu_2246  |shift_rows_and_sub_bytes  |        0|        0|      0 ns|      0 ns|    1|    1|      yes|
        |call_ret20_shift_rows_and_sub_bytes_fu_2266  |shift_rows_and_sub_bytes  |        0|        0|      0 ns|      0 ns|    1|    1|      yes|
        |call_ret22_shift_rows_and_sub_bytes_fu_2286  |shift_rows_and_sub_bytes  |        0|        0|      0 ns|      0 ns|    1|    1|      yes|
        |call_ret24_shift_rows_and_sub_bytes_fu_2306  |shift_rows_and_sub_bytes  |        0|        0|      0 ns|      0 ns|    1|    1|      yes|
        |call_ret26_shift_rows_and_sub_bytes_fu_2326  |shift_rows_and_sub_bytes  |        0|        0|      0 ns|      0 ns|    1|    1|      yes|
        |call_ret1_mix_columns_fu_2346                |mix_columns               |        0|        0|      0 ns|      0 ns|    1|    1|      yes|
        |call_ret3_mix_columns_fu_2366                |mix_columns               |        0|        0|      0 ns|      0 ns|    1|    1|      yes|
        |call_ret5_mix_columns_fu_2386                |mix_columns               |        0|        0|      0 ns|      0 ns|    1|    1|      yes|
        |call_ret7_mix_columns_fu_2406                |mix_columns               |        0|        0|      0 ns|      0 ns|    1|    1|      yes|
        |call_ret9_mix_columns_fu_2426                |mix_columns               |        0|        0|      0 ns|      0 ns|    1|    1|      yes|
        |call_ret11_mix_columns_fu_2446               |mix_columns               |        0|        0|      0 ns|      0 ns|    1|    1|      yes|
        |call_ret13_mix_columns_fu_2466               |mix_columns               |        0|        0|      0 ns|      0 ns|    1|    1|      yes|
        |call_ret15_mix_columns_fu_2486               |mix_columns               |        0|        0|      0 ns|      0 ns|    1|    1|      yes|
        |call_ret17_mix_columns_fu_2506               |mix_columns               |        0|        0|      0 ns|      0 ns|    1|    1|      yes|
        |call_ret19_mix_columns_fu_2526               |mix_columns               |        0|        0|      0 ns|      0 ns|    1|    1|      yes|
        |call_ret21_mix_columns_fu_2546               |mix_columns               |        0|        0|      0 ns|      0 ns|    1|    1|      yes|
        |call_ret23_mix_columns_fu_2566               |mix_columns               |        0|        0|      0 ns|      0 ns|    1|    1|      yes|
        |call_ret25_mix_columns_fu_2586               |mix_columns               |        0|        0|      0 ns|      0 ns|    1|    1|      yes|
        +---------------------------------------------+--------------------------+---------+---------+----------+----------+-----+-----+---------+

        * Loop: 
        N/A



================================================================
== Utilization Estimates
================================================================
* Summary: 
+-----------------+---------+------+--------+--------+-----+
|       Name      | BRAM_18K|  DSP |   FF   |   LUT  | URAM|
+-----------------+---------+------+--------+--------+-----+
|DSP              |        -|     -|       -|       -|    -|
|Expression       |        -|     -|       0|    1920|    -|
|FIFO             |        -|     -|       -|       -|    -|
|Instance         |        -|     -|       0|   76048|    -|
|Memory           |        -|     -|       -|       -|    -|
|Multiplexer      |        -|     -|       0|     224|    -|
|Register         |        -|     -|   12929|    4096|    -|
+-----------------+---------+------+--------+--------+-----+
|Total            |        0|     0|   12929|   82288|    0|
+-----------------+---------+------+--------+--------+-----+
|Available        |      288|  1248|  234240|  117120|   64|
+-----------------+---------+------+--------+--------+-----+
|Utilization (%)  |        0|     0|       5|      70|    0|
+-----------------+---------+------+--------+--------+-----+

+ Detail: 
    * Instance: 
    +---------------------------------------------+--------------------------+---------+----+---+------+-----+
    |                   Instance                  |          Module          | BRAM_18K| DSP| FF|  LUT | URAM|
    +---------------------------------------------+--------------------------+---------+----+---+------+-----+
    |call_ret1_mix_columns_fu_2346                |mix_columns               |        0|   0|  0|  3920|    0|
    |call_ret3_mix_columns_fu_2366                |mix_columns               |        0|   0|  0|  3920|    0|
    |call_ret5_mix_columns_fu_2386                |mix_columns               |        0|   0|  0|  3920|    0|
    |call_ret7_mix_columns_fu_2406                |mix_columns               |        0|   0|  0|  3920|    0|
    |call_ret9_mix_columns_fu_2426                |mix_columns               |        0|   0|  0|  3920|    0|
    |call_ret11_mix_columns_fu_2446               |mix_columns               |        0|   0|  0|  3920|    0|
    |call_ret13_mix_columns_fu_2466               |mix_columns               |        0|   0|  0|  3920|    0|
    |call_ret15_mix_columns_fu_2486               |mix_columns               |        0|   0|  0|  3920|    0|
    |call_ret17_mix_columns_fu_2506               |mix_columns               |        0|   0|  0|  3920|    0|
    |call_ret19_mix_columns_fu_2526               |mix_columns               |        0|   0|  0|  3920|    0|
    |call_ret21_mix_columns_fu_2546               |mix_columns               |        0|   0|  0|  3920|    0|
    |call_ret23_mix_columns_fu_2566               |mix_columns               |        0|   0|  0|  3920|    0|
    |call_ret25_mix_columns_fu_2586               |mix_columns               |        0|   0|  0|  3920|    0|
    |call_ret_shift_rows_and_sub_bytes_fu_2066    |shift_rows_and_sub_bytes  |        0|   0|  0|  1792|    0|
    |call_ret2_shift_rows_and_sub_bytes_fu_2086   |shift_rows_and_sub_bytes  |        0|   0|  0|  1792|    0|
    |call_ret4_shift_rows_and_sub_bytes_fu_2106   |shift_rows_and_sub_bytes  |        0|   0|  0|  1792|    0|
    |call_ret6_shift_rows_and_sub_bytes_fu_2126   |shift_rows_and_sub_bytes  |        0|   0|  0|  1792|    0|
    |call_ret8_shift_rows_and_sub_bytes_fu_2146   |shift_rows_and_sub_bytes  |        0|   0|  0|  1792|    0|
    |call_ret10_shift_rows_and_sub_bytes_fu_2166  |shift_rows_and_sub_bytes  |        0|   0|  0|  1792|    0|
    |call_ret12_shift_rows_and_sub_bytes_fu_2186  |shift_rows_and_sub_bytes  |        0|   0|  0|  1792|    0|
    |call_ret14_shift_rows_and_sub_bytes_fu_2206  |shift_rows_and_sub_bytes  |        0|   0|  0|  1792|    0|
    |call_ret16_shift_rows_and_sub_bytes_fu_2226  |shift_rows_and_sub_bytes  |        0|   0|  0|  1792|    0|
    |call_ret18_shift_rows_and_sub_bytes_fu_2246  |shift_rows_and_sub_bytes  |        0|   0|  0|  1792|    0|
    |call_ret20_shift_rows_and_sub_bytes_fu_2266  |shift_rows_and_sub_bytes  |        0|   0|  0|  1792|    0|
    |call_ret22_shift_rows_and_sub_bytes_fu_2286  |shift_rows_and_sub_bytes  |        0|   0|  0|  1792|    0|
    |call_ret24_shift_rows_and_sub_bytes_fu_2306  |shift_rows_and_sub_bytes  |        0|   0|  0|  1792|    0|
    |call_ret26_shift_rows_and_sub_bytes_fu_2326  |shift_rows_and_sub_bytes  |        0|   0|  0|  1792|    0|
    +---------------------------------------------+--------------------------+---------+----+---+------+-----+
    |Total                                        |                          |        0|   0|  0| 76048|    0|
    +---------------------------------------------+--------------------------+---------+----+---+------+-----+

    * DSP: 
    N/A

    * Memory: 
    N/A

    * FIFO: 
    N/A

    * Expression: 
    +------------------------------------------------------------+----------+----+---+----+------------+------------+
    |                        Variable Name                       | Operation| DSP| FF| LUT| Bitwidth P0| Bitwidth P1|
    +------------------------------------------------------------+----------+----+---+----+------------+------------+
    |call_ret10_shift_rows_and_sub_bytes_fu_2166_state_0_0_read  |       xor|   0|  0|   8|           8|           8|
    |call_ret10_shift_rows_and_sub_bytes_fu_2166_state_0_1_read  |       xor|   0|  0|   8|           8|           8|
    |call_ret10_shift_rows_and_sub_bytes_fu_2166_state_0_2_read  |       xor|   0|  0|   8|           8|           8|
    |call_ret10_shift_rows_and_sub_bytes_fu_2166_state_0_3_read  |       xor|   0|  0|   8|           8|           8|
    |call_ret10_shift_rows_and_sub_bytes_fu_2166_state_1_0_read  |       xor|   0|  0|   8|           8|           8|
    |call_ret10_shift_rows_and_sub_bytes_fu_2166_state_1_1_read  |       xor|   0|  0|   8|           8|           8|
    |call_ret10_shift_rows_and_sub_bytes_fu_2166_state_1_2_read  |       xor|   0|  0|   8|           8|           8|
    |call_ret10_shift_rows_and_sub_bytes_fu_2166_state_1_3_read  |       xor|   0|  0|   8|           8|           8|
    |call_ret10_shift_rows_and_sub_bytes_fu_2166_state_2_0_read  |       xor|   0|  0|   8|           8|           8|
    |call_ret10_shift_rows_and_sub_bytes_fu_2166_state_2_1_read  |       xor|   0|  0|   8|           8|           8|
    |call_ret10_shift_rows_and_sub_bytes_fu_2166_state_2_2_read  |       xor|   0|  0|   8|           8|           8|
    |call_ret10_shift_rows_and_sub_bytes_fu_2166_state_2_3_read  |       xor|   0|  0|   8|           8|           8|
    |call_ret10_shift_rows_and_sub_bytes_fu_2166_state_3_0_read  |       xor|   0|  0|   8|           8|           8|
    |call_ret10_shift_rows_and_sub_bytes_fu_2166_state_3_1_read  |       xor|   0|  0|   8|           8|           8|
    |call_ret10_shift_rows_and_sub_bytes_fu_2166_state_3_2_read  |       xor|   0|  0|   8|           8|           8|
    |call_ret10_shift_rows_and_sub_bytes_fu_2166_state_3_3_read  |       xor|   0|  0|   8|           8|           8|
    |call_ret14_shift_rows_and_sub_bytes_fu_2206_state_0_0_read  |       xor|   0|  0|   8|           8|           8|
    |call_ret14_shift_rows_and_sub_bytes_fu_2206_state_0_1_read  |       xor|   0|  0|   8|           8|           8|
    |call_ret14_shift_rows_and_sub_bytes_fu_2206_state_0_2_read  |       xor|   0|  0|   8|           8|           8|
    |call_ret14_shift_rows_and_sub_bytes_fu_2206_state_0_3_read  |       xor|   0|  0|   8|           8|           8|
    |call_ret14_shift_rows_and_sub_bytes_fu_2206_state_1_0_read  |       xor|   0|  0|   8|           8|           8|
    |call_ret14_shift_rows_and_sub_bytes_fu_2206_state_1_1_read  |       xor|   0|  0|   8|           8|           8|
    |call_ret14_shift_rows_and_sub_bytes_fu_2206_state_1_2_read  |       xor|   0|  0|   8|           8|           8|
    |call_ret14_shift_rows_and_sub_bytes_fu_2206_state_1_3_read  |       xor|   0|  0|   8|           8|           8|
    |call_ret14_shift_rows_and_sub_bytes_fu_2206_state_2_0_read  |       xor|   0|  0|   8|           8|           8|
    |call_ret14_shift_rows_and_sub_bytes_fu_2206_state_2_1_read  |       xor|   0|  0|   8|           8|           8|
    |call_ret14_shift_rows_and_sub_bytes_fu_2206_state_2_2_read  |       xor|   0|  0|   8|           8|           8|
    |call_ret14_shift_rows_and_sub_bytes_fu_2206_state_2_3_read  |       xor|   0|  0|   8|           8|           8|
    |call_ret14_shift_rows_and_sub_bytes_fu_2206_state_3_0_read  |       xor|   0|  0|   8|           8|           8|
    |call_ret14_shift_rows_and_sub_bytes_fu_2206_state_3_1_read  |       xor|   0|  0|   8|           8|           8|
    |call_ret14_shift_rows_and_sub_bytes_fu_2206_state_3_2_read  |       xor|   0|  0|   8|           8|           8|
    |call_ret14_shift_rows_and_sub_bytes_fu_2206_state_3_3_read  |       xor|   0|  0|   8|           8|           8|
    |call_ret18_shift_rows_and_sub_bytes_fu_2246_state_0_0_read  |       xor|   0|  0|   8|           8|           8|
    |call_ret18_shift_rows_and_sub_bytes_fu_2246_state_0_1_read  |       xor|   0|  0|   8|           8|           8|
    |call_ret18_shift_rows_and_sub_bytes_fu_2246_state_0_2_read  |       xor|   0|  0|   8|           8|           8|
    |call_ret18_shift_rows_and_sub_bytes_fu_2246_state_0_3_read  |       xor|   0|  0|   8|           8|           8|
    |call_ret18_shift_rows_and_sub_bytes_fu_2246_state_1_0_read  |       xor|   0|  0|   8|           8|           8|
    |call_ret18_shift_rows_and_sub_bytes_fu_2246_state_1_1_read  |       xor|   0|  0|   8|           8|           8|
    |call_ret18_shift_rows_and_sub_bytes_fu_2246_state_1_2_read  |       xor|   0|  0|   8|           8|           8|
    |call_ret18_shift_rows_and_sub_bytes_fu_2246_state_1_3_read  |       xor|   0|  0|   8|           8|           8|
    |call_ret18_shift_rows_and_sub_bytes_fu_2246_state_2_0_read  |       xor|   0|  0|   8|           8|           8|
    |call_ret18_shift_rows_and_sub_bytes_fu_2246_state_2_1_read  |       xor|   0|  0|   8|           8|           8|
    |call_ret18_shift_rows_and_sub_bytes_fu_2246_state_2_2_read  |       xor|   0|  0|   8|           8|           8|
    |call_ret18_shift_rows_and_sub_bytes_fu_2246_state_2_3_read  |       xor|   0|  0|   8|           8|           8|
    |call_ret18_shift_rows_and_sub_bytes_fu_2246_state_3_0_read  |       xor|   0|  0|   8|           8|           8|
    |call_ret18_shift_rows_and_sub_bytes_fu_2246_state_3_1_read  |       xor|   0|  0|   8|           8|           8|
    |call_ret18_shift_rows_and_sub_bytes_fu_2246_state_3_2_read  |       xor|   0|  0|   8|           8|           8|
    |call_ret18_shift_rows_and_sub_bytes_fu_2246_state_3_3_read  |       xor|   0|  0|   8|           8|           8|
    |call_ret22_shift_rows_and_sub_bytes_fu_2286_state_0_0_read  |       xor|   0|  0|   8|           8|           8|
    |call_ret22_shift_rows_and_sub_bytes_fu_2286_state_0_1_read  |       xor|   0|  0|   8|           8|           8|
    |call_ret22_shift_rows_and_sub_bytes_fu_2286_state_0_2_read  |       xor|   0|  0|   8|           8|           8|
    |call_ret22_shift_rows_and_sub_bytes_fu_2286_state_0_3_read  |       xor|   0|  0|   8|           8|           8|
    |call_ret22_shift_rows_and_sub_bytes_fu_2286_state_1_0_read  |       xor|   0|  0|   8|           8|           8|
    |call_ret22_shift_rows_and_sub_bytes_fu_2286_state_1_1_read  |       xor|   0|  0|   8|           8|           8|
    |call_ret22_shift_rows_and_sub_bytes_fu_2286_state_1_2_read  |       xor|   0|  0|   8|           8|           8|
    |call_ret22_shift_rows_and_sub_bytes_fu_2286_state_1_3_read  |       xor|   0|  0|   8|           8|           8|
    |call_ret22_shift_rows_and_sub_bytes_fu_2286_state_2_0_read  |       xor|   0|  0|   8|           8|           8|
    |call_ret22_shift_rows_and_sub_bytes_fu_2286_state_2_1_read  |       xor|   0|  0|   8|           8|           8|
    |call_ret22_shift_rows_and_sub_bytes_fu_2286_state_2_2_read  |       xor|   0|  0|   8|           8|           8|
    |call_ret22_shift_rows_and_sub_bytes_fu_2286_state_2_3_read  |       xor|   0|  0|   8|           8|           8|
    |call_ret22_shift_rows_and_sub_bytes_fu_2286_state_3_0_read  |       xor|   0|  0|   8|           8|           8|
    |call_ret22_shift_rows_and_sub_bytes_fu_2286_state_3_1_read  |       xor|   0|  0|   8|           8|           8|
    |call_ret22_shift_rows_and_sub_bytes_fu_2286_state_3_2_read  |       xor|   0|  0|   8|           8|           8|
    |call_ret22_shift_rows_and_sub_bytes_fu_2286_state_3_3_read  |       xor|   0|  0|   8|           8|           8|
    |call_ret26_shift_rows_and_sub_bytes_fu_2326_state_0_0_read  |       xor|   0|  0|   8|           8|           8|
    |call_ret26_shift_rows_and_sub_bytes_fu_2326_state_0_1_read  |       xor|   0|  0|   8|           8|           8|
    |call_ret26_shift_rows_and_sub_bytes_fu_2326_state_0_2_read  |       xor|   0|  0|   8|           8|           8|
    |call_ret26_shift_rows_and_sub_bytes_fu_2326_state_0_3_read  |       xor|   0|  0|   8|           8|           8|
    |call_ret26_shift_rows_and_sub_bytes_fu_2326_state_1_0_read  |       xor|   0|  0|   8|           8|           8|
    |call_ret26_shift_rows_and_sub_bytes_fu_2326_state_1_1_read  |       xor|   0|  0|   8|           8|           8|
    |call_ret26_shift_rows_and_sub_bytes_fu_2326_state_1_2_read  |       xor|   0|  0|   8|           8|           8|
    |call_ret26_shift_rows_and_sub_bytes_fu_2326_state_1_3_read  |       xor|   0|  0|   8|           8|           8|
    |call_ret26_shift_rows_and_sub_bytes_fu_2326_state_2_0_read  |       xor|   0|  0|   8|           8|           8|
    |call_ret26_shift_rows_and_sub_bytes_fu_2326_state_2_1_read  |       xor|   0|  0|   8|           8|           8|
    |call_ret26_shift_rows_and_sub_bytes_fu_2326_state_2_2_read  |       xor|   0|  0|   8|           8|           8|
    |call_ret26_shift_rows_and_sub_bytes_fu_2326_state_2_3_read  |       xor|   0|  0|   8|           8|           8|
    |call_ret26_shift_rows_and_sub_bytes_fu_2326_state_3_0_read  |       xor|   0|  0|   8|           8|           8|
    |call_ret26_shift_rows_and_sub_bytes_fu_2326_state_3_1_read  |       xor|   0|  0|   8|           8|           8|
    |call_ret26_shift_rows_and_sub_bytes_fu_2326_state_3_2_read  |       xor|   0|  0|   8|           8|           8|
    |call_ret26_shift_rows_and_sub_bytes_fu_2326_state_3_3_read  |       xor|   0|  0|   8|           8|           8|
    |call_ret2_shift_rows_and_sub_bytes_fu_2086_state_0_0_read   |       xor|   0|  0|   8|           8|           8|
    |call_ret2_shift_rows_and_sub_bytes_fu_2086_state_0_1_read   |       xor|   0|  0|   8|           8|           8|
    |call_ret2_shift_rows_and_sub_bytes_fu_2086_state_0_2_read   |       xor|   0|  0|   8|           8|           8|
    |call_ret2_shift_rows_and_sub_bytes_fu_2086_state_0_3_read   |       xor|   0|  0|   8|           8|           8|
    |call_ret2_shift_rows_and_sub_bytes_fu_2086_state_1_0_read   |       xor|   0|  0|   8|           8|           8|
    |call_ret2_shift_rows_and_sub_bytes_fu_2086_state_1_1_read   |       xor|   0|  0|   8|           8|           8|
    |call_ret2_shift_rows_and_sub_bytes_fu_2086_state_1_2_read   |       xor|   0|  0|   8|           8|           8|
    |call_ret2_shift_rows_and_sub_bytes_fu_2086_state_1_3_read   |       xor|   0|  0|   8|           8|           8|
    |call_ret2_shift_rows_and_sub_bytes_fu_2086_state_2_0_read   |       xor|   0|  0|   8|           8|           8|
    |call_ret2_shift_rows_and_sub_bytes_fu_2086_state_2_1_read   |       xor|   0|  0|   8|           8|           8|
    |call_ret2_shift_rows_and_sub_bytes_fu_2086_state_2_2_read   |       xor|   0|  0|   8|           8|           8|
    |call_ret2_shift_rows_and_sub_bytes_fu_2086_state_2_3_read   |       xor|   0|  0|   8|           8|           8|
    |call_ret2_shift_rows_and_sub_bytes_fu_2086_state_3_0_read   |       xor|   0|  0|   8|           8|           8|
    |call_ret2_shift_rows_and_sub_bytes_fu_2086_state_3_1_read   |       xor|   0|  0|   8|           8|           8|
    |call_ret2_shift_rows_and_sub_bytes_fu_2086_state_3_2_read   |       xor|   0|  0|   8|           8|           8|
    |call_ret2_shift_rows_and_sub_bytes_fu_2086_state_3_3_read   |       xor|   0|  0|   8|           8|           8|
    |call_ret6_shift_rows_and_sub_bytes_fu_2126_state_0_0_read   |       xor|   0|  0|   8|           8|           8|
    |call_ret6_shift_rows_and_sub_bytes_fu_2126_state_0_1_read   |       xor|   0|  0|   8|           8|           8|
    |call_ret6_shift_rows_and_sub_bytes_fu_2126_state_0_2_read   |       xor|   0|  0|   8|           8|           8|
    |call_ret6_shift_rows_and_sub_bytes_fu_2126_state_0_3_read   |       xor|   0|  0|   8|           8|           8|
    |call_ret6_shift_rows_and_sub_bytes_fu_2126_state_1_0_read   |       xor|   0|  0|   8|           8|           8|
    |call_ret6_shift_rows_and_sub_bytes_fu_2126_state_1_1_read   |       xor|   0|  0|   8|           8|           8|
    |call_ret6_shift_rows_and_sub_bytes_fu_2126_state_1_2_read   |       xor|   0|  0|   8|           8|           8|
    |call_ret6_shift_rows_and_sub_bytes_fu_2126_state_1_3_read   |       xor|   0|  0|   8|           8|           8|
    |call_ret6_shift_rows_and_sub_bytes_fu_2126_state_2_0_read   |       xor|   0|  0|   8|           8|           8|
    |call_ret6_shift_rows_and_sub_bytes_fu_2126_state_2_1_read   |       xor|   0|  0|   8|           8|           8|
    |call_ret6_shift_rows_and_sub_bytes_fu_2126_state_2_2_read   |       xor|   0|  0|   8|           8|           8|
    |call_ret6_shift_rows_and_sub_bytes_fu_2126_state_2_3_read   |       xor|   0|  0|   8|           8|           8|
    |call_ret6_shift_rows_and_sub_bytes_fu_2126_state_3_0_read   |       xor|   0|  0|   8|           8|           8|
    |call_ret6_shift_rows_and_sub_bytes_fu_2126_state_3_1_read   |       xor|   0|  0|   8|           8|           8|
    |call_ret6_shift_rows_and_sub_bytes_fu_2126_state_3_2_read   |       xor|   0|  0|   8|           8|           8|
    |call_ret6_shift_rows_and_sub_bytes_fu_2126_state_3_3_read   |       xor|   0|  0|   8|           8|           8|
    |call_ret_shift_rows_and_sub_bytes_fu_2066_state_0_0_read    |       xor|   0|  0|   8|           8|           8|
    |call_ret_shift_rows_and_sub_bytes_fu_2066_state_0_1_read    |       xor|   0|  0|   8|           8|           8|
    |call_ret_shift_rows_and_sub_bytes_fu_2066_state_0_2_read    |       xor|   0|  0|   8|           8|           8|
    |call_ret_shift_rows_and_sub_bytes_fu_2066_state_0_3_read    |       xor|   0|  0|   8|           8|           8|
    |call_ret_shift_rows_and_sub_bytes_fu_2066_state_1_0_read    |       xor|   0|  0|   8|           8|           8|
    |call_ret_shift_rows_and_sub_bytes_fu_2066_state_1_1_read    |       xor|   0|  0|   8|           8|           8|
    |call_ret_shift_rows_and_sub_bytes_fu_2066_state_1_2_read    |       xor|   0|  0|   8|           8|           8|
    |call_ret_shift_rows_and_sub_bytes_fu_2066_state_1_3_read    |       xor|   0|  0|   8|           8|           8|
    |call_ret_shift_rows_and_sub_bytes_fu_2066_state_2_0_read    |       xor|   0|  0|   8|           8|           8|
    |call_ret_shift_rows_and_sub_bytes_fu_2066_state_2_1_read    |       xor|   0|  0|   8|           8|           8|
    |call_ret_shift_rows_and_sub_bytes_fu_2066_state_2_2_read    |       xor|   0|  0|   8|           8|           8|
    |call_ret_shift_rows_and_sub_bytes_fu_2066_state_2_3_read    |       xor|   0|  0|   8|           8|           8|
    |call_ret_shift_rows_and_sub_bytes_fu_2066_state_3_0_read    |       xor|   0|  0|   8|           8|           8|
    |call_ret_shift_rows_and_sub_bytes_fu_2066_state_3_1_read    |       xor|   0|  0|   8|           8|           8|
    |call_ret_shift_rows_and_sub_bytes_fu_2066_state_3_2_read    |       xor|   0|  0|   8|           8|           8|
    |call_ret_shift_rows_and_sub_bytes_fu_2066_state_3_3_read    |       xor|   0|  0|   8|           8|           8|
    |xor_ln130_100_fu_4082_p2                                    |       xor|   0|  0|   8|           8|           8|
    |xor_ln130_101_fu_4087_p2                                    |       xor|   0|  0|   8|           8|           8|
    |xor_ln130_102_fu_4092_p2                                    |       xor|   0|  0|   8|           8|           8|
    |xor_ln130_103_fu_4097_p2                                    |       xor|   0|  0|   8|           8|           8|
    |xor_ln130_104_fu_4102_p2                                    |       xor|   0|  0|   8|           8|           8|
    |xor_ln130_105_fu_4107_p2                                    |       xor|   0|  0|   8|           8|           8|
    |xor_ln130_106_fu_4112_p2                                    |       xor|   0|  0|   8|           8|           8|
    |xor_ln130_107_fu_4117_p2                                    |       xor|   0|  0|   8|           8|           8|
    |xor_ln130_108_fu_4122_p2                                    |       xor|   0|  0|   8|           8|           8|
    |xor_ln130_109_fu_4127_p2                                    |       xor|   0|  0|   8|           8|           8|
    |xor_ln130_110_fu_4132_p2                                    |       xor|   0|  0|   8|           8|           8|
    |xor_ln130_111_fu_4137_p2                                    |       xor|   0|  0|   8|           8|           8|
    |xor_ln130_128_fu_4526_p2                                    |       xor|   0|  0|   8|           8|           8|
    |xor_ln130_129_fu_4531_p2                                    |       xor|   0|  0|   8|           8|           8|
    |xor_ln130_130_fu_4536_p2                                    |       xor|   0|  0|   8|           8|           8|
    |xor_ln130_131_fu_4541_p2                                    |       xor|   0|  0|   8|           8|           8|
    |xor_ln130_132_fu_4546_p2                                    |       xor|   0|  0|   8|           8|           8|
    |xor_ln130_133_fu_4551_p2                                    |       xor|   0|  0|   8|           8|           8|
    |xor_ln130_134_fu_4556_p2                                    |       xor|   0|  0|   8|           8|           8|
    |xor_ln130_135_fu_4561_p2                                    |       xor|   0|  0|   8|           8|           8|
    |xor_ln130_136_fu_4566_p2                                    |       xor|   0|  0|   8|           8|           8|
    |xor_ln130_137_fu_4571_p2                                    |       xor|   0|  0|   8|           8|           8|
    |xor_ln130_138_fu_4576_p2                                    |       xor|   0|  0|   8|           8|           8|
    |xor_ln130_139_fu_4581_p2                                    |       xor|   0|  0|   8|           8|           8|
    |xor_ln130_140_fu_4586_p2                                    |       xor|   0|  0|   8|           8|           8|
    |xor_ln130_141_fu_4591_p2                                    |       xor|   0|  0|   8|           8|           8|
    |xor_ln130_142_fu_4596_p2                                    |       xor|   0|  0|   8|           8|           8|
    |xor_ln130_143_fu_4601_p2                                    |       xor|   0|  0|   8|           8|           8|
    |xor_ln130_160_fu_4990_p2                                    |       xor|   0|  0|   8|           8|           8|
    |xor_ln130_161_fu_4995_p2                                    |       xor|   0|  0|   8|           8|           8|
    |xor_ln130_162_fu_5000_p2                                    |       xor|   0|  0|   8|           8|           8|
    |xor_ln130_163_fu_5005_p2                                    |       xor|   0|  0|   8|           8|           8|
    |xor_ln130_164_fu_5010_p2                                    |       xor|   0|  0|   8|           8|           8|
    |xor_ln130_165_fu_5015_p2                                    |       xor|   0|  0|   8|           8|           8|
    |xor_ln130_166_fu_5020_p2                                    |       xor|   0|  0|   8|           8|           8|
    |xor_ln130_167_fu_5025_p2                                    |       xor|   0|  0|   8|           8|           8|
    |xor_ln130_168_fu_5030_p2                                    |       xor|   0|  0|   8|           8|           8|
    |xor_ln130_169_fu_5035_p2                                    |       xor|   0|  0|   8|           8|           8|
    |xor_ln130_170_fu_5040_p2                                    |       xor|   0|  0|   8|           8|           8|
    |xor_ln130_171_fu_5045_p2                                    |       xor|   0|  0|   8|           8|           8|
    |xor_ln130_172_fu_5050_p2                                    |       xor|   0|  0|   8|           8|           8|
    |xor_ln130_173_fu_5055_p2                                    |       xor|   0|  0|   8|           8|           8|
    |xor_ln130_174_fu_5060_p2                                    |       xor|   0|  0|   8|           8|           8|
    |xor_ln130_175_fu_5065_p2                                    |       xor|   0|  0|   8|           8|           8|
    |xor_ln130_192_fu_5454_p2                                    |       xor|   0|  0|   8|           8|           8|
    |xor_ln130_193_fu_5459_p2                                    |       xor|   0|  0|   8|           8|           8|
    |xor_ln130_194_fu_5464_p2                                    |       xor|   0|  0|   8|           8|           8|
    |xor_ln130_195_fu_5469_p2                                    |       xor|   0|  0|   8|           8|           8|
    |xor_ln130_196_fu_5474_p2                                    |       xor|   0|  0|   8|           8|           8|
    |xor_ln130_197_fu_5479_p2                                    |       xor|   0|  0|   8|           8|           8|
    |xor_ln130_198_fu_5484_p2                                    |       xor|   0|  0|   8|           8|           8|
    |xor_ln130_199_fu_5489_p2                                    |       xor|   0|  0|   8|           8|           8|
    |xor_ln130_200_fu_5494_p2                                    |       xor|   0|  0|   8|           8|           8|
    |xor_ln130_201_fu_5499_p2                                    |       xor|   0|  0|   8|           8|           8|
    |xor_ln130_202_fu_5504_p2                                    |       xor|   0|  0|   8|           8|           8|
    |xor_ln130_203_fu_5509_p2                                    |       xor|   0|  0|   8|           8|           8|
    |xor_ln130_204_fu_5514_p2                                    |       xor|   0|  0|   8|           8|           8|
    |xor_ln130_205_fu_5519_p2                                    |       xor|   0|  0|   8|           8|           8|
    |xor_ln130_206_fu_5524_p2                                    |       xor|   0|  0|   8|           8|           8|
    |xor_ln130_207_fu_5529_p2                                    |       xor|   0|  0|   8|           8|           8|
    |xor_ln130_224_fu_5838_p2                                    |       xor|   0|  0|   8|           8|           8|
    |xor_ln130_225_fu_5843_p2                                    |       xor|   0|  0|   8|           8|           8|
    |xor_ln130_226_fu_5848_p2                                    |       xor|   0|  0|   8|           8|           8|
    |xor_ln130_227_fu_5853_p2                                    |       xor|   0|  0|   8|           8|           8|
    |xor_ln130_228_fu_5858_p2                                    |       xor|   0|  0|   8|           8|           8|
    |xor_ln130_229_fu_5863_p2                                    |       xor|   0|  0|   8|           8|           8|
    |xor_ln130_230_fu_5868_p2                                    |       xor|   0|  0|   8|           8|           8|
    |xor_ln130_231_fu_5873_p2                                    |       xor|   0|  0|   8|           8|           8|
    |xor_ln130_232_fu_5878_p2                                    |       xor|   0|  0|   8|           8|           8|
    |xor_ln130_233_fu_5883_p2                                    |       xor|   0|  0|   8|           8|           8|
    |xor_ln130_234_fu_5888_p2                                    |       xor|   0|  0|   8|           8|           8|
    |xor_ln130_235_fu_5893_p2                                    |       xor|   0|  0|   8|           8|           8|
    |xor_ln130_236_fu_5898_p2                                    |       xor|   0|  0|   8|           8|           8|
    |xor_ln130_237_fu_5903_p2                                    |       xor|   0|  0|   8|           8|           8|
    |xor_ln130_238_fu_5908_p2                                    |       xor|   0|  0|   8|           8|           8|
    |xor_ln130_239_fu_5913_p2                                    |       xor|   0|  0|   8|           8|           8|
    |xor_ln130_32_fu_3118_p2                                     |       xor|   0|  0|   8|           8|           8|
    |xor_ln130_33_fu_3124_p2                                     |       xor|   0|  0|   8|           8|           8|
    |xor_ln130_34_fu_3130_p2                                     |       xor|   0|  0|   8|           8|           8|
    |xor_ln130_35_fu_3136_p2                                     |       xor|   0|  0|   8|           8|           8|
    |xor_ln130_36_fu_3142_p2                                     |       xor|   0|  0|   8|           8|           8|
    |xor_ln130_37_fu_3148_p2                                     |       xor|   0|  0|   8|           8|           8|
    |xor_ln130_38_fu_3154_p2                                     |       xor|   0|  0|   8|           8|           8|
    |xor_ln130_39_fu_3160_p2                                     |       xor|   0|  0|   8|           8|           8|
    |xor_ln130_40_fu_3166_p2                                     |       xor|   0|  0|   8|           8|           8|
    |xor_ln130_41_fu_3172_p2                                     |       xor|   0|  0|   8|           8|           8|
    |xor_ln130_42_fu_3178_p2                                     |       xor|   0|  0|   8|           8|           8|
    |xor_ln130_43_fu_3184_p2                                     |       xor|   0|  0|   8|           8|           8|
    |xor_ln130_44_fu_3190_p2                                     |       xor|   0|  0|   8|           8|           8|
    |xor_ln130_45_fu_3196_p2                                     |       xor|   0|  0|   8|           8|           8|
    |xor_ln130_46_fu_3202_p2                                     |       xor|   0|  0|   8|           8|           8|
    |xor_ln130_47_fu_3208_p2                                     |       xor|   0|  0|   8|           8|           8|
    |xor_ln130_64_fu_3598_p2                                     |       xor|   0|  0|   8|           8|           8|
    |xor_ln130_65_fu_3603_p2                                     |       xor|   0|  0|   8|           8|           8|
    |xor_ln130_66_fu_3608_p2                                     |       xor|   0|  0|   8|           8|           8|
    |xor_ln130_67_fu_3613_p2                                     |       xor|   0|  0|   8|           8|           8|
    |xor_ln130_68_fu_3618_p2                                     |       xor|   0|  0|   8|           8|           8|
    |xor_ln130_69_fu_3623_p2                                     |       xor|   0|  0|   8|           8|           8|
    |xor_ln130_70_fu_3628_p2                                     |       xor|   0|  0|   8|           8|           8|
    |xor_ln130_71_fu_3633_p2                                     |       xor|   0|  0|   8|           8|           8|
    |xor_ln130_72_fu_3638_p2                                     |       xor|   0|  0|   8|           8|           8|
    |xor_ln130_73_fu_3643_p2                                     |       xor|   0|  0|   8|           8|           8|
    |xor_ln130_74_fu_3648_p2                                     |       xor|   0|  0|   8|           8|           8|
    |xor_ln130_75_fu_3653_p2                                     |       xor|   0|  0|   8|           8|           8|
    |xor_ln130_76_fu_3658_p2                                     |       xor|   0|  0|   8|           8|           8|
    |xor_ln130_77_fu_3663_p2                                     |       xor|   0|  0|   8|           8|           8|
    |xor_ln130_78_fu_3668_p2                                     |       xor|   0|  0|   8|           8|           8|
    |xor_ln130_79_fu_3673_p2                                     |       xor|   0|  0|   8|           8|           8|
    |xor_ln130_96_fu_4062_p2                                     |       xor|   0|  0|   8|           8|           8|
    |xor_ln130_97_fu_4067_p2                                     |       xor|   0|  0|   8|           8|           8|
    |xor_ln130_98_fu_4072_p2                                     |       xor|   0|  0|   8|           8|           8|
    |xor_ln130_99_fu_4077_p2                                     |       xor|   0|  0|   8|           8|           8|
    +------------------------------------------------------------+----------+----+---+----+------------+------------+
    |Total                                                       |          |   0|  0|1920|        1920|        1920|
    +------------------------------------------------------------+----------+----+---+----+------------+------------+

    * Multiplexer: 
    +--------------+----+-----------+-----+-----------+
    |     Name     | LUT| Input Size| Bits| Total Bits|
    +--------------+----+-----------+-----+-----------+
    |ap_return_0   |  14|          3|    8|         24|
    |ap_return_1   |  14|          3|    8|         24|
    |ap_return_10  |  14|          3|    8|         24|
    |ap_return_11  |  14|          3|    8|         24|
    |ap_return_12  |  14|          3|    8|         24|
    |ap_return_13  |  14|          3|    8|         24|
    |ap_return_14  |  14|          3|    8|         24|
    |ap_return_15  |  14|          3|    8|         24|
    |ap_return_2   |  14|          3|    8|         24|
    |ap_return_3   |  14|          3|    8|         24|
    |ap_return_4   |  14|          3|    8|         24|
    |ap_return_5   |  14|          3|    8|         24|
    |ap_return_6   |  14|          3|    8|         24|
    |ap_return_7   |  14|          3|    8|         24|
    |ap_return_8   |  14|          3|    8|         24|
    |ap_return_9   |  14|          3|    8|         24|
    +--------------+----+-----------+-----+-----------+
    |Total         | 224|         48|  128|        384|
    +--------------+----+-----------+-----+-----------+

    * Register: 
    +-------------------------------------+-----+----+-----+-----------+
    |                 Name                |  FF | LUT| Bits| Const Bits|
    +-------------------------------------+-----+----+-----+-----------+
    |ap_ce_reg                            |    1|   0|    1|          0|
    |ap_return_0_int_reg                  |    8|   0|    8|          0|
    |ap_return_10_int_reg                 |    8|   0|    8|          0|
    |ap_return_11_int_reg                 |    8|   0|    8|          0|
    |ap_return_12_int_reg                 |    8|   0|    8|          0|
    |ap_return_13_int_reg                 |    8|   0|    8|          0|
    |ap_return_14_int_reg                 |    8|   0|    8|          0|
    |ap_return_15_int_reg                 |    8|   0|    8|          0|
    |ap_return_1_int_reg                  |    8|   0|    8|          0|
    |ap_return_2_int_reg                  |    8|   0|    8|          0|
    |ap_return_3_int_reg                  |    8|   0|    8|          0|
    |ap_return_4_int_reg                  |    8|   0|    8|          0|
    |ap_return_5_int_reg                  |    8|   0|    8|          0|
    |ap_return_6_int_reg                  |    8|   0|    8|          0|
    |ap_return_7_int_reg                  |    8|   0|    8|          0|
    |ap_return_8_int_reg                  |    8|   0|    8|          0|
    |ap_return_9_int_reg                  |    8|   0|    8|          0|
    |p_read100356_reg_6709                |    8|   0|    8|          0|
    |p_read100356_reg_6709_pp0_iter1_reg  |    8|   0|    8|          0|
    |p_read100_int_reg                    |    8|   0|    8|          0|
    |p_read101_int_reg                    |    8|   0|    8|          0|
    |p_read1026_int_reg                   |    8|   0|    8|          0|
    |p_read102_int_reg                    |    8|   0|    8|          0|
    |p_read103_int_reg                    |    8|   0|    8|          0|
    |p_read104_int_reg                    |    8|   0|    8|          0|
    |p_read105_int_reg                    |    8|   0|    8|          0|
    |p_read106_int_reg                    |    8|   0|    8|          0|
    |p_read107_int_reg                    |    8|   0|    8|          0|
    |p_read108_int_reg                    |    8|   0|    8|          0|
    |p_read109_int_reg                    |    8|   0|    8|          0|
    |p_read10_int_reg                     |    8|   0|    8|          0|
    |p_read110_int_reg                    |    8|   0|    8|          0|
    |p_read111_int_reg                    |    8|   0|    8|          0|
    |p_read1127_int_reg                   |    8|   0|    8|          0|
    |p_read112_int_reg                    |    8|   0|    8|          0|
    |p_read113_int_reg                    |    8|   0|    8|          0|
    |p_read114_int_reg                    |    8|   0|    8|          0|
    |p_read115_int_reg                    |    8|   0|    8|          0|
    |p_read116_int_reg                    |    8|   0|    8|          0|
    |p_read11733_int_reg                  |    8|   0|    8|          0|
    |p_read117_int_reg                    |    8|   0|    8|          0|
    |p_read118_int_reg                    |    8|   0|    8|          0|
    |p_read119_int_reg                    |    8|   0|    8|          0|
    |p_read11_int_reg                     |    8|   0|    8|          0|
    |p_read120_int_reg                    |    8|   0|    8|          0|
    |p_read121_int_reg                    |    8|   0|    8|          0|
    |p_read1228_int_reg                   |    8|   0|    8|          0|
    |p_read122_int_reg                    |    8|   0|    8|          0|
    |p_read123_int_reg                    |    8|   0|    8|          0|
    |p_read124_int_reg                    |    8|   0|    8|          0|
    |p_read125_int_reg                    |    8|   0|    8|          0|
    |p_read126_int_reg                    |    8|   0|    8|          0|
    |p_read127_int_reg                    |    8|   0|    8|          0|
    |p_read128_int_reg                    |    8|   0|    8|          0|
    |p_read129_int_reg                    |    8|   0|    8|          0|
    |p_read12_int_reg                     |    8|   0|    8|          0|
    |p_read130_int_reg                    |    8|   0|    8|          0|
    |p_read131_int_reg                    |    8|   0|    8|          0|
    |p_read1329_int_reg                   |    8|   0|    8|          0|
    |p_read132_int_reg                    |    8|   0|    8|          0|
    |p_read133_int_reg                    |    8|   0|    8|          0|
    |p_read134_int_reg                    |    8|   0|    8|          0|
    |p_read135_int_reg                    |    8|   0|    8|          0|
    |p_read136_int_reg                    |    8|   0|    8|          0|
    |p_read137_int_reg                    |    8|   0|    8|          0|
    |p_read138_int_reg                    |    8|   0|    8|          0|
    |p_read139_int_reg                    |    8|   0|    8|          0|
    |p_read13_int_reg                     |    8|   0|    8|          0|
    |p_read140_int_reg                    |    8|   0|    8|          0|
    |p_read141_int_reg                    |    8|   0|    8|          0|
    |p_read142_int_reg                    |    8|   0|    8|          0|
    |p_read1430_int_reg                   |    8|   0|    8|          0|
    |p_read143_int_reg                    |    8|   0|    8|          0|
    |p_read144_int_reg                    |    8|   0|    8|          0|
    |p_read145_int_reg                    |    8|   0|    8|          0|
    |p_read146_int_reg                    |    8|   0|    8|          0|
    |p_read147_int_reg                    |    8|   0|    8|          0|
    |p_read148_int_reg                    |    8|   0|    8|          0|
    |p_read149_int_reg                    |    8|   0|    8|          0|
    |p_read14_int_reg                     |    8|   0|    8|          0|
    |p_read150_int_reg                    |    8|   0|    8|          0|
    |p_read151_int_reg                    |    8|   0|    8|          0|
    |p_read152_int_reg                    |    8|   0|    8|          0|
    |p_read1531_int_reg                   |    8|   0|    8|          0|
    |p_read153_int_reg                    |    8|   0|    8|          0|
    |p_read154_int_reg                    |    8|   0|    8|          0|
    |p_read155_int_reg                    |    8|   0|    8|          0|
    |p_read156_int_reg                    |    8|   0|    8|          0|
    |p_read157_int_reg                    |    8|   0|    8|          0|
    |p_read158_int_reg                    |    8|   0|    8|          0|
    |p_read159_int_reg                    |    8|   0|    8|          0|
    |p_read15_int_reg                     |    8|   0|    8|          0|
    |p_read160_int_reg                    |    8|   0|    8|          0|
    |p_read161_int_reg                    |    8|   0|    8|          0|
    |p_read162_int_reg                    |    8|   0|    8|          0|
    |p_read1632_int_reg                   |    8|   0|    8|          0|
    |p_read163_int_reg                    |    8|   0|    8|          0|
    |p_read164_int_reg                    |    8|   0|    8|          0|
    |p_read165_int_reg                    |    8|   0|    8|          0|
    |p_read166_int_reg                    |    8|   0|    8|          0|
    |p_read167_int_reg                    |    8|   0|    8|          0|
    |p_read168_int_reg                    |    8|   0|    8|          0|
    |p_read169_int_reg                    |    8|   0|    8|          0|
    |p_read16_int_reg                     |    8|   0|    8|          0|
    |p_read170_int_reg                    |    8|   0|    8|          0|
    |p_read171_int_reg                    |    8|   0|    8|          0|
    |p_read172_int_reg                    |    8|   0|    8|          0|
    |p_read173_int_reg                    |    8|   0|    8|          0|
    |p_read174_int_reg                    |    8|   0|    8|          0|
    |p_read175_int_reg                    |    8|   0|    8|          0|
    |p_read176_int_reg                    |    8|   0|    8|          0|
    |p_read177_int_reg                    |    8|   0|    8|          0|
    |p_read178_int_reg                    |    8|   0|    8|          0|
    |p_read179_int_reg                    |    8|   0|    8|          0|
    |p_read17_int_reg                     |    8|   0|    8|          0|
    |p_read180_int_reg                    |    8|   0|    8|          0|
    |p_read181_int_reg                    |    8|   0|    8|          0|
    |p_read182_int_reg                    |    8|   0|    8|          0|
    |p_read183_int_reg                    |    8|   0|    8|          0|
    |p_read184_int_reg                    |    8|   0|    8|          0|
    |p_read185_int_reg                    |    8|   0|    8|          0|
    |p_read186_int_reg                    |    8|   0|    8|          0|
    |p_read187_int_reg                    |    8|   0|    8|          0|
    |p_read188_int_reg                    |    8|   0|    8|          0|
    |p_read189_int_reg                    |    8|   0|    8|          0|
    |p_read18_int_reg                     |    8|   0|    8|          0|
    |p_read190_int_reg                    |    8|   0|    8|          0|
    |p_read191_int_reg                    |    8|   0|    8|          0|
    |p_read192_int_reg                    |    8|   0|    8|          0|
    |p_read193_int_reg                    |    8|   0|    8|          0|
    |p_read194_int_reg                    |    8|   0|    8|          0|
    |p_read195_int_reg                    |    8|   0|    8|          0|
    |p_read196_int_reg                    |    8|   0|    8|          0|
    |p_read197_int_reg                    |    8|   0|    8|          0|
    |p_read198_int_reg                    |    8|   0|    8|          0|
    |p_read199_int_reg                    |    8|   0|    8|          0|
    |p_read19_int_reg                     |    8|   0|    8|          0|
    |p_read1_int_reg                      |    8|   0|    8|          0|
    |p_read200_int_reg                    |    8|   0|    8|          0|
    |p_read201_int_reg                    |    8|   0|    8|          0|
    |p_read202_int_reg                    |    8|   0|    8|          0|
    |p_read203_int_reg                    |    8|   0|    8|          0|
    |p_read204_int_reg                    |    8|   0|    8|          0|
    |p_read205_int_reg                    |    8|   0|    8|          0|
    |p_read206_int_reg                    |    8|   0|    8|          0|
    |p_read207_int_reg                    |    8|   0|    8|          0|
    |p_read208_int_reg                    |    8|   0|    8|          0|
    |p_read209_int_reg                    |    8|   0|    8|          0|
    |p_read20_int_reg                     |    8|   0|    8|          0|
    |p_read210_int_reg                    |    8|   0|    8|          0|
    |p_read211_int_reg                    |    8|   0|    8|          0|
    |p_read212_int_reg                    |    8|   0|    8|          0|
    |p_read213_int_reg                    |    8|   0|    8|          0|
    |p_read214_int_reg                    |    8|   0|    8|          0|
    |p_read215_int_reg                    |    8|   0|    8|          0|
    |p_read216_int_reg                    |    8|   0|    8|          0|
    |p_read217_int_reg                    |    8|   0|    8|          0|
    |p_read21834_int_reg                  |    8|   0|    8|          0|
    |p_read218_int_reg                    |    8|   0|    8|          0|
    |p_read219_int_reg                    |    8|   0|    8|          0|
    |p_read21_int_reg                     |    8|   0|    8|          0|
    |p_read220_int_reg                    |    8|   0|    8|          0|
    |p_read221_int_reg                    |    8|   0|    8|          0|
    |p_read222_int_reg                    |    8|   0|    8|          0|
    |p_read223_int_reg                    |    8|   0|    8|          0|
    |p_read224_int_reg                    |    8|   0|    8|          0|
    |p_read225_int_reg                    |    8|   0|    8|          0|
    |p_read226_int_reg                    |    8|   0|    8|          0|
    |p_read227_int_reg                    |    8|   0|    8|          0|
    |p_read228_int_reg                    |    8|   0|    8|          0|
    |p_read229_int_reg                    |    8|   0|    8|          0|
    |p_read22_int_reg                     |    8|   0|    8|          0|
    |p_read230_int_reg                    |    8|   0|    8|          0|
    |p_read231_int_reg                    |    8|   0|    8|          0|
    |p_read232_int_reg                    |    8|   0|    8|          0|
    |p_read233_int_reg                    |    8|   0|    8|          0|
    |p_read234_int_reg                    |    8|   0|    8|          0|
    |p_read235_int_reg                    |    8|   0|    8|          0|
    |p_read236_int_reg                    |    8|   0|    8|          0|
    |p_read237_int_reg                    |    8|   0|    8|          0|
    |p_read238_int_reg                    |    8|   0|    8|          0|
    |p_read239_int_reg                    |    8|   0|    8|          0|
    |p_read23_int_reg                     |    8|   0|    8|          0|
    |p_read24_int_reg                     |    8|   0|    8|          0|
    |p_read25_int_reg                     |    8|   0|    8|          0|
    |p_read26_int_reg                     |    8|   0|    8|          0|
    |p_read27_int_reg                     |    8|   0|    8|          0|
    |p_read28_int_reg                     |    8|   0|    8|          0|
    |p_read29_int_reg                     |    8|   0|    8|          0|
    |p_read2_int_reg                      |    8|   0|    8|          0|
    |p_read30_int_reg                     |    8|   0|    8|          0|
    |p_read319_int_reg                    |    8|   0|    8|          0|
    |p_read31_int_reg                     |    8|   0|    8|          0|
    |p_read32_int_reg                     |    8|   0|    8|          0|
    |p_read33_int_reg                     |    8|   0|    8|          0|
    |p_read34_int_reg                     |    8|   0|    8|          0|
    |p_read35_int_reg                     |    8|   0|    8|          0|
    |p_read36_int_reg                     |    8|   0|    8|          0|
    |p_read37_int_reg                     |    8|   0|    8|          0|
    |p_read38_int_reg                     |    8|   0|    8|          0|
    |p_read39_int_reg                     |    8|   0|    8|          0|
    |p_read3_int_reg                      |    8|   0|    8|          0|
    |p_read40_int_reg                     |    8|   0|    8|          0|
    |p_read41_int_reg                     |    8|   0|    8|          0|
    |p_read420_int_reg                    |    8|   0|    8|          0|
    |p_read42_int_reg                     |    8|   0|    8|          0|
    |p_read43_int_reg                     |    8|   0|    8|          0|
    |p_read44_int_reg                     |    8|   0|    8|          0|
    |p_read45_int_reg                     |    8|   0|    8|          0|
    |p_read46_int_reg                     |    8|   0|    8|          0|
    |p_read47_int_reg                     |    8|   0|    8|          0|
    |p_read48_int_reg                     |    8|   0|    8|          0|
    |p_read49_int_reg                     |    8|   0|    8|          0|
    |p_read4_int_reg                      |    8|   0|    8|          0|
    |p_read50306_reg_6959                 |    8|   0|    8|          0|
    |p_read50_int_reg                     |    8|   0|    8|          0|
    |p_read51_int_reg                     |    8|   0|    8|          0|
    |p_read521_int_reg                    |    8|   0|    8|          0|
    |p_read52_int_reg                     |    8|   0|    8|          0|
    |p_read53_int_reg                     |    8|   0|    8|          0|
    |p_read54_int_reg                     |    8|   0|    8|          0|
    |p_read55_int_reg                     |    8|   0|    8|          0|
    |p_read56_int_reg                     |    8|   0|    8|          0|
    |p_read57_int_reg                     |    8|   0|    8|          0|
    |p_read58_int_reg                     |    8|   0|    8|          0|
    |p_read59_int_reg                     |    8|   0|    8|          0|
    |p_read5_int_reg                      |    8|   0|    8|          0|
    |p_read60316_reg_6909                 |    8|   0|    8|          0|
    |p_read60_int_reg                     |    8|   0|    8|          0|
    |p_read61_int_reg                     |    8|   0|    8|          0|
    |p_read622_int_reg                    |    8|   0|    8|          0|
    |p_read62_int_reg                     |    8|   0|    8|          0|
    |p_read63_int_reg                     |    8|   0|    8|          0|
    |p_read64_int_reg                     |    8|   0|    8|          0|
    |p_read65_int_reg                     |    8|   0|    8|          0|
    |p_read66_int_reg                     |    8|   0|    8|          0|
    |p_read67_int_reg                     |    8|   0|    8|          0|
    |p_read68_int_reg                     |    8|   0|    8|          0|
    |p_read69_int_reg                     |    8|   0|    8|          0|
    |p_read6_int_reg                      |    8|   0|    8|          0|
    |p_read70326_reg_6859                 |    8|   0|    8|          0|
    |p_read70_int_reg                     |    8|   0|    8|          0|
    |p_read71_int_reg                     |    8|   0|    8|          0|
    |p_read723_int_reg                    |    8|   0|    8|          0|
    |p_read72_int_reg                     |    8|   0|    8|          0|
    |p_read73_int_reg                     |    8|   0|    8|          0|
    |p_read74_int_reg                     |    8|   0|    8|          0|
    |p_read75_int_reg                     |    8|   0|    8|          0|
    |p_read76_int_reg                     |    8|   0|    8|          0|
    |p_read77_int_reg                     |    8|   0|    8|          0|
    |p_read78_int_reg                     |    8|   0|    8|          0|
    |p_read79_int_reg                     |    8|   0|    8|          0|
    |p_read7_int_reg                      |    8|   0|    8|          0|
    |p_read80336_reg_6809                 |    8|   0|    8|          0|
    |p_read80336_reg_6809_pp0_iter1_reg   |    8|   0|    8|          0|
    |p_read80_int_reg                     |    8|   0|    8|          0|
    |p_read81_int_reg                     |    8|   0|    8|          0|
    |p_read824_int_reg                    |    8|   0|    8|          0|
    |p_read82_int_reg                     |    8|   0|    8|          0|
    |p_read83_int_reg                     |    8|   0|    8|          0|
    |p_read84_int_reg                     |    8|   0|    8|          0|
    |p_read85_int_reg                     |    8|   0|    8|          0|
    |p_read86_int_reg                     |    8|   0|    8|          0|
    |p_read87_int_reg                     |    8|   0|    8|          0|
    |p_read88_int_reg                     |    8|   0|    8|          0|
    |p_read89_int_reg                     |    8|   0|    8|          0|
    |p_read8_int_reg                      |    8|   0|    8|          0|
    |p_read90346_reg_6759                 |    8|   0|    8|          0|
    |p_read90346_reg_6759_pp0_iter1_reg   |    8|   0|    8|          0|
    |p_read90_int_reg                     |    8|   0|    8|          0|
    |p_read91_int_reg                     |    8|   0|    8|          0|
    |p_read925_int_reg                    |    8|   0|    8|          0|
    |p_read92_int_reg                     |    8|   0|    8|          0|
    |p_read93_int_reg                     |    8|   0|    8|          0|
    |p_read94_int_reg                     |    8|   0|    8|          0|
    |p_read95_int_reg                     |    8|   0|    8|          0|
    |p_read96_int_reg                     |    8|   0|    8|          0|
    |p_read97_int_reg                     |    8|   0|    8|          0|
    |p_read98_int_reg                     |    8|   0|    8|          0|
    |p_read99_int_reg                     |    8|   0|    8|          0|
    |p_read9_int_reg                      |    8|   0|    8|          0|
    |p_read_240_reg_6014                  |    8|   0|    8|          0|
    |p_read_241_reg_6019                  |    8|   0|    8|          0|
    |p_read_242_reg_6024                  |    8|   0|    8|          0|
    |p_read_243_reg_6029                  |    8|   0|    8|          0|
    |p_read_244_reg_6034                  |    8|   0|    8|          0|
    |p_read_245_reg_6039                  |    8|   0|    8|          0|
    |p_read_246_reg_6044                  |    8|   0|    8|          0|
    |p_read_247_reg_6049                  |    8|   0|    8|          0|
    |p_read_248_reg_6054                  |    8|   0|    8|          0|
    |p_read_249_reg_6059                  |    8|   0|    8|          0|
    |p_read_250_reg_6064                  |    8|   0|    8|          0|
    |p_read_251_reg_6069                  |    8|   0|    8|          0|
    |p_read_252_reg_6074                  |    8|   0|    8|          0|
    |p_read_253_reg_6079                  |    8|   0|    8|          0|
    |p_read_254_reg_6084                  |    8|   0|    8|          0|
    |p_read_255_reg_6089                  |    8|   0|    8|          0|
    |p_read_256_reg_6094                  |    8|   0|    8|          0|
    |p_read_257_reg_6099                  |    8|   0|    8|          0|
    |p_read_258_reg_6104                  |    8|   0|    8|          0|
    |p_read_259_reg_6109                  |    8|   0|    8|          0|
    |p_read_260_reg_6114                  |    8|   0|    8|          0|
    |p_read_261_reg_6119                  |    8|   0|    8|          0|
    |p_read_262_reg_6124                  |    8|   0|    8|          0|
    |p_read_263_reg_6129                  |    8|   0|    8|          0|
    |p_read_264_reg_6134                  |    8|   0|    8|          0|
    |p_read_265_reg_6139                  |    8|   0|    8|          0|
    |p_read_266_reg_6144                  |    8|   0|    8|          0|
    |p_read_267_reg_6149                  |    8|   0|    8|          0|
    |p_read_268_reg_6154                  |    8|   0|    8|          0|
    |p_read_269_reg_6159                  |    8|   0|    8|          0|
    |p_read_270_reg_6164                  |    8|   0|    8|          0|
    |p_read_271_reg_6169                  |    8|   0|    8|          0|
    |p_read_272_reg_6174                  |    8|   0|    8|          0|
    |p_read_273_reg_6179                  |    8|   0|    8|          0|
    |p_read_274_reg_6184                  |    8|   0|    8|          0|
    |p_read_275_reg_6189                  |    8|   0|    8|          0|
    |p_read_276_reg_6194                  |    8|   0|    8|          0|
    |p_read_277_reg_6199                  |    8|   0|    8|          0|
    |p_read_278_reg_6204                  |    8|   0|    8|          0|
    |p_read_279_reg_6209                  |    8|   0|    8|          0|
    |p_read_280_reg_6214                  |    8|   0|    8|          0|
    |p_read_281_reg_6219                  |    8|   0|    8|          0|
    |p_read_282_reg_6224                  |    8|   0|    8|          0|
    |p_read_283_reg_6229                  |    8|   0|    8|          0|
    |p_read_284_reg_6234                  |    8|   0|    8|          0|
    |p_read_285_reg_6239                  |    8|   0|    8|          0|
    |p_read_286_reg_6244                  |    8|   0|    8|          0|
    |p_read_287_reg_6249                  |    8|   0|    8|          0|
    |p_read_288_reg_6254                  |    8|   0|    8|          0|
    |p_read_289_reg_6259                  |    8|   0|    8|          0|
    |p_read_290_reg_6264                  |    8|   0|    8|          0|
    |p_read_291_reg_6269                  |    8|   0|    8|          0|
    |p_read_292_reg_6274                  |    8|   0|    8|          0|
    |p_read_293_reg_6279                  |    8|   0|    8|          0|
    |p_read_294_reg_6284                  |    8|   0|    8|          0|
    |p_read_295_reg_6289                  |    8|   0|    8|          0|
    |p_read_296_reg_6294                  |    8|   0|    8|          0|
    |p_read_297_reg_6299                  |    8|   0|    8|          0|
    |p_read_298_reg_6304                  |    8|   0|    8|          0|
    |p_read_299_reg_6309                  |    8|   0|    8|          0|
    |p_read_300_reg_6314                  |    8|   0|    8|          0|
    |p_read_301_reg_6319                  |    8|   0|    8|          0|
    |p_read_302_reg_6324                  |    8|   0|    8|          0|
    |p_read_303_reg_6329                  |    8|   0|    8|          0|
    |p_read_304_reg_6334                  |    8|   0|    8|          0|
    |p_read_305_reg_6339                  |    8|   0|    8|          0|
    |p_read_306_reg_6344                  |    8|   0|    8|          0|
    |p_read_307_reg_6349                  |    8|   0|    8|          0|
    |p_read_308_reg_6354                  |    8|   0|    8|          0|
    |p_read_309_reg_6359                  |    8|   0|    8|          0|
    |p_read_310_reg_6364                  |    8|   0|    8|          0|
    |p_read_311_reg_6369                  |    8|   0|    8|          0|
    |p_read_312_reg_6374                  |    8|   0|    8|          0|
    |p_read_313_reg_6379                  |    8|   0|    8|          0|
    |p_read_314_reg_6384                  |    8|   0|    8|          0|
    |p_read_315_reg_6389                  |    8|   0|    8|          0|
    |p_read_316_reg_6394                  |    8|   0|    8|          0|
    |p_read_317_reg_6399                  |    8|   0|    8|          0|
    |p_read_318_reg_6404                  |    8|   0|    8|          0|
    |p_read_319_reg_6409                  |    8|   0|    8|          0|
    |p_read_320_reg_6414                  |    8|   0|    8|          0|
    |p_read_321_reg_6419                  |    8|   0|    8|          0|
    |p_read_322_reg_6424                  |    8|   0|    8|          0|
    |p_read_323_reg_6429                  |    8|   0|    8|          0|
    |p_read_324_reg_6434                  |    8|   0|    8|          0|
    |p_read_325_reg_6439                  |    8|   0|    8|          0|
    |p_read_326_reg_6444                  |    8|   0|    8|          0|
    |p_read_327_reg_6449                  |    8|   0|    8|          0|
    |p_read_328_reg_6454                  |    8|   0|    8|          0|
    |p_read_329_reg_6459                  |    8|   0|    8|          0|
    |p_read_330_reg_6464                  |    8|   0|    8|          0|
    |p_read_331_reg_6469                  |    8|   0|    8|          0|
    |p_read_332_reg_6474                  |    8|   0|    8|          0|
    |p_read_333_reg_6479                  |    8|   0|    8|          0|
    |p_read_334_reg_6484                  |    8|   0|    8|          0|
    |p_read_335_reg_6489                  |    8|   0|    8|          0|
    |p_read_336_reg_6494                  |    8|   0|    8|          0|
    |p_read_337_reg_6499                  |    8|   0|    8|          0|
    |p_read_338_reg_6504                  |    8|   0|    8|          0|
    |p_read_339_reg_6509                  |    8|   0|    8|          0|
    |p_read_340_reg_6514                  |    8|   0|    8|          0|
    |p_read_341_reg_6519                  |    8|   0|    8|          0|
    |p_read_342_reg_6524                  |    8|   0|    8|          0|
    |p_read_343_reg_6529                  |    8|   0|    8|          0|
    |p_read_344_reg_6534                  |    8|   0|    8|          0|
    |p_read_345_reg_6539                  |    8|   0|    8|          0|
    |p_read_346_reg_6544                  |    8|   0|    8|          0|
    |p_read_347_reg_6549                  |    8|   0|    8|          0|
    |p_read_348_reg_6554                  |    8|   0|    8|          0|
    |p_read_349_reg_6559                  |    8|   0|    8|          0|
    |p_read_350_reg_6564                  |    8|   0|    8|          0|
    |p_read_351_reg_6569                  |    8|   0|    8|          0|
    |p_read_352_reg_6574                  |    8|   0|    8|          0|
    |p_read_353_reg_6579                  |    8|   0|    8|          0|
    |p_read_354_reg_6584                  |    8|   0|    8|          0|
    |p_read_355_reg_6589                  |    8|   0|    8|          0|
    |p_read_356_reg_6594                  |    8|   0|    8|          0|
    |p_read_357_reg_6599                  |    8|   0|    8|          0|
    |p_read_358_reg_6604                  |    8|   0|    8|          0|
    |p_read_359_reg_6609                  |    8|   0|    8|          0|
    |p_read_360_reg_6614                  |    8|   0|    8|          0|
    |p_read_361_reg_6619                  |    8|   0|    8|          0|
    |p_read_362_reg_6624                  |    8|   0|    8|          0|
    |p_read_363_reg_6629                  |    8|   0|    8|          0|
    |p_read_364_reg_6634                  |    8|   0|    8|          0|
    |p_read_365_reg_6639                  |    8|   0|    8|          0|
    |p_read_366_reg_6644                  |    8|   0|    8|          0|
    |p_read_367_reg_6649                  |    8|   0|    8|          0|
    |p_read_368_reg_6654                  |    8|   0|    8|          0|
    |p_read_368_reg_6654_pp0_iter1_reg    |    8|   0|    8|          0|
    |p_read_369_reg_6659                  |    8|   0|    8|          0|
    |p_read_369_reg_6659_pp0_iter1_reg    |    8|   0|    8|          0|
    |p_read_370_reg_6664                  |    8|   0|    8|          0|
    |p_read_370_reg_6664_pp0_iter1_reg    |    8|   0|    8|          0|
    |p_read_371_reg_6669                  |    8|   0|    8|          0|
    |p_read_371_reg_6669_pp0_iter1_reg    |    8|   0|    8|          0|
    |p_read_372_reg_6674                  |    8|   0|    8|          0|
    |p_read_372_reg_6674_pp0_iter1_reg    |    8|   0|    8|          0|
    |p_read_373_reg_6679                  |    8|   0|    8|          0|
    |p_read_373_reg_6679_pp0_iter1_reg    |    8|   0|    8|          0|
    |p_read_374_reg_6684                  |    8|   0|    8|          0|
    |p_read_374_reg_6684_pp0_iter1_reg    |    8|   0|    8|          0|
    |p_read_375_reg_6689                  |    8|   0|    8|          0|
    |p_read_375_reg_6689_pp0_iter1_reg    |    8|   0|    8|          0|
    |p_read_376_reg_6694                  |    8|   0|    8|          0|
    |p_read_376_reg_6694_pp0_iter1_reg    |    8|   0|    8|          0|
    |p_read_377_reg_6699                  |    8|   0|    8|          0|
    |p_read_377_reg_6699_pp0_iter1_reg    |    8|   0|    8|          0|
    |p_read_378_reg_6704                  |    8|   0|    8|          0|
    |p_read_378_reg_6704_pp0_iter1_reg    |    8|   0|    8|          0|
    |p_read_379_reg_6714                  |    8|   0|    8|          0|
    |p_read_379_reg_6714_pp0_iter1_reg    |    8|   0|    8|          0|
    |p_read_380_reg_6719                  |    8|   0|    8|          0|
    |p_read_380_reg_6719_pp0_iter1_reg    |    8|   0|    8|          0|
    |p_read_381_reg_6724                  |    8|   0|    8|          0|
    |p_read_381_reg_6724_pp0_iter1_reg    |    8|   0|    8|          0|
    |p_read_382_reg_6729                  |    8|   0|    8|          0|
    |p_read_382_reg_6729_pp0_iter1_reg    |    8|   0|    8|          0|
    |p_read_383_reg_6734                  |    8|   0|    8|          0|
    |p_read_383_reg_6734_pp0_iter1_reg    |    8|   0|    8|          0|
    |p_read_384_reg_6739                  |    8|   0|    8|          0|
    |p_read_384_reg_6739_pp0_iter1_reg    |    8|   0|    8|          0|
    |p_read_385_reg_6744                  |    8|   0|    8|          0|
    |p_read_385_reg_6744_pp0_iter1_reg    |    8|   0|    8|          0|
    |p_read_386_reg_6749                  |    8|   0|    8|          0|
    |p_read_386_reg_6749_pp0_iter1_reg    |    8|   0|    8|          0|
    |p_read_387_reg_6754                  |    8|   0|    8|          0|
    |p_read_387_reg_6754_pp0_iter1_reg    |    8|   0|    8|          0|
    |p_read_388_reg_6764                  |    8|   0|    8|          0|
    |p_read_388_reg_6764_pp0_iter1_reg    |    8|   0|    8|          0|
    |p_read_389_reg_6769                  |    8|   0|    8|          0|
    |p_read_389_reg_6769_pp0_iter1_reg    |    8|   0|    8|          0|
    |p_read_390_reg_6774                  |    8|   0|    8|          0|
    |p_read_390_reg_6774_pp0_iter1_reg    |    8|   0|    8|          0|
    |p_read_391_reg_6779                  |    8|   0|    8|          0|
    |p_read_391_reg_6779_pp0_iter1_reg    |    8|   0|    8|          0|
    |p_read_392_reg_6784                  |    8|   0|    8|          0|
    |p_read_392_reg_6784_pp0_iter1_reg    |    8|   0|    8|          0|
    |p_read_393_reg_6789                  |    8|   0|    8|          0|
    |p_read_393_reg_6789_pp0_iter1_reg    |    8|   0|    8|          0|
    |p_read_394_reg_6794                  |    8|   0|    8|          0|
    |p_read_394_reg_6794_pp0_iter1_reg    |    8|   0|    8|          0|
    |p_read_395_reg_6799                  |    8|   0|    8|          0|
    |p_read_395_reg_6799_pp0_iter1_reg    |    8|   0|    8|          0|
    |p_read_396_reg_6804                  |    8|   0|    8|          0|
    |p_read_396_reg_6804_pp0_iter1_reg    |    8|   0|    8|          0|
    |p_read_397_reg_6814                  |    8|   0|    8|          0|
    |p_read_398_reg_6819                  |    8|   0|    8|          0|
    |p_read_399_reg_6824                  |    8|   0|    8|          0|
    |p_read_400_reg_6829                  |    8|   0|    8|          0|
    |p_read_401_reg_6834                  |    8|   0|    8|          0|
    |p_read_402_reg_6839                  |    8|   0|    8|          0|
    |p_read_403_reg_6844                  |    8|   0|    8|          0|
    |p_read_404_reg_6849                  |    8|   0|    8|          0|
    |p_read_405_reg_6854                  |    8|   0|    8|          0|
    |p_read_406_reg_6864                  |    8|   0|    8|          0|
    |p_read_407_reg_6869                  |    8|   0|    8|          0|
    |p_read_408_reg_6874                  |    8|   0|    8|          0|
    |p_read_409_reg_6879                  |    8|   0|    8|          0|
    |p_read_410_reg_6884                  |    8|   0|    8|          0|
    |p_read_411_reg_6889                  |    8|   0|    8|          0|
    |p_read_412_reg_6894                  |    8|   0|    8|          0|
    |p_read_413_reg_6899                  |    8|   0|    8|          0|
    |p_read_414_reg_6904                  |    8|   0|    8|          0|
    |p_read_415_reg_6914                  |    8|   0|    8|          0|
    |p_read_416_reg_6919                  |    8|   0|    8|          0|
    |p_read_417_reg_6924                  |    8|   0|    8|          0|
    |p_read_418_reg_6929                  |    8|   0|    8|          0|
    |p_read_419_reg_6934                  |    8|   0|    8|          0|
    |p_read_420_reg_6939                  |    8|   0|    8|          0|
    |p_read_421_reg_6944                  |    8|   0|    8|          0|
    |p_read_422_reg_6949                  |    8|   0|    8|          0|
    |p_read_423_reg_6954                  |    8|   0|    8|          0|
    |p_read_424_reg_6964                  |    8|   0|    8|          0|
    |p_read_425_reg_6969                  |    8|   0|    8|          0|
    |p_read_int_reg                       |    8|   0|    8|          0|
    |xor_ln130_100_reg_7154               |    8|   0|    8|          0|
    |xor_ln130_101_reg_7159               |    8|   0|    8|          0|
    |xor_ln130_102_reg_7164               |    8|   0|    8|          0|
    |xor_ln130_103_reg_7169               |    8|   0|    8|          0|
    |xor_ln130_104_reg_7174               |    8|   0|    8|          0|
    |xor_ln130_105_reg_7179               |    8|   0|    8|          0|
    |xor_ln130_106_reg_7184               |    8|   0|    8|          0|
    |xor_ln130_107_reg_7189               |    8|   0|    8|          0|
    |xor_ln130_108_reg_7194               |    8|   0|    8|          0|
    |xor_ln130_109_reg_7199               |    8|   0|    8|          0|
    |xor_ln130_110_reg_7204               |    8|   0|    8|          0|
    |xor_ln130_111_reg_7209               |    8|   0|    8|          0|
    |xor_ln130_128_reg_7214               |    8|   0|    8|          0|
    |xor_ln130_129_reg_7219               |    8|   0|    8|          0|
    |xor_ln130_130_reg_7224               |    8|   0|    8|          0|
    |xor_ln130_131_reg_7229               |    8|   0|    8|          0|
    |xor_ln130_132_reg_7234               |    8|   0|    8|          0|
    |xor_ln130_133_reg_7239               |    8|   0|    8|          0|
    |xor_ln130_134_reg_7244               |    8|   0|    8|          0|
    |xor_ln130_135_reg_7249               |    8|   0|    8|          0|
    |xor_ln130_136_reg_7254               |    8|   0|    8|          0|
    |xor_ln130_137_reg_7259               |    8|   0|    8|          0|
    |xor_ln130_138_reg_7264               |    8|   0|    8|          0|
    |xor_ln130_139_reg_7269               |    8|   0|    8|          0|
    |xor_ln130_140_reg_7274               |    8|   0|    8|          0|
    |xor_ln130_141_reg_7279               |    8|   0|    8|          0|
    |xor_ln130_142_reg_7284               |    8|   0|    8|          0|
    |xor_ln130_143_reg_7289               |    8|   0|    8|          0|
    |xor_ln130_160_reg_7294               |    8|   0|    8|          0|
    |xor_ln130_161_reg_7299               |    8|   0|    8|          0|
    |xor_ln130_162_reg_7304               |    8|   0|    8|          0|
    |xor_ln130_163_reg_7309               |    8|   0|    8|          0|
    |xor_ln130_164_reg_7314               |    8|   0|    8|          0|
    |xor_ln130_165_reg_7319               |    8|   0|    8|          0|
    |xor_ln130_166_reg_7324               |    8|   0|    8|          0|
    |xor_ln130_167_reg_7329               |    8|   0|    8|          0|
    |xor_ln130_168_reg_7334               |    8|   0|    8|          0|
    |xor_ln130_169_reg_7339               |    8|   0|    8|          0|
    |xor_ln130_170_reg_7344               |    8|   0|    8|          0|
    |xor_ln130_171_reg_7349               |    8|   0|    8|          0|
    |xor_ln130_172_reg_7354               |    8|   0|    8|          0|
    |xor_ln130_173_reg_7359               |    8|   0|    8|          0|
    |xor_ln130_174_reg_7364               |    8|   0|    8|          0|
    |xor_ln130_175_reg_7369               |    8|   0|    8|          0|
    |xor_ln130_192_reg_7374               |    8|   0|    8|          0|
    |xor_ln130_193_reg_7379               |    8|   0|    8|          0|
    |xor_ln130_194_reg_7384               |    8|   0|    8|          0|
    |xor_ln130_195_reg_7389               |    8|   0|    8|          0|
    |xor_ln130_196_reg_7394               |    8|   0|    8|          0|
    |xor_ln130_197_reg_7399               |    8|   0|    8|          0|
    |xor_ln130_198_reg_7404               |    8|   0|    8|          0|
    |xor_ln130_199_reg_7409               |    8|   0|    8|          0|
    |xor_ln130_200_reg_7414               |    8|   0|    8|          0|
    |xor_ln130_201_reg_7419               |    8|   0|    8|          0|
    |xor_ln130_202_reg_7424               |    8|   0|    8|          0|
    |xor_ln130_203_reg_7429               |    8|   0|    8|          0|
    |xor_ln130_204_reg_7434               |    8|   0|    8|          0|
    |xor_ln130_205_reg_7439               |    8|   0|    8|          0|
    |xor_ln130_206_reg_7444               |    8|   0|    8|          0|
    |xor_ln130_207_reg_7449               |    8|   0|    8|          0|
    |xor_ln130_32_reg_6974                |    8|   0|    8|          0|
    |xor_ln130_33_reg_6979                |    8|   0|    8|          0|
    |xor_ln130_34_reg_6984                |    8|   0|    8|          0|
    |xor_ln130_35_reg_6989                |    8|   0|    8|          0|
    |xor_ln130_36_reg_6994                |    8|   0|    8|          0|
    |xor_ln130_37_reg_6999                |    8|   0|    8|          0|
    |xor_ln130_38_reg_7004                |    8|   0|    8|          0|
    |xor_ln130_39_reg_7009                |    8|   0|    8|          0|
    |xor_ln130_40_reg_7014                |    8|   0|    8|          0|
    |xor_ln130_41_reg_7019                |    8|   0|    8|          0|
    |xor_ln130_42_reg_7024                |    8|   0|    8|          0|
    |xor_ln130_43_reg_7029                |    8|   0|    8|          0|
    |xor_ln130_44_reg_7034                |    8|   0|    8|          0|
    |xor_ln130_45_reg_7039                |    8|   0|    8|          0|
    |xor_ln130_46_reg_7044                |    8|   0|    8|          0|
    |xor_ln130_47_reg_7049                |    8|   0|    8|          0|
    |xor_ln130_64_reg_7054                |    8|   0|    8|          0|
    |xor_ln130_65_reg_7059                |    8|   0|    8|          0|
    |xor_ln130_66_reg_7064                |    8|   0|    8|          0|
    |xor_ln130_67_reg_7069                |    8|   0|    8|          0|
    |xor_ln130_68_reg_7074                |    8|   0|    8|          0|
    |xor_ln130_69_reg_7079                |    8|   0|    8|          0|
    |xor_ln130_70_reg_7084                |    8|   0|    8|          0|
    |xor_ln130_71_reg_7089                |    8|   0|    8|          0|
    |xor_ln130_72_reg_7094                |    8|   0|    8|          0|
    |xor_ln130_73_reg_7099                |    8|   0|    8|          0|
    |xor_ln130_74_reg_7104                |    8|   0|    8|          0|
    |xor_ln130_75_reg_7109                |    8|   0|    8|          0|
    |xor_ln130_76_reg_7114                |    8|   0|    8|          0|
    |xor_ln130_77_reg_7119                |    8|   0|    8|          0|
    |xor_ln130_78_reg_7124                |    8|   0|    8|          0|
    |xor_ln130_79_reg_7129                |    8|   0|    8|          0|
    |xor_ln130_96_reg_7134                |    8|   0|    8|          0|
    |xor_ln130_97_reg_7139                |    8|   0|    8|          0|
    |xor_ln130_98_reg_7144                |    8|   0|    8|          0|
    |xor_ln130_99_reg_7149                |    8|   0|    8|          0|
    |p_read_240_reg_6014                  |   64|  32|    8|          0|
    |p_read_241_reg_6019                  |   64|  32|    8|          0|
    |p_read_242_reg_6024                  |   64|  32|    8|          0|
    |p_read_243_reg_6029                  |   64|  32|    8|          0|
    |p_read_244_reg_6034                  |   64|  32|    8|          0|
    |p_read_245_reg_6039                  |   64|  32|    8|          0|
    |p_read_246_reg_6044                  |   64|  32|    8|          0|
    |p_read_247_reg_6049                  |   64|  32|    8|          0|
    |p_read_248_reg_6054                  |   64|  32|    8|          0|
    |p_read_249_reg_6059                  |   64|  32|    8|          0|
    |p_read_250_reg_6064                  |   64|  32|    8|          0|
    |p_read_251_reg_6069                  |   64|  32|    8|          0|
    |p_read_252_reg_6074                  |   64|  32|    8|          0|
    |p_read_253_reg_6079                  |   64|  32|    8|          0|
    |p_read_254_reg_6084                  |   64|  32|    8|          0|
    |p_read_255_reg_6089                  |   64|  32|    8|          0|
    |p_read_256_reg_6094                  |   64|  32|    8|          0|
    |p_read_257_reg_6099                  |   64|  32|    8|          0|
    |p_read_258_reg_6104                  |   64|  32|    8|          0|
    |p_read_259_reg_6109                  |   64|  32|    8|          0|
    |p_read_260_reg_6114                  |   64|  32|    8|          0|
    |p_read_261_reg_6119                  |   64|  32|    8|          0|
    |p_read_262_reg_6124                  |   64|  32|    8|          0|
    |p_read_263_reg_6129                  |   64|  32|    8|          0|
    |p_read_264_reg_6134                  |   64|  32|    8|          0|
    |p_read_265_reg_6139                  |   64|  32|    8|          0|
    |p_read_266_reg_6144                  |   64|  32|    8|          0|
    |p_read_267_reg_6149                  |   64|  32|    8|          0|
    |p_read_268_reg_6154                  |   64|  32|    8|          0|
    |p_read_269_reg_6159                  |   64|  32|    8|          0|
    |p_read_270_reg_6164                  |   64|  32|    8|          0|
    |p_read_271_reg_6169                  |   64|  32|    8|          0|
    |p_read_272_reg_6174                  |   64|  32|    8|          0|
    |p_read_273_reg_6179                  |   64|  32|    8|          0|
    |p_read_274_reg_6184                  |   64|  32|    8|          0|
    |p_read_275_reg_6189                  |   64|  32|    8|          0|
    |p_read_276_reg_6194                  |   64|  32|    8|          0|
    |p_read_277_reg_6199                  |   64|  32|    8|          0|
    |p_read_278_reg_6204                  |   64|  32|    8|          0|
    |p_read_279_reg_6209                  |   64|  32|    8|          0|
    |p_read_280_reg_6214                  |   64|  32|    8|          0|
    |p_read_281_reg_6219                  |   64|  32|    8|          0|
    |p_read_282_reg_6224                  |   64|  32|    8|          0|
    |p_read_283_reg_6229                  |   64|  32|    8|          0|
    |p_read_284_reg_6234                  |   64|  32|    8|          0|
    |p_read_285_reg_6239                  |   64|  32|    8|          0|
    |p_read_286_reg_6244                  |   64|  32|    8|          0|
    |p_read_287_reg_6249                  |   64|  32|    8|          0|
    |p_read_288_reg_6254                  |   64|  32|    8|          0|
    |p_read_289_reg_6259                  |   64|  32|    8|          0|
    |p_read_290_reg_6264                  |   64|  32|    8|          0|
    |p_read_291_reg_6269                  |   64|  32|    8|          0|
    |p_read_292_reg_6274                  |   64|  32|    8|          0|
    |p_read_293_reg_6279                  |   64|  32|    8|          0|
    |p_read_294_reg_6284                  |   64|  32|    8|          0|
    |p_read_295_reg_6289                  |   64|  32|    8|          0|
    |p_read_296_reg_6294                  |   64|  32|    8|          0|
    |p_read_297_reg_6299                  |   64|  32|    8|          0|
    |p_read_298_reg_6304                  |   64|  32|    8|          0|
    |p_read_299_reg_6309                  |   64|  32|    8|          0|
    |p_read_300_reg_6314                  |   64|  32|    8|          0|
    |p_read_301_reg_6319                  |   64|  32|    8|          0|
    |p_read_302_reg_6324                  |   64|  32|    8|          0|
    |p_read_303_reg_6329                  |   64|  32|    8|          0|
    |p_read_304_reg_6334                  |   64|  32|    8|          0|
    |p_read_305_reg_6339                  |   64|  32|    8|          0|
    |p_read_306_reg_6344                  |   64|  32|    8|          0|
    |p_read_307_reg_6349                  |   64|  32|    8|          0|
    |p_read_308_reg_6354                  |   64|  32|    8|          0|
    |p_read_309_reg_6359                  |   64|  32|    8|          0|
    |p_read_310_reg_6364                  |   64|  32|    8|          0|
    |p_read_311_reg_6369                  |   64|  32|    8|          0|
    |p_read_312_reg_6374                  |   64|  32|    8|          0|
    |p_read_313_reg_6379                  |   64|  32|    8|          0|
    |p_read_314_reg_6384                  |   64|  32|    8|          0|
    |p_read_315_reg_6389                  |   64|  32|    8|          0|
    |p_read_316_reg_6394                  |   64|  32|    8|          0|
    |p_read_317_reg_6399                  |   64|  32|    8|          0|
    |p_read_318_reg_6404                  |   64|  32|    8|          0|
    |p_read_319_reg_6409                  |   64|  32|    8|          0|
    |p_read_320_reg_6414                  |   64|  32|    8|          0|
    |p_read_321_reg_6419                  |   64|  32|    8|          0|
    |p_read_322_reg_6424                  |   64|  32|    8|          0|
    |p_read_323_reg_6429                  |   64|  32|    8|          0|
    |p_read_324_reg_6434                  |   64|  32|    8|          0|
    |p_read_325_reg_6439                  |   64|  32|    8|          0|
    |p_read_326_reg_6444                  |   64|  32|    8|          0|
    |p_read_327_reg_6449                  |   64|  32|    8|          0|
    |p_read_328_reg_6454                  |   64|  32|    8|          0|
    |p_read_329_reg_6459                  |   64|  32|    8|          0|
    |p_read_330_reg_6464                  |   64|  32|    8|          0|
    |p_read_331_reg_6469                  |   64|  32|    8|          0|
    |p_read_332_reg_6474                  |   64|  32|    8|          0|
    |p_read_333_reg_6479                  |   64|  32|    8|          0|
    |p_read_334_reg_6484                  |   64|  32|    8|          0|
    |p_read_335_reg_6489                  |   64|  32|    8|          0|
    |p_read_336_reg_6494                  |   64|  32|    8|          0|
    |p_read_337_reg_6499                  |   64|  32|    8|          0|
    |p_read_338_reg_6504                  |   64|  32|    8|          0|
    |p_read_339_reg_6509                  |   64|  32|    8|          0|
    |p_read_340_reg_6514                  |   64|  32|    8|          0|
    |p_read_341_reg_6519                  |   64|  32|    8|          0|
    |p_read_342_reg_6524                  |   64|  32|    8|          0|
    |p_read_343_reg_6529                  |   64|  32|    8|          0|
    |p_read_344_reg_6534                  |   64|  32|    8|          0|
    |p_read_345_reg_6539                  |   64|  32|    8|          0|
    |p_read_346_reg_6544                  |   64|  32|    8|          0|
    |p_read_347_reg_6549                  |   64|  32|    8|          0|
    |p_read_348_reg_6554                  |   64|  32|    8|          0|
    |p_read_349_reg_6559                  |   64|  32|    8|          0|
    |p_read_350_reg_6564                  |   64|  32|    8|          0|
    |p_read_351_reg_6569                  |   64|  32|    8|          0|
    |p_read_352_reg_6574                  |   64|  32|    8|          0|
    |p_read_353_reg_6579                  |   64|  32|    8|          0|
    |p_read_354_reg_6584                  |   64|  32|    8|          0|
    |p_read_355_reg_6589                  |   64|  32|    8|          0|
    |p_read_356_reg_6594                  |   64|  32|    8|          0|
    |p_read_357_reg_6599                  |   64|  32|    8|          0|
    |p_read_358_reg_6604                  |   64|  32|    8|          0|
    |p_read_359_reg_6609                  |   64|  32|    8|          0|
    |p_read_360_reg_6614                  |   64|  32|    8|          0|
    |p_read_361_reg_6619                  |   64|  32|    8|          0|
    |p_read_362_reg_6624                  |   64|  32|    8|          0|
    |p_read_363_reg_6629                  |   64|  32|    8|          0|
    |p_read_364_reg_6634                  |   64|  32|    8|          0|
    |p_read_365_reg_6639                  |   64|  32|    8|          0|
    |p_read_366_reg_6644                  |   64|  32|    8|          0|
    |p_read_367_reg_6649                  |   64|  32|    8|          0|
    +-------------------------------------+-----+----+-----+-----------+
    |Total                                |12929|4096| 5761|          0|
    +-------------------------------------+-----+----+-----+-----------+



================================================================
== Interface
================================================================
* Summary: 
+--------------+-----+-----+------------+----------------------+--------------+
|   RTL Ports  | Dir | Bits|  Protocol  |     Source Object    |    C Type    |
+--------------+-----+-----+------------+----------------------+--------------+
|ap_clk        |   in|    1|  ap_ctrl_hs|  cipher_encrypt_block|  return value|
|ap_rst        |   in|    1|  ap_ctrl_hs|  cipher_encrypt_block|  return value|
|ap_return_0   |  out|    8|  ap_ctrl_hs|  cipher_encrypt_block|  return value|
|ap_return_1   |  out|    8|  ap_ctrl_hs|  cipher_encrypt_block|  return value|
|ap_return_2   |  out|    8|  ap_ctrl_hs|  cipher_encrypt_block|  return value|
|ap_return_3   |  out|    8|  ap_ctrl_hs|  cipher_encrypt_block|  return value|
|ap_return_4   |  out|    8|  ap_ctrl_hs|  cipher_encrypt_block|  return value|
|ap_return_5   |  out|    8|  ap_ctrl_hs|  cipher_encrypt_block|  return value|
|ap_return_6   |  out|    8|  ap_ctrl_hs|  cipher_encrypt_block|  return value|
|ap_return_7   |  out|    8|  ap_ctrl_hs|  cipher_encrypt_block|  return value|
|ap_return_8   |  out|    8|  ap_ctrl_hs|  cipher_encrypt_block|  return value|
|ap_return_9   |  out|    8|  ap_ctrl_hs|  cipher_encrypt_block|  return value|
|ap_return_10  |  out|    8|  ap_ctrl_hs|  cipher_encrypt_block|  return value|
|ap_return_11  |  out|    8|  ap_ctrl_hs|  cipher_encrypt_block|  return value|
|ap_return_12  |  out|    8|  ap_ctrl_hs|  cipher_encrypt_block|  return value|
|ap_return_13  |  out|    8|  ap_ctrl_hs|  cipher_encrypt_block|  return value|
|ap_return_14  |  out|    8|  ap_ctrl_hs|  cipher_encrypt_block|  return value|
|ap_return_15  |  out|    8|  ap_ctrl_hs|  cipher_encrypt_block|  return value|
|ap_ce         |   in|    1|  ap_ctrl_hs|  cipher_encrypt_block|  return value|
|p_read        |   in|    8|     ap_none|                p_read|        scalar|
|p_read1       |   in|    8|     ap_none|               p_read1|        scalar|
|p_read2       |   in|    8|     ap_none|               p_read2|        scalar|
|p_read3       |   in|    8|     ap_none|               p_read3|        scalar|
|p_read4       |   in|    8|     ap_none|               p_read4|        scalar|
|p_read5       |   in|    8|     ap_none|               p_read5|        scalar|
|p_read6       |   in|    8|     ap_none|               p_read6|        scalar|
|p_read7       |   in|    8|     ap_none|               p_read7|        scalar|
|p_read8       |   in|    8|     ap_none|               p_read8|        scalar|
|p_read9       |   in|    8|     ap_none|               p_read9|        scalar|
|p_read10      |   in|    8|     ap_none|              p_read10|        scalar|
|p_read11      |   in|    8|     ap_none|              p_read11|        scalar|
|p_read12      |   in|    8|     ap_none|              p_read12|        scalar|
|p_read13      |   in|    8|     ap_none|              p_read13|        scalar|
|p_read14      |   in|    8|     ap_none|              p_read14|        scalar|
|p_read15      |   in|    8|     ap_none|              p_read15|        scalar|
|p_read16      |   in|    8|     ap_none|              p_read16|        scalar|
|p_read117     |   in|    8|     ap_none|             p_read117|        scalar|
|p_read218     |   in|    8|     ap_none|             p_read218|        scalar|
|p_read319     |   in|    8|     ap_none|             p_read319|        scalar|
|p_read420     |   in|    8|     ap_none|             p_read420|        scalar|
|p_read521     |   in|    8|     ap_none|             p_read521|        scalar|
|p_read622     |   in|    8|     ap_none|             p_read622|        scalar|
|p_read723     |   in|    8|     ap_none|             p_read723|        scalar|
|p_read824     |   in|    8|     ap_none|             p_read824|        scalar|
|p_read925     |   in|    8|     ap_none|             p_read925|        scalar|
|p_read1026    |   in|    8|     ap_none|            p_read1026|        scalar|
|p_read1127    |   in|    8|     ap_none|            p_read1127|        scalar|
|p_read1228    |   in|    8|     ap_none|            p_read1228|        scalar|
|p_read1329    |   in|    8|     ap_none|            p_read1329|        scalar|
|p_read1430    |   in|    8|     ap_none|            p_read1430|        scalar|
|p_read1531    |   in|    8|     ap_none|            p_read1531|        scalar|
|p_read1632    |   in|    8|     ap_none|            p_read1632|        scalar|
|p_read17      |   in|    8|     ap_none|              p_read17|        scalar|
|p_read18      |   in|    8|     ap_none|              p_read18|        scalar|
|p_read19      |   in|    8|     ap_none|              p_read19|        scalar|
|p_read20      |   in|    8|     ap_none|              p_read20|        scalar|
|p_read21      |   in|    8|     ap_none|              p_read21|        scalar|
|p_read22      |   in|    8|     ap_none|              p_read22|        scalar|
|p_read23      |   in|    8|     ap_none|              p_read23|        scalar|
|p_read24      |   in|    8|     ap_none|              p_read24|        scalar|
|p_read25      |   in|    8|     ap_none|              p_read25|        scalar|
|p_read26      |   in|    8|     ap_none|              p_read26|        scalar|
|p_read27      |   in|    8|     ap_none|              p_read27|        scalar|
|p_read28      |   in|    8|     ap_none|              p_read28|        scalar|
|p_read29      |   in|    8|     ap_none|              p_read29|        scalar|
|p_read30      |   in|    8|     ap_none|              p_read30|        scalar|
|p_read31      |   in|    8|     ap_none|              p_read31|        scalar|
|p_read32      |   in|    8|     ap_none|              p_read32|        scalar|
|p_read33      |   in|    8|     ap_none|              p_read33|        scalar|
|p_read34      |   in|    8|     ap_none|              p_read34|        scalar|
|p_read35      |   in|    8|     ap_none|              p_read35|        scalar|
|p_read36      |   in|    8|     ap_none|              p_read36|        scalar|
|p_read37      |   in|    8|     ap_none|              p_read37|        scalar|
|p_read38      |   in|    8|     ap_none|              p_read38|        scalar|
|p_read39      |   in|    8|     ap_none|              p_read39|        scalar|
|p_read40      |   in|    8|     ap_none|              p_read40|        scalar|
|p_read41      |   in|    8|     ap_none|              p_read41|        scalar|
|p_read42      |   in|    8|     ap_none|              p_read42|        scalar|
|p_read43      |   in|    8|     ap_none|              p_read43|        scalar|
|p_read44      |   in|    8|     ap_none|              p_read44|        scalar|
|p_read45      |   in|    8|     ap_none|              p_read45|        scalar|
|p_read46      |   in|    8|     ap_none|              p_read46|        scalar|
|p_read47      |   in|    8|     ap_none|              p_read47|        scalar|
|p_read48      |   in|    8|     ap_none|              p_read48|        scalar|
|p_read49      |   in|    8|     ap_none|              p_read49|        scalar|
|p_read50      |   in|    8|     ap_none|              p_read50|        scalar|
|p_read51      |   in|    8|     ap_none|              p_read51|        scalar|
|p_read52      |   in|    8|     ap_none|              p_read52|        scalar|
|p_read53      |   in|    8|     ap_none|              p_read53|        scalar|
|p_read54      |   in|    8|     ap_none|              p_read54|        scalar|
|p_read55      |   in|    8|     ap_none|              p_read55|        scalar|
|p_read56      |   in|    8|     ap_none|              p_read56|        scalar|
|p_read57      |   in|    8|     ap_none|              p_read57|        scalar|
|p_read58      |   in|    8|     ap_none|              p_read58|        scalar|
|p_read59      |   in|    8|     ap_none|              p_read59|        scalar|
|p_read60      |   in|    8|     ap_none|              p_read60|        scalar|
|p_read61      |   in|    8|     ap_none|              p_read61|        scalar|
|p_read62      |   in|    8|     ap_none|              p_read62|        scalar|
|p_read63      |   in|    8|     ap_none|              p_read63|        scalar|
|p_read64      |   in|    8|     ap_none|              p_read64|        scalar|
|p_read65      |   in|    8|     ap_none|              p_read65|        scalar|
|p_read66      |   in|    8|     ap_none|              p_read66|        scalar|
|p_read67      |   in|    8|     ap_none|              p_read67|        scalar|
|p_read68      |   in|    8|     ap_none|              p_read68|        scalar|
|p_read69      |   in|    8|     ap_none|              p_read69|        scalar|
|p_read70      |   in|    8|     ap_none|              p_read70|        scalar|
|p_read71      |   in|    8|     ap_none|              p_read71|        scalar|
|p_read72      |   in|    8|     ap_none|              p_read72|        scalar|
|p_read73      |   in|    8|     ap_none|              p_read73|        scalar|
|p_read74      |   in|    8|     ap_none|              p_read74|        scalar|
|p_read75      |   in|    8|     ap_none|              p_read75|        scalar|
|p_read76      |   in|    8|     ap_none|              p_read76|        scalar|
|p_read77      |   in|    8|     ap_none|              p_read77|        scalar|
|p_read78      |   in|    8|     ap_none|              p_read78|        scalar|
|p_read79      |   in|    8|     ap_none|              p_read79|        scalar|
|p_read80      |   in|    8|     ap_none|              p_read80|        scalar|
|p_read81      |   in|    8|     ap_none|              p_read81|        scalar|
|p_read82      |   in|    8|     ap_none|              p_read82|        scalar|
|p_read83      |   in|    8|     ap_none|              p_read83|        scalar|
|p_read84      |   in|    8|     ap_none|              p_read84|        scalar|
|p_read85      |   in|    8|     ap_none|              p_read85|        scalar|
|p_read86      |   in|    8|     ap_none|              p_read86|        scalar|
|p_read87      |   in|    8|     ap_none|              p_read87|        scalar|
|p_read88      |   in|    8|     ap_none|              p_read88|        scalar|
|p_read89      |   in|    8|     ap_none|              p_read89|        scalar|
|p_read90      |   in|    8|     ap_none|              p_read90|        scalar|
|p_read91      |   in|    8|     ap_none|              p_read91|        scalar|
|p_read92      |   in|    8|     ap_none|              p_read92|        scalar|
|p_read93      |   in|    8|     ap_none|              p_read93|        scalar|
|p_read94      |   in|    8|     ap_none|              p_read94|        scalar|
|p_read95      |   in|    8|     ap_none|              p_read95|        scalar|
|p_read96      |   in|    8|     ap_none|              p_read96|        scalar|
|p_read97      |   in|    8|     ap_none|              p_read97|        scalar|
|p_read98      |   in|    8|     ap_none|              p_read98|        scalar|
|p_read99      |   in|    8|     ap_none|              p_read99|        scalar|
|p_read100     |   in|    8|     ap_none|             p_read100|        scalar|
|p_read101     |   in|    8|     ap_none|             p_read101|        scalar|
|p_read102     |   in|    8|     ap_none|             p_read102|        scalar|
|p_read103     |   in|    8|     ap_none|             p_read103|        scalar|
|p_read104     |   in|    8|     ap_none|             p_read104|        scalar|
|p_read105     |   in|    8|     ap_none|             p_read105|        scalar|
|p_read106     |   in|    8|     ap_none|             p_read106|        scalar|
|p_read107     |   in|    8|     ap_none|             p_read107|        scalar|
|p_read108     |   in|    8|     ap_none|             p_read108|        scalar|
|p_read109     |   in|    8|     ap_none|             p_read109|        scalar|
|p_read110     |   in|    8|     ap_none|             p_read110|        scalar|
|p_read111     |   in|    8|     ap_none|             p_read111|        scalar|
|p_read112     |   in|    8|     ap_none|             p_read112|        scalar|
|p_read113     |   in|    8|     ap_none|             p_read113|        scalar|
|p_read114     |   in|    8|     ap_none|             p_read114|        scalar|
|p_read115     |   in|    8|     ap_none|             p_read115|        scalar|
|p_read116     |   in|    8|     ap_none|             p_read116|        scalar|
|p_read11733   |   in|    8|     ap_none|           p_read11733|        scalar|
|p_read118     |   in|    8|     ap_none|             p_read118|        scalar|
|p_read119     |   in|    8|     ap_none|             p_read119|        scalar|
|p_read120     |   in|    8|     ap_none|             p_read120|        scalar|
|p_read121     |   in|    8|     ap_none|             p_read121|        scalar|
|p_read122     |   in|    8|     ap_none|             p_read122|        scalar|
|p_read123     |   in|    8|     ap_none|             p_read123|        scalar|
|p_read124     |   in|    8|     ap_none|             p_read124|        scalar|
|p_read125     |   in|    8|     ap_none|             p_read125|        scalar|
|p_read126     |   in|    8|     ap_none|             p_read126|        scalar|
|p_read127     |   in|    8|     ap_none|             p_read127|        scalar|
|p_read128     |   in|    8|     ap_none|             p_read128|        scalar|
|p_read129     |   in|    8|     ap_none|             p_read129|        scalar|
|p_read130     |   in|    8|     ap_none|             p_read130|        scalar|
|p_read131     |   in|    8|     ap_none|             p_read131|        scalar|
|p_read132     |   in|    8|     ap_none|             p_read132|        scalar|
|p_read133     |   in|    8|     ap_none|             p_read133|        scalar|
|p_read134     |   in|    8|     ap_none|             p_read134|        scalar|
|p_read135     |   in|    8|     ap_none|             p_read135|        scalar|
|p_read136     |   in|    8|     ap_none|             p_read136|        scalar|
|p_read137     |   in|    8|     ap_none|             p_read137|        scalar|
|p_read138     |   in|    8|     ap_none|             p_read138|        scalar|
|p_read139     |   in|    8|     ap_none|             p_read139|        scalar|
|p_read140     |   in|    8|     ap_none|             p_read140|        scalar|
|p_read141     |   in|    8|     ap_none|             p_read141|        scalar|
|p_read142     |   in|    8|     ap_none|             p_read142|        scalar|
|p_read143     |   in|    8|     ap_none|             p_read143|        scalar|
|p_read144     |   in|    8|     ap_none|             p_read144|        scalar|
|p_read145     |   in|    8|     ap_none|             p_read145|        scalar|
|p_read146     |   in|    8|     ap_none|             p_read146|        scalar|
|p_read147     |   in|    8|     ap_none|             p_read147|        scalar|
|p_read148     |   in|    8|     ap_none|             p_read148|        scalar|
|p_read149     |   in|    8|     ap_none|             p_read149|        scalar|
|p_read150     |   in|    8|     ap_none|             p_read150|        scalar|
|p_read151     |   in|    8|     ap_none|             p_read151|        scalar|
|p_read152     |   in|    8|     ap_none|             p_read152|        scalar|
|p_read153     |   in|    8|     ap_none|             p_read153|        scalar|
|p_read154     |   in|    8|     ap_none|             p_read154|        scalar|
|p_read155     |   in|    8|     ap_none|             p_read155|        scalar|
|p_read156     |   in|    8|     ap_none|             p_read156|        scalar|
|p_read157     |   in|    8|     ap_none|             p_read157|        scalar|
|p_read158     |   in|    8|     ap_none|             p_read158|        scalar|
|p_read159     |   in|    8|     ap_none|             p_read159|        scalar|
|p_read160     |   in|    8|     ap_none|             p_read160|        scalar|
|p_read161     |   in|    8|     ap_none|             p_read161|        scalar|
|p_read162     |   in|    8|     ap_none|             p_read162|        scalar|
|p_read163     |   in|    8|     ap_none|             p_read163|        scalar|
|p_read164     |   in|    8|     ap_none|             p_read164|        scalar|
|p_read165     |   in|    8|     ap_none|             p_read165|        scalar|
|p_read166     |   in|    8|     ap_none|             p_read166|        scalar|
|p_read167     |   in|    8|     ap_none|             p_read167|        scalar|
|p_read168     |   in|    8|     ap_none|             p_read168|        scalar|
|p_read169     |   in|    8|     ap_none|             p_read169|        scalar|
|p_read170     |   in|    8|     ap_none|             p_read170|        scalar|
|p_read171     |   in|    8|     ap_none|             p_read171|        scalar|
|p_read172     |   in|    8|     ap_none|             p_read172|        scalar|
|p_read173     |   in|    8|     ap_none|             p_read173|        scalar|
|p_read174     |   in|    8|     ap_none|             p_read174|        scalar|
|p_read175     |   in|    8|     ap_none|             p_read175|        scalar|
|p_read176     |   in|    8|     ap_none|             p_read176|        scalar|
|p_read177     |   in|    8|     ap_none|             p_read177|        scalar|
|p_read178     |   in|    8|     ap_none|             p_read178|        scalar|
|p_read179     |   in|    8|     ap_none|             p_read179|        scalar|
|p_read180     |   in|    8|     ap_none|             p_read180|        scalar|
|p_read181     |   in|    8|     ap_none|             p_read181|        scalar|
|p_read182     |   in|    8|     ap_none|             p_read182|        scalar|
|p_read183     |   in|    8|     ap_none|             p_read183|        scalar|
|p_read184     |   in|    8|     ap_none|             p_read184|        scalar|
|p_read185     |   in|    8|     ap_none|             p_read185|        scalar|
|p_read186     |   in|    8|     ap_none|             p_read186|        scalar|
|p_read187     |   in|    8|     ap_none|             p_read187|        scalar|
|p_read188     |   in|    8|     ap_none|             p_read188|        scalar|
|p_read189     |   in|    8|     ap_none|             p_read189|        scalar|
|p_read190     |   in|    8|     ap_none|             p_read190|        scalar|
|p_read191     |   in|    8|     ap_none|             p_read191|        scalar|
|p_read192     |   in|    8|     ap_none|             p_read192|        scalar|
|p_read193     |   in|    8|     ap_none|             p_read193|        scalar|
|p_read194     |   in|    8|     ap_none|             p_read194|        scalar|
|p_read195     |   in|    8|     ap_none|             p_read195|        scalar|
|p_read196     |   in|    8|     ap_none|             p_read196|        scalar|
|p_read197     |   in|    8|     ap_none|             p_read197|        scalar|
|p_read198     |   in|    8|     ap_none|             p_read198|        scalar|
|p_read199     |   in|    8|     ap_none|             p_read199|        scalar|
|p_read200     |   in|    8|     ap_none|             p_read200|        scalar|
|p_read201     |   in|    8|     ap_none|             p_read201|        scalar|
|p_read202     |   in|    8|     ap_none|             p_read202|        scalar|
|p_read203     |   in|    8|     ap_none|             p_read203|        scalar|
|p_read204     |   in|    8|     ap_none|             p_read204|        scalar|
|p_read205     |   in|    8|     ap_none|             p_read205|        scalar|
|p_read206     |   in|    8|     ap_none|             p_read206|        scalar|
|p_read207     |   in|    8|     ap_none|             p_read207|        scalar|
|p_read208     |   in|    8|     ap_none|             p_read208|        scalar|
|p_read209     |   in|    8|     ap_none|             p_read209|        scalar|
|p_read210     |   in|    8|     ap_none|             p_read210|        scalar|
|p_read211     |   in|    8|     ap_none|             p_read211|        scalar|
|p_read212     |   in|    8|     ap_none|             p_read212|        scalar|
|p_read213     |   in|    8|     ap_none|             p_read213|        scalar|
|p_read214     |   in|    8|     ap_none|             p_read214|        scalar|
|p_read215     |   in|    8|     ap_none|             p_read215|        scalar|
|p_read216     |   in|    8|     ap_none|             p_read216|        scalar|
|p_read217     |   in|    8|     ap_none|             p_read217|        scalar|
|p_read21834   |   in|    8|     ap_none|           p_read21834|        scalar|
|p_read219     |   in|    8|     ap_none|             p_read219|        scalar|
|p_read220     |   in|    8|     ap_none|             p_read220|        scalar|
|p_read221     |   in|    8|     ap_none|             p_read221|        scalar|
|p_read222     |   in|    8|     ap_none|             p_read222|        scalar|
|p_read223     |   in|    8|     ap_none|             p_read223|        scalar|
|p_read224     |   in|    8|     ap_none|             p_read224|        scalar|
|p_read225     |   in|    8|     ap_none|             p_read225|        scalar|
|p_read226     |   in|    8|     ap_none|             p_read226|        scalar|
|p_read227     |   in|    8|     ap_none|             p_read227|        scalar|
|p_read228     |   in|    8|     ap_none|             p_read228|        scalar|
|p_read229     |   in|    8|     ap_none|             p_read229|        scalar|
|p_read230     |   in|    8|     ap_none|             p_read230|        scalar|
|p_read231     |   in|    8|     ap_none|             p_read231|        scalar|
|p_read232     |   in|    8|     ap_none|             p_read232|        scalar|
|p_read233     |   in|    8|     ap_none|             p_read233|        scalar|
|p_read234     |   in|    8|     ap_none|             p_read234|        scalar|
|p_read235     |   in|    8|     ap_none|             p_read235|        scalar|
|p_read236     |   in|    8|     ap_none|             p_read236|        scalar|
|p_read237     |   in|    8|     ap_none|             p_read237|        scalar|
|p_read238     |   in|    8|     ap_none|             p_read238|        scalar|
|p_read239     |   in|    8|     ap_none|             p_read239|        scalar|
+--------------+-----+-----+------------+----------------------+--------------+

