

================================================================
== Synthesis Summary Report of 'aes_encrypt'
================================================================
+ General Information: 
    * Date:           Tue Aug 11 14:22:28 2026
    * Version:        2025.2 (Build 6295257 on Nov 14 2025)
    * Project:        key_expanded
    * Solution:       hls (Vitis Kernel Flow Target)
    * Product family: zynquplus
    * Target device:  xck26-sfvc784-2LV-c
    

* Performance & Resource Estimates: 
+-------------------------------+------+---------------+----------+-------------+----------+----------+-------------+-----------+------+---------+----+-------------+--------------+-----+
|            Modules            | Issue|               | Iteration|             |   Trip   |          |         Latency         |      |         |    |             |              |     |
|            & Loops            | Type | Violation Type|  Latency |   Interval  |   Count  | Pipelined|   (cycles)  |    (ns)   | Slack|  BRAM   | DSP|      FF     |      LUT     | URAM|
+-------------------------------+------+---------------+----------+-------------+----------+----------+-------------+-----------+------+---------+----+-------------+--------------+-----+
|+ aes_encrypt                  |     -|              -|         -|  50801410731|         -|        no|  50801410730|  5.080e+11|  0.00|  15 (5%)|   -|  25165 (10%)|  104817 (89%)|    -|
| + aes_encrypt_Pipeline_1      |     -|              -|         -|            -|         -|       yes|           34|    340.000|  6.08|        -|   -|    265 (~0%)|     417 (~0%)|    -|
|  o Loop 1                     |     -|              -|         1|            1|        32|       yes|           32|    320.000|  7.30|        -|   -|            -|             -|    -|
| o VITIS_LOOP_171_2            |     -|              -|         8|            -|        14|        no|          112|  1.120e+03|  7.30|        -|   -|            -|             -|    -|
|  + get_round_key              |     -|              -|         -|            -|         -|       yes|            6|     60.000|  1.04|        -|   -|   1808 (~0%)|     6215 (5%)|    -|
|   o key_expansion             |     -|              -|         1|            1|         4|       yes|            4|     40.000|  7.30|        -|   -|            -|             -|    -|
|    + sbox                     |     -|              -|         -|            1|         -|       yes|            0|      0.000|  6.11|        -|   -|            -|     112 (~0%)|    -|
|    + sbox                     |     -|              -|         -|            1|         -|       yes|            0|      0.000|  6.11|        -|   -|            -|     112 (~0%)|    -|
|    + sbox                     |     -|              -|         -|            1|         -|       yes|            0|      0.000|  6.11|        -|   -|            -|     112 (~0%)|    -|
|    + sbox                     |     -|              -|         -|            1|         -|       yes|            0|      0.000|  6.11|        -|   -|            -|     112 (~0%)|    -|
|    + sbox                     |     -|              -|         -|            1|         -|       yes|            0|      0.000|  6.11|        -|   -|            -|     112 (~0%)|    -|
| o aes_encrypt_loop            |     -|              -|       757|            -|  67108864|        no|  50801410507|  5.080e+11|  7.30|        -|   -|            -|             -|    -|
|  + aes_encrypt_Pipeline_2     |     -|              -|         -|            -|         -|       yes|           18|    180.000|  6.08|        -|   -|    264 (~0%)|     239 (~0%)|    -|
|   o Loop 1                    |     -|              -|         1|            1|        16|       yes|           16|    160.000|  7.30|        -|   -|            -|             -|    -|
|  + cipher_encrypt_block       |     -|              -|         -|            1|         -|       yes|            6|     60.000|  0.62|        -|   -|   12929 (5%)|   82288 (70%)|    -|
|   + shift_rows_and_sub_bytes  |     -|              -|         -|            1|         -|       yes|            0|      0.000|  6.11|        -|   -|            -|     1792 (1%)|    -|
|    + sbox                     |     -|              -|         -|            1|         -|       yes|            0|      0.000|  6.11|        -|   -|            -|     112 (~0%)|    -|
|    + sbox                     |     -|              -|         -|            1|         -|       yes|            0|      0.000|  6.11|        -|   -|            -|     112 (~0%)|    -|
|    + sbox                     |     -|              -|         -|            1|         -|       yes|            0|      0.000|  6.11|        -|   -|            -|     112 (~0%)|    -|
|    + sbox                     |     -|              -|         -|            1|         -|       yes|            0|      0.000|  6.11|        -|   -|            -|     112 (~0%)|    -|
|    + sbox                     |     -|              -|         -|            1|         -|       yes|            0|      0.000|  6.11|        -|   -|            -|     112 (~0%)|    -|
|    + sbox                     |     -|              -|         -|            1|         -|       yes|            0|      0.000|  6.11|        -|   -|            -|     112 (~0%)|    -|
|    + sbox                     |     -|              -|         -|            1|         -|       yes|            0|      0.000|  6.11|        -|   -|            -|     112 (~0%)|    -|
|    + sbox                     |     -|              -|         -|            1|         -|       yes|            0|      0.000|  6.11|        -|   -|            -|     112 (~0%)|    -|
|    + sbox                     |     -|              -|         -|            1|         -|       yes|            0|      0.000|  6.11|        -|   -|            -|     112 (~0%)|    -|
|    + sbox                     |     -|              -|         -|            1|         -|       yes|            0|      0.000|  6.11|        -|   -|            -|     112 (~0%)|    -|
|    + sbox                     |     -|              -|         -|            1|         -|       yes|            0|      0.000|  6.11|        -|   -|            -|     112 (~0%)|    -|
|    + sbox                     |     -|              -|         -|            1|         -|       yes|            0|      0.000|  6.11|        -|   -|            -|     112 (~0%)|    -|
|    + sbox                     |     -|              -|         -|            1|         -|       yes|            0|      0.000|  6.11|        -|   -|            -|     112 (~0%)|    -|
|    + sbox                     |     -|              -|         -|            1|         -|       yes|            0|      0.000|  6.11|        -|   -|            -|     112 (~0%)|    -|
|    + sbox                     |     -|              -|         -|            1|         -|       yes|            0|      0.000|  6.11|        -|   -|            -|     112 (~0%)|    -|
|    + sbox                     |     -|              -|         -|            1|         -|       yes|            0|      0.000|  6.11|        -|   -|            -|     112 (~0%)|    -|
|   + shift_rows_and_sub_bytes  |     -|              -|         -|            1|         -|       yes|            0|      0.000|  6.11|        -|   -|            -|     1792 (1%)|    -|
|    + sbox                     |     -|              -|         -|            1|         -|       yes|            0|      0.000|  6.11|        -|   -|            -|     112 (~0%)|    -|
|    + sbox                     |     -|              -|         -|            1|         -|       yes|            0|      0.000|  6.11|        -|   -|            -|     112 (~0%)|    -|
|    + sbox                     |     -|              -|         -|            1|         -|       yes|            0|      0.000|  6.11|        -|   -|            -|     112 (~0%)|    -|
|    + sbox                     |     -|              -|         -|            1|         -|       yes|            0|      0.000|  6.11|        -|   -|            -|     112 (~0%)|    -|
|    + sbox                     |     -|              -|         -|            1|         -|       yes|            0|      0.000|  6.11|        -|   -|            -|     112 (~0%)|    -|
|    + sbox                     |     -|              -|         -|            1|         -|       yes|            0|      0.000|  6.11|        -|   -|            -|     112 (~0%)|    -|
|    + sbox                     |     -|              -|         -|            1|         -|       yes|            0|      0.000|  6.11|        -|   -|            -|     112 (~0%)|    -|
|    + sbox                     |     -|              -|         -|            1|         -|       yes|            0|      0.000|  6.11|        -|   -|            -|     112 (~0%)|    -|
|    + sbox                     |     -|              -|         -|            1|         -|       yes|            0|      0.000|  6.11|        -|   -|            -|     112 (~0%)|    -|
|    + sbox                     |     -|              -|         -|            1|         -|       yes|            0|      0.000|  6.11|        -|   -|            -|     112 (~0%)|    -|
|    + sbox                     |     -|              -|         -|            1|         -|       yes|            0|      0.000|  6.11|        -|   -|            -|     112 (~0%)|    -|
|    + sbox                     |     -|              -|         -|            1|         -|       yes|            0|      0.000|  6.11|        -|   -|            -|     112 (~0%)|    -|
|    + sbox                     |     -|              -|         -|            1|         -|       yes|            0|      0.000|  6.11|        -|   -|            -|     112 (~0%)|    -|
|    + sbox                     |     -|              -|         -|            1|         -|       yes|            0|      0.000|  6.11|        -|   -|            -|     112 (~0%)|    -|
|    + sbox                     |     -|              -|         -|            1|         -|       yes|            0|      0.000|  6.11|        -|   -|            -|     112 (~0%)|    -|
|    + sbox                     |     -|              -|         -|            1|         -|       yes|            0|      0.000|  6.11|        -|   -|            -|     112 (~0%)|    -|
|   + shift_rows_and_sub_bytes  |     -|              -|         -|            1|         -|       yes|            0|      0.000|  6.11|        -|   -|            -|     1792 (1%)|    -|
|    + sbox                     |     -|              -|         -|            1|         -|       yes|            0|      0.000|  6.11|        -|   -|            -|     112 (~0%)|    -|
|    + sbox                     |     -|              -|         -|            1|         -|       yes|            0|      0.000|  6.11|        -|   -|            -|     112 (~0%)|    -|
|    + sbox                     |     -|              -|         -|            1|         -|       yes|            0|      0.000|  6.11|        -|   -|            -|     112 (~0%)|    -|
|    + sbox                     |     -|              -|         -|            1|         -|       yes|            0|      0.000|  6.11|        -|   -|            -|     112 (~0%)|    -|
|    + sbox                     |     -|              -|         -|            1|         -|       yes|            0|      0.000|  6.11|        -|   -|            -|     112 (~0%)|    -|
|    + sbox                     |     -|              -|         -|            1|         -|       yes|            0|      0.000|  6.11|        -|   -|            -|     112 (~0%)|    -|
|    + sbox                     |     -|              -|         -|            1|         -|       yes|            0|      0.000|  6.11|        -|   -|            -|     112 (~0%)|    -|
|    + sbox                     |     -|              -|         -|            1|         -|       yes|            0|      0.000|  6.11|        -|   -|            -|     112 (~0%)|    -|
|    + sbox                     |     -|              -|         -|            1|         -|       yes|            0|      0.000|  6.11|        -|   -|            -|     112 (~0%)|    -|
|    + sbox                     |     -|              -|         -|            1|         -|       yes|            0|      0.000|  6.11|        -|   -|            -|     112 (~0%)|    -|
|    + sbox                     |     -|              -|         -|            1|         -|       yes|            0|      0.000|  6.11|        -|   -|            -|     112 (~0%)|    -|
|    + sbox                     |     -|              -|         -|            1|         -|       yes|            0|      0.000|  6.11|        -|   -|            -|     112 (~0%)|    -|
|    + sbox                     |     -|              -|         -|            1|         -|       yes|            0|      0.000|  6.11|        -|   -|            -|     112 (~0%)|    -|
|    + sbox                     |     -|              -|         -|            1|         -|       yes|            0|      0.000|  6.11|        -|   -|            -|     112 (~0%)|    -|
|    + sbox                     |     -|              -|         -|            1|         -|       yes|            0|      0.000|  6.11|        -|   -|            -|     112 (~0%)|    -|
|    + sbox                     |     -|              -|         -|            1|         -|       yes|            0|      0.000|  6.11|        -|   -|            -|     112 (~0%)|    -|
|   + shift_rows_and_sub_bytes  |     -|              -|         -|            1|         -|       yes|            0|      0.000|  6.11|        -|   -|            -|     1792 (1%)|    -|
|    + sbox                     |     -|              -|         -|            1|         -|       yes|            0|      0.000|  6.11|        -|   -|            -|     112 (~0%)|    -|
|    + sbox                     |     -|              -|         -|            1|         -|       yes|            0|      0.000|  6.11|        -|   -|            -|     112 (~0%)|    -|
|    + sbox                     |     -|              -|         -|            1|         -|       yes|            0|      0.000|  6.11|        -|   -|            -|     112 (~0%)|    -|
|    + sbox                     |     -|              -|         -|            1|         -|       yes|            0|      0.000|  6.11|        -|   -|            -|     112 (~0%)|    -|
|    + sbox                     |     -|              -|         -|            1|         -|       yes|            0|      0.000|  6.11|        -|   -|            -|     112 (~0%)|    -|
|    + sbox                     |     -|              -|         -|            1|         -|       yes|            0|      0.000|  6.11|        -|   -|            -|     112 (~0%)|    -|
|    + sbox                     |     -|              -|         -|            1|         -|       yes|            0|      0.000|  6.11|        -|   -|            -|     112 (~0%)|    -|
|    + sbox                     |     -|              -|         -|            1|         -|       yes|            0|      0.000|  6.11|        -|   -|            -|     112 (~0%)|    -|
|    + sbox                     |     -|              -|         -|            1|         -|       yes|            0|      0.000|  6.11|        -|   -|            -|     112 (~0%)|    -|
|    + sbox                     |     -|              -|         -|            1|         -|       yes|            0|      0.000|  6.11|        -|   -|            -|     112 (~0%)|    -|
|    + sbox                     |     -|              -|         -|            1|         -|       yes|            0|      0.000|  6.11|        -|   -|            -|     112 (~0%)|    -|
|    + sbox                     |     -|              -|         -|            1|         -|       yes|            0|      0.000|  6.11|        -|   -|            -|     112 (~0%)|    -|
|    + sbox                     |     -|              -|         -|            1|         -|       yes|            0|      0.000|  6.11|        -|   -|            -|     112 (~0%)|    -|
|    + sbox                     |     -|              -|         -|            1|         -|       yes|            0|      0.000|  6.11|        -|   -|            -|     112 (~0%)|    -|
|    + sbox                     |     -|              -|         -|            1|         -|       yes|            0|      0.000|  6.11|        -|   -|            -|     112 (~0%)|    -|
|    + sbox                     |     -|              -|         -|            1|         -|       yes|            0|      0.000|  6.11|        -|   -|            -|     112 (~0%)|    -|
|   + shift_rows_and_sub_bytes  |     -|              -|         -|            1|         -|       yes|            0|      0.000|  6.11|        -|   -|            -|     1792 (1%)|    -|
|    + sbox                     |     -|              -|         -|            1|         -|       yes|            0|      0.000|  6.11|        -|   -|            -|     112 (~0%)|    -|
|    + sbox                     |     -|              -|         -|            1|         -|       yes|            0|      0.000|  6.11|        -|   -|            -|     112 (~0%)|    -|
|    + sbox                     |     -|              -|         -|            1|         -|       yes|            0|      0.000|  6.11|        -|   -|            -|     112 (~0%)|    -|
|    + sbox                     |     -|              -|         -|            1|         -|       yes|            0|      0.000|  6.11|        -|   -|            -|     112 (~0%)|    -|
|    + sbox                     |     -|              -|         -|            1|         -|       yes|            0|      0.000|  6.11|        -|   -|            -|     112 (~0%)|    -|
|    + sbox                     |     -|              -|         -|            1|         -|       yes|            0|      0.000|  6.11|        -|   -|            -|     112 (~0%)|    -|
|    + sbox                     |     -|              -|         -|            1|         -|       yes|            0|      0.000|  6.11|        -|   -|            -|     112 (~0%)|    -|
|    + sbox                     |     -|              -|         -|            1|         -|       yes|            0|      0.000|  6.11|        -|   -|            -|     112 (~0%)|    -|
|    + sbox                     |     -|              -|         -|            1|         -|       yes|            0|      0.000|  6.11|        -|   -|            -|     112 (~0%)|    -|
|    + sbox                     |     -|              -|         -|            1|         -|       yes|            0|      0.000|  6.11|        -|   -|            -|     112 (~0%)|    -|
|    + sbox                     |     -|              -|         -|            1|         -|       yes|            0|      0.000|  6.11|        -|   -|            -|     112 (~0%)|    -|
|    + sbox                     |     -|              -|         -|            1|         -|       yes|            0|      0.000|  6.11|        -|   -|            -|     112 (~0%)|    -|
|    + sbox                     |     -|              -|         -|            1|         -|       yes|            0|      0.000|  6.11|        -|   -|            -|     112 (~0%)|    -|
|    + sbox                     |     -|              -|         -|            1|         -|       yes|            0|      0.000|  6.11|        -|   -|            -|     112 (~0%)|    -|
|    + sbox                     |     -|              -|         -|            1|         -|       yes|            0|      0.000|  6.11|        -|   -|            -|     112 (~0%)|    -|
|    + sbox                     |     -|              -|         -|            1|         -|       yes|            0|      0.000|  6.11|        -|   -|            -|     112 (~0%)|    -|
|   + shift_rows_and_sub_bytes  |     -|              -|         -|            1|         -|       yes|            0|      0.000|  6.11|        -|   -|            -|     1792 (1%)|    -|
|    + sbox                     |     -|              -|         -|            1|         -|       yes|            0|      0.000|  6.11|        -|   -|            -|     112 (~0%)|    -|
|    + sbox                     |     -|              -|         -|            1|         -|       yes|            0|      0.000|  6.11|        -|   -|            -|     112 (~0%)|    -|
|    + sbox                     |     -|              -|         -|            1|         -|       yes|            0|      0.000|  6.11|        -|   -|            -|     112 (~0%)|    -|
|    + sbox                     |     -|              -|         -|            1|         -|       yes|            0|      0.000|  6.11|        -|   -|            -|     112 (~0%)|    -|
|    + sbox                     |     -|              -|         -|            1|         -|       yes|            0|      0.000|  6.11|        -|   -|            -|     112 (~0%)|    -|
|    + sbox                     |     -|              -|         -|            1|         -|       yes|            0|      0.000|  6.11|        -|   -|            -|     112 (~0%)|    -|
|    + sbox                     |     -|              -|         -|            1|         -|       yes|            0|      0.000|  6.11|        -|   -|            -|     112 (~0%)|    -|
|    + sbox                     |     -|              -|         -|            1|         -|       yes|            0|      0.000|  6.11|        -|   -|            -|     112 (~0%)|    -|
|    + sbox                     |     -|              -|         -|            1|         -|       yes|            0|      0.000|  6.11|        -|   -|            -|     112 (~0%)|    -|
|    + sbox                     |     -|              -|         -|            1|         -|       yes|            0|      0.000|  6.11|        -|   -|            -|     112 (~0%)|    -|
|    + sbox                     |     -|              -|         -|            1|         -|       yes|            0|      0.000|  6.11|        -|   -|            -|     112 (~0%)|    -|
|    + sbox                     |     -|              -|         -|            1|         -|       yes|            0|      0.000|  6.11|        -|   -|            -|     112 (~0%)|    -|
|    + sbox                     |     -|              -|         -|            1|         -|       yes|            0|      0.000|  6.11|        -|   -|            -|     112 (~0%)|    -|
|    + sbox                     |     -|              -|         -|            1|         -|       yes|            0|      0.000|  6.11|        -|   -|            -|     112 (~0%)|    -|
|    + sbox                     |     -|              -|         -|            1|         -|       yes|            0|      0.000|  6.11|        -|   -|            -|     112 (~0%)|    -|
|    + sbox                     |     -|              -|         -|            1|         -|       yes|            0|      0.000|  6.11|        -|   -|            -|     112 (~0%)|    -|
|   + shift_rows_and_sub_bytes  |     -|              -|         -|            1|         -|       yes|            0|      0.000|  6.11|        -|   -|            -|     1792 (1%)|    -|
|    + sbox                     |     -|              -|         -|            1|         -|       yes|            0|      0.000|  6.11|        -|   -|            -|     112 (~0%)|    -|
|    + sbox                     |     -|              -|         -|            1|         -|       yes|            0|      0.000|  6.11|        -|   -|            -|     112 (~0%)|    -|
|    + sbox                     |     -|              -|         -|            1|         -|       yes|            0|      0.000|  6.11|        -|   -|            -|     112 (~0%)|    -|
|    + sbox                     |     -|              -|         -|            1|         -|       yes|            0|      0.000|  6.11|        -|   -|            -|     112 (~0%)|    -|
|    + sbox                     |     -|              -|         -|            1|         -|       yes|            0|      0.000|  6.11|        -|   -|            -|     112 (~0%)|    -|
|    + sbox                     |     -|              -|         -|            1|         -|       yes|            0|      0.000|  6.11|        -|   -|            -|     112 (~0%)|    -|
|    + sbox                     |     -|              -|         -|            1|         -|       yes|            0|      0.000|  6.11|        -|   -|            -|     112 (~0%)|    -|
|    + sbox                     |     -|              -|         -|            1|         -|       yes|            0|      0.000|  6.11|        -|   -|            -|     112 (~0%)|    -|
|    + sbox                     |     -|              -|         -|            1|         -|       yes|            0|      0.000|  6.11|        -|   -|            -|     112 (~0%)|    -|
|    + sbox                     |     -|              -|         -|            1|         -|       yes|            0|      0.000|  6.11|        -|   -|            -|     112 (~0%)|    -|
|    + sbox                     |     -|              -|         -|            1|         -|       yes|            0|      0.000|  6.11|        -|   -|            -|     112 (~0%)|    -|
|    + sbox                     |     -|              -|         -|            1|         -|       yes|            0|      0.000|  6.11|        -|   -|            -|     112 (~0%)|    -|
|    + sbox                     |     -|              -|         -|            1|         -|       yes|            0|      0.000|  6.11|        -|   -|            -|     112 (~0%)|    -|
|    + sbox                     |     -|              -|         -|            1|         -|       yes|            0|      0.000|  6.11|        -|   -|            -|     112 (~0%)|    -|
|    + sbox                     |     -|              -|         -|            1|         -|       yes|            0|      0.000|  6.11|        -|   -|            -|     112 (~0%)|    -|
|    + sbox                     |     -|              -|         -|            1|         -|       yes|            0|      0.000|  6.11|        -|   -|            -|     112 (~0%)|    -|
|   + shift_rows_and_sub_bytes  |     -|              -|         -|            1|         -|       yes|            0|      0.000|  6.11|        -|   -|            -|     1792 (1%)|    -|
|    + sbox                     |     -|              -|         -|            1|         -|       yes|            0|      0.000|  6.11|        -|   -|            -|     112 (~0%)|    -|
|    + sbox                     |     -|              -|         -|            1|         -|       yes|            0|      0.000|  6.11|        -|   -|            -|     112 (~0%)|    -|
|    + sbox                     |     -|              -|         -|            1|         -|       yes|            0|      0.000|  6.11|        -|   -|            -|     112 (~0%)|    -|
|    + sbox                     |     -|              -|         -|            1|         -|       yes|            0|      0.000|  6.11|        -|   -|            -|     112 (~0%)|    -|
|    + sbox                     |     -|              -|         -|            1|         -|       yes|            0|      0.000|  6.11|        -|   -|            -|     112 (~0%)|    -|
|    + sbox                     |     -|              -|         -|            1|         -|       yes|            0|      0.000|  6.11|        -|   -|            -|     112 (~0%)|    -|
|    + sbox                     |     -|              -|         -|            1|         -|       yes|            0|      0.000|  6.11|        -|   -|            -|     112 (~0%)|    -|
|    + sbox                     |     -|              -|         -|            1|         -|       yes|            0|      0.000|  6.11|        -|   -|            -|     112 (~0%)|    -|
|    + sbox                     |     -|              -|         -|            1|         -|       yes|            0|      0.000|  6.11|        -|   -|            -|     112 (~0%)|    -|
|    + sbox                     |     -|              -|         -|            1|         -|       yes|            0|      0.000|  6.11|        -|   -|            -|     112 (~0%)|    -|
|    + sbox                     |     -|              -|         -|            1|         -|       yes|            0|      0.000|  6.11|        -|   -|            -|     112 (~0%)|    -|
|    + sbox                     |     -|              -|         -|            1|         -|       yes|            0|      0.000|  6.11|        -|   -|            -|     112 (~0%)|    -|
|    + sbox                     |     -|              -|         -|            1|         -|       yes|            0|      0.000|  6.11|        -|   -|            -|     112 (~0%)|    -|
|    + sbox                     |     -|              -|         -|            1|         -|       yes|            0|      0.000|  6.11|        -|   -|            -|     112 (~0%)|    -|
|    + sbox                     |     -|              -|         -|            1|         -|       yes|            0|      0.000|  6.11|        -|   -|            -|     112 (~0%)|    -|
|    + sbox                     |     -|              -|         -|            1|         -|       yes|            0|      0.000|  6.11|        -|   -|            -|     112 (~0%)|    -|
|   + shift_rows_and_sub_bytes  |     -|              -|         -|            1|         -|       yes|            0|      0.000|  6.11|        -|   -|            -|     1792 (1%)|    -|
|    + sbox                     |     -|              -|         -|            1|         -|       yes|            0|      0.000|  6.11|        -|   -|            -|     112 (~0%)|    -|
|    + sbox                     |     -|              -|         -|            1|         -|       yes|            0|      0.000|  6.11|        -|   -|            -|     112 (~0%)|    -|
|    + sbox                     |     -|              -|         -|            1|         -|       yes|            0|      0.000|  6.11|        -|   -|            -|     112 (~0%)|    -|
|    + sbox                     |     -|              -|         -|            1|         -|       yes|            0|      0.000|  6.11|        -|   -|            -|     112 (~0%)|    -|
|    + sbox                     |     -|              -|         -|            1|         -|       yes|            0|      0.000|  6.11|        -|   -|            -|     112 (~0%)|    -|
|    + sbox                     |     -|              -|         -|            1|         -|       yes|            0|      0.000|  6.11|        -|   -|            -|     112 (~0%)|    -|
|    + sbox                     |     -|              -|         -|            1|         -|       yes|            0|      0.000|  6.11|        -|   -|            -|     112 (~0%)|    -|
|    + sbox                     |     -|              -|         -|            1|         -|       yes|            0|      0.000|  6.11|        -|   -|            -|     112 (~0%)|    -|
|    + sbox                     |     -|              -|         -|            1|         -|       yes|            0|      0.000|  6.11|        -|   -|            -|     112 (~0%)|    -|
|    + sbox                     |     -|              -|         -|            1|         -|       yes|            0|      0.000|  6.11|        -|   -|            -|     112 (~0%)|    -|
|    + sbox                     |     -|              -|         -|            1|         -|       yes|            0|      0.000|  6.11|        -|   -|            -|     112 (~0%)|    -|
|    + sbox                     |     -|              -|         -|            1|         -|       yes|            0|      0.000|  6.11|        -|   -|            -|     112 (~0%)|    -|
|    + sbox                     |     -|              -|         -|            1|         -|       yes|            0|      0.000|  6.11|        -|   -|            -|     112 (~0%)|    -|
|    + sbox                     |     -|              -|         -|            1|         -|       yes|            0|      0.000|  6.11|        -|   -|            -|     112 (~0%)|    -|
|    + sbox                     |     -|              -|         -|            1|         -|       yes|            0|      0.000|  6.11|        -|   -|            -|     112 (~0%)|    -|
|    + sbox                     |     -|              -|         -|            1|         -|       yes|            0|      0.000|  6.11|        -|   -|            -|     112 (~0%)|    -|
|   + shift_rows_and_sub_bytes  |     -|              -|         -|            1|         -|       yes|            0|      0.000|  6.11|        -|   -|            -|     1792 (1%)|    -|
|    + sbox                     |     -|              -|         -|            1|         -|       yes|            0|      0.000|  6.11|        -|   -|            -|     112 (~0%)|    -|
|    + sbox                     |     -|              -|         -|            1|         -|       yes|            0|      0.000|  6.11|        -|   -|            -|     112 (~0%)|    -|
|    + sbox                     |     -|              -|         -|            1|         -|       yes|            0|      0.000|  6.11|        -|   -|            -|     112 (~0%)|    -|
|    + sbox                     |     -|              -|         -|            1|         -|       yes|            0|      0.000|  6.11|        -|   -|            -|     112 (~0%)|    -|
|    + sbox                     |     -|              -|         -|            1|         -|       yes|            0|      0.000|  6.11|        -|   -|            -|     112 (~0%)|    -|
|    + sbox                     |     -|              -|         -|            1|         -|       yes|            0|      0.000|  6.11|        -|   -|            -|     112 (~0%)|    -|
|    + sbox                     |     -|              -|         -|            1|         -|       yes|            0|      0.000|  6.11|        -|   -|            -|     112 (~0%)|    -|
|    + sbox                     |     -|              -|         -|            1|         -|       yes|            0|      0.000|  6.11|        -|   -|            -|     112 (~0%)|    -|
|    + sbox                     |     -|              -|         -|            1|         -|       yes|            0|      0.000|  6.11|        -|   -|            -|     112 (~0%)|    -|
|    + sbox                     |     -|              -|         -|            1|         -|       yes|            0|      0.000|  6.11|        -|   -|            -|     112 (~0%)|    -|
|    + sbox                     |     -|              -|         -|            1|         -|       yes|            0|      0.000|  6.11|        -|   -|            -|     112 (~0%)|    -|
|    + sbox                     |     -|              -|         -|            1|         -|       yes|            0|      0.000|  6.11|        -|   -|            -|     112 (~0%)|    -|
|    + sbox                     |     -|              -|         -|            1|         -|       yes|            0|      0.000|  6.11|        -|   -|            -|     112 (~0%)|    -|
|    + sbox                     |     -|              -|         -|            1|         -|       yes|            0|      0.000|  6.11|        -|   -|            -|     112 (~0%)|    -|
|    + sbox                     |     -|              -|         -|            1|         -|       yes|            0|      0.000|  6.11|        -|   -|            -|     112 (~0%)|    -|
|    + sbox                     |     -|              -|         -|            1|         -|       yes|            0|      0.000|  6.11|        -|   -|            -|     112 (~0%)|    -|
|   + shift_rows_and_sub_bytes  |     -|              -|         -|            1|         -|       yes|            0|      0.000|  6.11|        -|   -|            -|     1792 (1%)|    -|
|    + sbox                     |     -|              -|         -|            1|         -|       yes|            0|      0.000|  6.11|        -|   -|            -|     112 (~0%)|    -|
|    + sbox                     |     -|              -|         -|            1|         -|       yes|            0|      0.000|  6.11|        -|   -|            -|     112 (~0%)|    -|
|    + sbox                     |     -|              -|         -|            1|         -|       yes|            0|      0.000|  6.11|        -|   -|            -|     112 (~0%)|    -|
|    + sbox                     |     -|              -|         -|            1|         -|       yes|            0|      0.000|  6.11|        -|   -|            -|     112 (~0%)|    -|
|    + sbox                     |     -|              -|         -|            1|         -|       yes|            0|      0.000|  6.11|        -|   -|            -|     112 (~0%)|    -|
|    + sbox                     |     -|              -|         -|            1|         -|       yes|            0|      0.000|  6.11|        -|   -|            -|     112 (~0%)|    -|
|    + sbox                     |     -|              -|         -|            1|         -|       yes|            0|      0.000|  6.11|        -|   -|            -|     112 (~0%)|    -|
|    + sbox                     |     -|              -|         -|            1|         -|       yes|            0|      0.000|  6.11|        -|   -|            -|     112 (~0%)|    -|
|    + sbox                     |     -|              -|         -|            1|         -|       yes|            0|      0.000|  6.11|        -|   -|            -|     112 (~0%)|    -|
|    + sbox                     |     -|              -|         -|            1|         -|       yes|            0|      0.000|  6.11|        -|   -|            -|     112 (~0%)|    -|
|    + sbox                     |     -|              -|         -|            1|         -|       yes|            0|      0.000|  6.11|        -|   -|            -|     112 (~0%)|    -|
|    + sbox                     |     -|              -|         -|            1|         -|       yes|            0|      0.000|  6.11|        -|   -|            -|     112 (~0%)|    -|
|    + sbox                     |     -|              -|         -|            1|         -|       yes|            0|      0.000|  6.11|        -|   -|            -|     112 (~0%)|    -|
|    + sbox                     |     -|              -|         -|            1|         -|       yes|            0|      0.000|  6.11|        -|   -|            -|     112 (~0%)|    -|
|    + sbox                     |     -|              -|         -|            1|         -|       yes|            0|      0.000|  6.11|        -|   -|            -|     112 (~0%)|    -|
|    + sbox                     |     -|              -|         -|            1|         -|       yes|            0|      0.000|  6.11|        -|   -|            -|     112 (~0%)|    -|
|   + shift_rows_and_sub_bytes  |     -|              -|         -|            1|         -|       yes|            0|      0.000|  6.11|        -|   -|            -|     1792 (1%)|    -|
|    + sbox                     |     -|              -|         -|            1|         -|       yes|            0|      0.000|  6.11|        -|   -|            -|     112 (~0%)|    -|
|    + sbox                     |     -|              -|         -|            1|         -|       yes|            0|      0.000|  6.11|        -|   -|            -|     112 (~0%)|    -|
|    + sbox                     |     -|              -|         -|            1|         -|       yes|            0|      0.000|  6.11|        -|   -|            -|     112 (~0%)|    -|
|    + sbox                     |     -|              -|         -|            1|         -|       yes|            0|      0.000|  6.11|        -|   -|            -|     112 (~0%)|    -|
|    + sbox                     |     -|              -|         -|            1|         -|       yes|            0|      0.000|  6.11|        -|   -|            -|     112 (~0%)|    -|
|    + sbox                     |     -|              -|         -|            1|         -|       yes|            0|      0.000|  6.11|        -|   -|            -|     112 (~0%)|    -|
|    + sbox                     |     -|              -|         -|            1|         -|       yes|            0|      0.000|  6.11|        -|   -|            -|     112 (~0%)|    -|
|    + sbox                     |     -|              -|         -|            1|         -|       yes|            0|      0.000|  6.11|        -|   -|            -|     112 (~0%)|    -|
|    + sbox                     |     -|              -|         -|            1|         -|       yes|            0|      0.000|  6.11|        -|   -|            -|     112 (~0%)|    -|
|    + sbox                     |     -|              -|         -|            1|         -|       yes|            0|      0.000|  6.11|        -|   -|            -|     112 (~0%)|    -|
|    + sbox                     |     -|              -|         -|            1|         -|       yes|            0|      0.000|  6.11|        -|   -|            -|     112 (~0%)|    -|
|    + sbox                     |     -|              -|         -|            1|         -|       yes|            0|      0.000|  6.11|        -|   -|            -|     112 (~0%)|    -|
|    + sbox                     |     -|              -|         -|            1|         -|       yes|            0|      0.000|  6.11|        -|   -|            -|     112 (~0%)|    -|
|    + sbox                     |     -|              -|         -|            1|         -|       yes|            0|      0.000|  6.11|        -|   -|            -|     112 (~0%)|    -|
|    + sbox                     |     -|              -|         -|            1|         -|       yes|            0|      0.000|  6.11|        -|   -|            -|     112 (~0%)|    -|
|    + sbox                     |     -|              -|         -|            1|         -|       yes|            0|      0.000|  6.11|        -|   -|            -|     112 (~0%)|    -|
|   + shift_rows_and_sub_bytes  |     -|              -|         -|            1|         -|       yes|            0|      0.000|  6.11|        -|   -|            -|     1792 (1%)|    -|
|    + sbox                     |     -|              -|         -|            1|         -|       yes|            0|      0.000|  6.11|        -|   -|            -|     112 (~0%)|    -|
|    + sbox                     |     -|              -|         -|            1|         -|       yes|            0|      0.000|  6.11|        -|   -|            -|     112 (~0%)|    -|
|    + sbox                     |     -|              -|         -|            1|         -|       yes|            0|      0.000|  6.11|        -|   -|            -|     112 (~0%)|    -|
|    + sbox                     |     -|              -|         -|            1|         -|       yes|            0|      0.000|  6.11|        -|   -|            -|     112 (~0%)|    -|
|    + sbox                     |     -|              -|         -|            1|         -|       yes|            0|      0.000|  6.11|        -|   -|            -|     112 (~0%)|    -|
|    + sbox                     |     -|              -|         -|            1|         -|       yes|            0|      0.000|  6.11|        -|   -|            -|     112 (~0%)|    -|
|    + sbox                     |     -|              -|         -|            1|         -|       yes|            0|      0.000|  6.11|        -|   -|            -|     112 (~0%)|    -|
|    + sbox                     |     -|              -|         -|            1|         -|       yes|            0|      0.000|  6.11|        -|   -|            -|     112 (~0%)|    -|
|    + sbox                     |     -|              -|         -|            1|         -|       yes|            0|      0.000|  6.11|        -|   -|            -|     112 (~0%)|    -|
|    + sbox                     |     -|              -|         -|            1|         -|       yes|            0|      0.000|  6.11|        -|   -|            -|     112 (~0%)|    -|
|    + sbox                     |     -|              -|         -|            1|         -|       yes|            0|      0.000|  6.11|        -|   -|            -|     112 (~0%)|    -|
|    + sbox                     |     -|              -|         -|            1|         -|       yes|            0|      0.000|  6.11|        -|   -|            -|     112 (~0%)|    -|
|    + sbox                     |     -|              -|         -|            1|         -|       yes|            0|      0.000|  6.11|        -|   -|            -|     112 (~0%)|    -|
|    + sbox                     |     -|              -|         -|            1|         -|       yes|            0|      0.000|  6.11|        -|   -|            -|     112 (~0%)|    -|
|    + sbox                     |     -|              -|         -|            1|         -|       yes|            0|      0.000|  6.11|        -|   -|            -|     112 (~0%)|    -|
|    + sbox                     |     -|              -|         -|            1|         -|       yes|            0|      0.000|  6.11|        -|   -|            -|     112 (~0%)|    -|
|   + shift_rows_and_sub_bytes  |     -|              -|         -|            1|         -|       yes|            0|      0.000|  6.11|        -|   -|            -|     1792 (1%)|    -|
|    + sbox                     |     -|              -|         -|            1|         -|       yes|            0|      0.000|  6.11|        -|   -|            -|     112 (~0%)|    -|
|    + sbox                     |     -|              -|         -|            1|         -|       yes|            0|      0.000|  6.11|        -|   -|            -|     112 (~0%)|    -|
|    + sbox                     |     -|              -|         -|            1|         -|       yes|            0|      0.000|  6.11|        -|   -|            -|     112 (~0%)|    -|
|    + sbox                     |     -|              -|         -|            1|         -|       yes|            0|      0.000|  6.11|        -|   -|            -|     112 (~0%)|    -|
|    + sbox                     |     -|              -|         -|            1|         -|       yes|            0|      0.000|  6.11|        -|   -|            -|     112 (~0%)|    -|
|    + sbox                     |     -|              -|         -|            1|         -|       yes|            0|      0.000|  6.11|        -|   -|            -|     112 (~0%)|    -|
|    + sbox                     |     -|              -|         -|            1|         -|       yes|            0|      0.000|  6.11|        -|   -|            -|     112 (~0%)|    -|
|    + sbox                     |     -|              -|         -|            1|         -|       yes|            0|      0.000|  6.11|        -|   -|            -|     112 (~0%)|    -|
|    + sbox                     |     -|              -|         -|            1|         -|       yes|            0|      0.000|  6.11|        -|   -|            -|     112 (~0%)|    -|
|    + sbox                     |     -|              -|         -|            1|         -|       yes|            0|      0.000|  6.11|        -|   -|            -|     112 (~0%)|    -|
|    + sbox                     |     -|              -|         -|            1|         -|       yes|            0|      0.000|  6.11|        -|   -|            -|     112 (~0%)|    -|
|    + sbox                     |     -|              -|         -|            1|         -|       yes|            0|      0.000|  6.11|        -|   -|            -|     112 (~0%)|    -|
|    + sbox                     |     -|              -|         -|            1|         -|       yes|            0|      0.000|  6.11|        -|   -|            -|     112 (~0%)|    -|
|    + sbox                     |     -|              -|         -|            1|         -|       yes|            0|      0.000|  6.11|        -|   -|            -|     112 (~0%)|    -|
|    + sbox                     |     -|              -|         -|            1|         -|       yes|            0|      0.000|  6.11|        -|   -|            -|     112 (~0%)|    -|
|    + sbox                     |     -|              -|         -|            1|         -|       yes|            0|      0.000|  6.11|        -|   -|            -|     112 (~0%)|    -|
|   + mix_columns               |     -|              -|         -|            1|         -|       yes|            0|      0.000|  5.65|        -|   -|            -|     3920 (3%)|    -|
|    + galois2                  |     -|              -|         -|            1|         -|       yes|            0|      0.000|  6.11|        -|   -|            -|      98 (~0%)|    -|
|    + galois2                  |     -|              -|         -|            1|         -|       yes|            0|      0.000|  6.11|        -|   -|            -|      98 (~0%)|    -|
|    + galois2                  |     -|              -|         -|            1|         -|       yes|            0|      0.000|  6.11|        -|   -|            -|      98 (~0%)|    -|
|    + galois2                  |     -|              -|         -|            1|         -|       yes|            0|      0.000|  6.11|        -|   -|            -|      98 (~0%)|    -|
|    + galois2                  |     -|              -|         -|            1|         -|       yes|            0|      0.000|  6.11|        -|   -|            -|      98 (~0%)|    -|
|    + galois2                  |     -|              -|         -|            1|         -|       yes|            0|      0.000|  6.11|        -|   -|            -|      98 (~0%)|    -|
|    + galois2                  |     -|              -|         -|            1|         -|       yes|            0|      0.000|  6.11|        -|   -|            -|      98 (~0%)|    -|
|    + galois2                  |     -|              -|         -|            1|         -|       yes|            0|      0.000|  6.11|        -|   -|            -|      98 (~0%)|    -|
|    + galois2                  |     -|              -|         -|            1|         -|       yes|            0|      0.000|  6.11|        -|   -|            -|      98 (~0%)|    -|
|    + galois2                  |     -|              -|         -|            1|         -|       yes|            0|      0.000|  6.11|        -|   -|            -|      98 (~0%)|    -|
|    + galois2                  |     -|              -|         -|            1|         -|       yes|            0|      0.000|  6.11|        -|   -|            -|      98 (~0%)|    -|
|    + galois2                  |     -|              -|         -|            1|         -|       yes|            0|      0.000|  6.11|        -|   -|            -|      98 (~0%)|    -|
|    + galois2                  |     -|              -|         -|            1|         -|       yes|            0|      0.000|  6.11|        -|   -|            -|      98 (~0%)|    -|
|    + galois2                  |     -|              -|         -|            1|         -|       yes|            0|      0.000|  6.11|        -|   -|            -|      98 (~0%)|    -|
|    + galois2                  |     -|              -|         -|            1|         -|       yes|            0|      0.000|  6.11|        -|   -|            -|      98 (~0%)|    -|
|    + galois2                  |     -|              -|         -|            1|         -|       yes|            0|      0.000|  6.11|        -|   -|            -|      98 (~0%)|    -|
|    + galois3                  |     -|              -|         -|            1|         -|       yes|            0|      0.000|  5.99|        -|   -|            -|     123 (~0%)|    -|
|    + galois3                  |     -|              -|         -|            1|         -|       yes|            0|      0.000|  5.99|        -|   -|            -|     123 (~0%)|    -|
|    + galois3                  |     -|              -|         -|            1|         -|       yes|            0|      0.000|  5.99|        -|   -|            -|     123 (~0%)|    -|
|    + galois3                  |     -|              -|         -|            1|         -|       yes|            0|      0.000|  5.99|        -|   -|            -|     123 (~0%)|    -|
|    + galois3                  |     -|              -|         -|            1|         -|       yes|            0|      0.000|  5.99|        -|   -|            -|     123 (~0%)|    -|
|    + galois3                  |     -|              -|         -|            1|         -|       yes|            0|      0.000|  5.99|        -|   -|            -|     123 (~0%)|    -|
|    + galois3                  |     -|              -|         -|            1|         -|       yes|            0|      0.000|  5.99|        -|   -|            -|     123 (~0%)|    -|
|    + galois3                  |     -|              -|         -|            1|         -|       yes|            0|      0.000|  5.99|        -|   -|            -|     123 (~0%)|    -|
|    + galois3                  |     -|              -|         -|            1|         -|       yes|            0|      0.000|  5.99|        -|   -|            -|     123 (~0%)|    -|
|    + galois3                  |     -|              -|         -|            1|         -|       yes|            0|      0.000|  5.99|        -|   -|            -|     123 (~0%)|    -|
|    + galois3                  |     -|              -|         -|            1|         -|       yes|            0|      0.000|  5.99|        -|   -|            -|     123 (~0%)|    -|
|    + galois3                  |     -|              -|         -|            1|         -|       yes|            0|      0.000|  5.99|        -|   -|            -|     123 (~0%)|    -|
|    + galois3                  |     -|              -|         -|            1|         -|       yes|            0|      0.000|  5.99|        -|   -|            -|     123 (~0%)|    -|
|    + galois3                  |     -|              -|         -|            1|         -|       yes|            0|      0.000|  5.99|        -|   -|            -|     123 (~0%)|    -|
|    + galois3                  |     -|              -|         -|            1|         -|       yes|            0|      0.000|  5.99|        -|   -|            -|     123 (~0%)|    -|
|    + galois3                  |     -|              -|         -|            1|         -|       yes|            0|      0.000|  5.99|        -|   -|            -|     123 (~0%)|    -|
|   + mix_columns               |     -|              -|         -|            1|         -|       yes|            0|      0.000|  5.65|        -|   -|            -|     3920 (3%)|    -|
|    + galois2                  |     -|              -|         -|            1|         -|       yes|            0|      0.000|  6.11|        -|   -|            -|      98 (~0%)|    -|
|    + galois2                  |     -|              -|         -|            1|         -|       yes|            0|      0.000|  6.11|        -|   -|            -|      98 (~0%)|    -|
|    + galois2                  |     -|              -|         -|            1|         -|       yes|            0|      0.000|  6.11|        -|   -|            -|      98 (~0%)|    -|
|    + galois2                  |     -|              -|         -|            1|         -|       yes|            0|      0.000|  6.11|        -|   -|            -|      98 (~0%)|    -|
|    + galois2                  |     -|              -|         -|            1|         -|       yes|            0|      0.000|  6.11|        -|   -|            -|      98 (~0%)|    -|
|    + galois2                  |     -|              -|         -|            1|         -|       yes|            0|      0.000|  6.11|        -|   -|            -|      98 (~0%)|    -|
|    + galois2                  |     -|              -|         -|            1|         -|       yes|            0|      0.000|  6.11|        -|   -|            -|      98 (~0%)|    -|
|    + galois2                  |     -|              -|         -|            1|         -|       yes|            0|      0.000|  6.11|        -|   -|            -|      98 (~0%)|    -|
|    + galois2                  |     -|              -|         -|            1|         -|       yes|            0|      0.000|  6.11|        -|   -|            -|      98 (~0%)|    -|
|    + galois2                  |     -|              -|         -|            1|         -|       yes|            0|      0.000|  6.11|        -|   -|            -|      98 (~0%)|    -|
|    + galois2                  |     -|              -|         -|            1|         -|       yes|            0|      0.000|  6.11|        -|   -|            -|      98 (~0%)|    -|
|    + galois2                  |     -|              -|         -|            1|         -|       yes|            0|      0.000|  6.11|        -|   -|            -|      98 (~0%)|    -|
|    + galois2                  |     -|              -|         -|            1|         -|       yes|            0|      0.000|  6.11|        -|   -|            -|      98 (~0%)|    -|
|    + galois2                  |     -|              -|         -|            1|         -|       yes|            0|      0.000|  6.11|        -|   -|            -|      98 (~0%)|    -|
|    + galois2                  |     -|              -|         -|            1|         -|       yes|            0|      0.000|  6.11|        -|   -|            -|      98 (~0%)|    -|
|    + galois2                  |     -|              -|         -|            1|         -|       yes|            0|      0.000|  6.11|        -|   -|            -|      98 (~0%)|    -|
|    + galois3                  |     -|              -|         -|            1|         -|       yes|            0|      0.000|  5.99|        -|   -|            -|     123 (~0%)|    -|
|    + galois3                  |     -|              -|         -|            1|         -|       yes|            0|      0.000|  5.99|        -|   -|            -|     123 (~0%)|    -|
|    + galois3                  |     -|              -|         -|            1|         -|       yes|            0|      0.000|  5.99|        -|   -|            -|     123 (~0%)|    -|
|    + galois3                  |     -|              -|         -|            1|         -|       yes|            0|      0.000|  5.99|        -|   -|            -|     123 (~0%)|    -|
|    + galois3                  |     -|              -|         -|            1|         -|       yes|            0|      0.000|  5.99|        -|   -|            -|     123 (~0%)|    -|
|    + galois3                  |     -|              -|         -|            1|         -|       yes|            0|      0.000|  5.99|        -|   -|            -|     123 (~0%)|    -|
|    + galois3                  |     -|              -|         -|            1|         -|       yes|            0|      0.000|  5.99|        -|   -|            -|     123 (~0%)|    -|
|    + galois3                  |     -|              -|         -|            1|         -|       yes|            0|      0.000|  5.99|        -|   -|            -|     123 (~0%)|    -|
|    + galois3                  |     -|              -|         -|            1|         -|       yes|            0|      0.000|  5.99|        -|   -|            -|     123 (~0%)|    -|
|    + galois3                  |     -|              -|         -|            1|         -|       yes|            0|      0.000|  5.99|        -|   -|            -|     123 (~0%)|    -|
|    + galois3                  |     -|              -|         -|            1|         -|       yes|            0|      0.000|  5.99|        -|   -|            -|     123 (~0%)|    -|
|    + galois3                  |     -|              -|         -|            1|         -|       yes|            0|      0.000|  5.99|        -|   -|            -|     123 (~0%)|    -|
|    + galois3                  |     -|              -|         -|            1|         -|       yes|            0|      0.000|  5.99|        -|   -|            -|     123 (~0%)|    -|
|    + galois3                  |     -|              -|         -|            1|         -|       yes|            0|      0.000|  5.99|        -|   -|            -|     123 (~0%)|    -|
|    + galois3                  |     -|              -|         -|            1|         -|       yes|            0|      0.000|  5.99|        -|   -|            -|     123 (~0%)|    -|
|    + galois3                  |     -|              -|         -|            1|         -|       yes|            0|      0.000|  5.99|        -|   -|            -|     123 (~0%)|    -|
|   + mix_columns               |     -|              -|         -|            1|         -|       yes|            0|      0.000|  5.65|        -|   -|            -|     3920 (3%)|    -|
|    + galois2                  |     -|              -|         -|            1|         -|       yes|            0|      0.000|  6.11|        -|   -|            -|      98 (~0%)|    -|
|    + galois2                  |     -|              -|         -|            1|         -|       yes|            0|      0.000|  6.11|        -|   -|            -|      98 (~0%)|    -|
|    + galois2                  |     -|              -|         -|            1|         -|       yes|            0|      0.000|  6.11|        -|   -|            -|      98 (~0%)|    -|
|    + galois2                  |     -|              -|         -|            1|         -|       yes|            0|      0.000|  6.11|        -|   -|            -|      98 (~0%)|    -|
|    + galois2                  |     -|              -|         -|            1|         -|       yes|            0|      0.000|  6.11|        -|   -|            -|      98 (~0%)|    -|
|    + galois2                  |     -|              -|         -|            1|         -|       yes|            0|      0.000|  6.11|        -|   -|            -|      98 (~0%)|    -|
|    + galois2                  |     -|              -|         -|            1|         -|       yes|            0|      0.000|  6.11|        -|   -|            -|      98 (~0%)|    -|
|    + galois2                  |     -|              -|         -|            1|         -|       yes|            0|      0.000|  6.11|        -|   -|            -|      98 (~0%)|    -|
|    + galois2                  |     -|              -|         -|            1|         -|       yes|            0|      0.000|  6.11|        -|   -|            -|      98 (~0%)|    -|
|    + galois2                  |     -|              -|         -|            1|         -|       yes|            0|      0.000|  6.11|        -|   -|            -|      98 (~0%)|    -|
|    + galois2                  |     -|              -|         -|            1|         -|       yes|            0|      0.000|  6.11|        -|   -|            -|      98 (~0%)|    -|
|    + galois2                  |     -|              -|         -|            1|         -|       yes|            0|      0.000|  6.11|        -|   -|            -|      98 (~0%)|    -|
|    + galois2                  |     -|              -|         -|            1|         -|       yes|            0|      0.000|  6.11|        -|   -|            -|      98 (~0%)|    -|
|    + galois2                  |     -|              -|         -|            1|         -|       yes|            0|      0.000|  6.11|        -|   -|            -|      98 (~0%)|    -|
|    + galois2                  |     -|              -|         -|            1|         -|       yes|            0|      0.000|  6.11|        -|   -|            -|      98 (~0%)|    -|
|    + galois2                  |     -|              -|         -|            1|         -|       yes|            0|      0.000|  6.11|        -|   -|            -|      98 (~0%)|    -|
|    + galois3                  |     -|              -|         -|            1|         -|       yes|            0|      0.000|  5.99|        -|   -|            -|     123 (~0%)|    -|
|    + galois3                  |     -|              -|         -|            1|         -|       yes|            0|      0.000|  5.99|        -|   -|            -|     123 (~0%)|    -|
|    + galois3                  |     -|              -|         -|            1|         -|       yes|            0|      0.000|  5.99|        -|   -|            -|     123 (~0%)|    -|
|    + galois3                  |     -|              -|         -|            1|         -|       yes|            0|      0.000|  5.99|        -|   -|            -|     123 (~0%)|    -|
|    + galois3                  |     -|              -|         -|            1|         -|       yes|            0|      0.000|  5.99|        -|   -|            -|     123 (~0%)|    -|
|    + galois3                  |     -|              -|         -|            1|         -|       yes|            0|      0.000|  5.99|        -|   -|            -|     123 (~0%)|    -|
|    + galois3                  |     -|              -|         -|            1|         -|       yes|            0|      0.000|  5.99|        -|   -|            -|     123 (~0%)|    -|
|    + galois3                  |     -|              -|         -|            1|         -|       yes|            0|      0.000|  5.99|        -|   -|            -|     123 (~0%)|    -|
|    + galois3                  |     -|              -|         -|            1|         -|       yes|            0|      0.000|  5.99|        -|   -|            -|     123 (~0%)|    -|
|    + galois3                  |     -|              -|         -|            1|         -|       yes|            0|      0.000|  5.99|        -|   -|            -|     123 (~0%)|    -|
|    + galois3                  |     -|              -|         -|            1|         -|       yes|            0|      0.000|  5.99|        -|   -|            -|     123 (~0%)|    -|
|    + galois3                  |     -|              -|         -|            1|         -|       yes|            0|      0.000|  5.99|        -|   -|            -|     123 (~0%)|    -|
|    + galois3                  |     -|              -|         -|            1|         -|       yes|            0|      0.000|  5.99|        -|   -|            -|     123 (~0%)|    -|
|    + galois3                  |     -|              -|         -|            1|         -|       yes|            0|      0.000|  5.99|        -|   -|            -|     123 (~0%)|    -|
|    + galois3                  |     -|              -|         -|            1|         -|       yes|            0|      0.000|  5.99|        -|   -|            -|     123 (~0%)|    -|
|    + galois3                  |     -|              -|         -|            1|         -|       yes|            0|      0.000|  5.99|        -|   -|            -|     123 (~0%)|    -|
|   + mix_columns               |     -|              -|         -|            1|         -|       yes|            0|      0.000|  5.65|        -|   -|            -|     3920 (3%)|    -|
|    + galois2                  |     -|              -|         -|            1|         -|       yes|            0|      0.000|  6.11|        -|   -|            -|      98 (~0%)|    -|
|    + galois2                  |     -|              -|         -|            1|         -|       yes|            0|      0.000|  6.11|        -|   -|            -|      98 (~0%)|    -|
|    + galois2                  |     -|              -|         -|            1|         -|       yes|            0|      0.000|  6.11|        -|   -|            -|      98 (~0%)|    -|
|    + galois2                  |     -|              -|         -|            1|         -|       yes|            0|      0.000|  6.11|        -|   -|            -|      98 (~0%)|    -|
|    + galois2                  |     -|              -|         -|            1|         -|       yes|            0|      0.000|  6.11|        -|   -|            -|      98 (~0%)|    -|
|    + galois2                  |     -|              -|         -|            1|         -|       yes|            0|      0.000|  6.11|        -|   -|            -|      98 (~0%)|    -|
|    + galois2                  |     -|              -|         -|            1|         -|       yes|            0|      0.000|  6.11|        -|   -|            -|      98 (~0%)|    -|
|    + galois2                  |     -|              -|         -|            1|         -|       yes|            0|      0.000|  6.11|        -|   -|            -|      98 (~0%)|    -|
|    + galois2                  |     -|              -|         -|            1|         -|       yes|            0|      0.000|  6.11|        -|   -|            -|      98 (~0%)|    -|
|    + galois2                  |     -|              -|         -|            1|         -|       yes|            0|      0.000|  6.11|        -|   -|            -|      98 (~0%)|    -|
|    + galois2                  |     -|              -|         -|            1|         -|       yes|            0|      0.000|  6.11|        -|   -|            -|      98 (~0%)|    -|
|    + galois2                  |     -|              -|         -|            1|         -|       yes|            0|      0.000|  6.11|        -|   -|            -|      98 (~0%)|    -|
|    + galois2                  |     -|              -|         -|            1|         -|       yes|            0|      0.000|  6.11|        -|   -|            -|      98 (~0%)|    -|
|    + galois2                  |     -|              -|         -|            1|         -|       yes|            0|      0.000|  6.11|        -|   -|            -|      98 (~0%)|    -|
|    + galois2                  |     -|              -|         -|            1|         -|       yes|            0|      0.000|  6.11|        -|   -|            -|      98 (~0%)|    -|
|    + galois2                  |     -|              -|         -|            1|         -|       yes|            0|      0.000|  6.11|        -|   -|            -|      98 (~0%)|    -|
|    + galois3                  |     -|              -|         -|            1|         -|       yes|            0|      0.000|  5.99|        -|   -|            -|     123 (~0%)|    -|
|    + galois3                  |     -|              -|         -|            1|         -|       yes|            0|      0.000|  5.99|        -|   -|            -|     123 (~0%)|    -|
|    + galois3                  |     -|              -|         -|            1|         -|       yes|            0|      0.000|  5.99|        -|   -|            -|     123 (~0%)|    -|
|    + galois3                  |     -|              -|         -|            1|         -|       yes|            0|      0.000|  5.99|        -|   -|            -|     123 (~0%)|    -|
|    + galois3                  |     -|              -|         -|            1|         -|       yes|            0|      0.000|  5.99|        -|   -|            -|     123 (~0%)|    -|
|    + galois3                  |     -|              -|         -|            1|         -|       yes|            0|      0.000|  5.99|        -|   -|            -|     123 (~0%)|    -|
|    + galois3                  |     -|              -|         -|            1|         -|       yes|            0|      0.000|  5.99|        -|   -|            -|     123 (~0%)|    -|
|    + galois3                  |     -|              -|         -|            1|         -|       yes|            0|      0.000|  5.99|        -|   -|            -|     123 (~0%)|    -|
|    + galois3                  |     -|              -|         -|            1|         -|       yes|            0|      0.000|  5.99|        -|   -|            -|     123 (~0%)|    -|
|    + galois3                  |     -|              -|         -|            1|         -|       yes|            0|      0.000|  5.99|        -|   -|            -|     123 (~0%)|    -|
|    + galois3                  |     -|              -|         -|            1|         -|       yes|            0|      0.000|  5.99|        -|   -|            -|     123 (~0%)|    -|
|    + galois3                  |     -|              -|         -|            1|         -|       yes|            0|      0.000|  5.99|        -|   -|            -|     123 (~0%)|    -|
|    + galois3                  |     -|              -|         -|            1|         -|       yes|            0|      0.000|  5.99|        -|   -|            -|     123 (~0%)|    -|
|    + galois3                  |     -|              -|         -|            1|         -|       yes|            0|      0.000|  5.99|        -|   -|            -|     123 (~0%)|    -|
|    + galois3                  |     -|              -|         -|            1|         -|       yes|            0|      0.000|  5.99|        -|   -|            -|     123 (~0%)|    -|
|    + galois3                  |     -|              -|         -|            1|         -|       yes|            0|      0.000|  5.99|        -|   -|            -|     123 (~0%)|    -|
|   + mix_columns               |     -|              -|         -|            1|         -|       yes|            0|      0.000|  5.65|        -|   -|            -|     3920 (3%)|    -|
|    + galois2                  |     -|              -|         -|            1|         -|       yes|            0|      0.000|  6.11|        -|   -|            -|      98 (~0%)|    -|
|    + galois2                  |     -|              -|         -|            1|         -|       yes|            0|      0.000|  6.11|        -|   -|            -|      98 (~0%)|    -|
|    + galois2                  |     -|              -|         -|            1|         -|       yes|            0|      0.000|  6.11|        -|   -|            -|      98 (~0%)|    -|
|    + galois2                  |     -|              -|         -|            1|         -|       yes|            0|      0.000|  6.11|        -|   -|            -|      98 (~0%)|    -|
|    + galois2                  |     -|              -|         -|            1|         -|       yes|            0|      0.000|  6.11|        -|   -|            -|      98 (~0%)|    -|
|    + galois2                  |     -|              -|         -|            1|         -|       yes|            0|      0.000|  6.11|        -|   -|            -|      98 (~0%)|    -|
|    + galois2                  |     -|              -|         -|            1|         -|       yes|            0|      0.000|  6.11|        -|   -|            -|      98 (~0%)|    -|
|    + galois2                  |     -|              -|         -|            1|         -|       yes|            0|      0.000|  6.11|        -|   -|            -|      98 (~0%)|    -|
|    + galois2                  |     -|              -|         -|            1|         -|       yes|            0|      0.000|  6.11|        -|   -|            -|      98 (~0%)|    -|
|    + galois2                  |     -|              -|         -|            1|         -|       yes|            0|      0.000|  6.11|        -|   -|            -|      98 (~0%)|    -|
|    + galois2                  |     -|              -|         -|            1|         -|       yes|            0|      0.000|  6.11|        -|   -|            -|      98 (~0%)|    -|
|    + galois2                  |     -|              -|         -|            1|         -|       yes|            0|      0.000|  6.11|        -|   -|            -|      98 (~0%)|    -|
|    + galois2                  |     -|              -|         -|            1|         -|       yes|            0|      0.000|  6.11|        -|   -|            -|      98 (~0%)|    -|
|    + galois2                  |     -|              -|         -|            1|         -|       yes|            0|      0.000|  6.11|        -|   -|            -|      98 (~0%)|    -|
|    + galois2                  |     -|              -|         -|            1|         -|       yes|            0|      0.000|  6.11|        -|   -|            -|      98 (~0%)|    -|
|    + galois2                  |     -|              -|         -|            1|         -|       yes|            0|      0.000|  6.11|        -|   -|            -|      98 (~0%)|    -|
|    + galois3                  |     -|              -|         -|            1|         -|       yes|            0|      0.000|  5.99|        -|   -|            -|     123 (~0%)|    -|
|    + galois3                  |     -|              -|         -|            1|         -|       yes|            0|      0.000|  5.99|        -|   -|            -|     123 (~0%)|    -|
|    + galois3                  |     -|              -|         -|            1|         -|       yes|            0|      0.000|  5.99|        -|   -|            -|     123 (~0%)|    -|
|    + galois3                  |     -|              -|         -|            1|         -|       yes|            0|      0.000|  5.99|        -|   -|            -|     123 (~0%)|    -|
|    + galois3                  |     -|              -|         -|            1|         -|       yes|            0|      0.000|  5.99|        -|   -|            -|     123 (~0%)|    -|
|    + galois3                  |     -|              -|         -|            1|         -|       yes|            0|      0.000|  5.99|        -|   -|            -|     123 (~0%)|    -|
|    + galois3                  |     -|              -|         -|            1|         -|       yes|            0|      0.000|  5.99|        -|   -|            -|     123 (~0%)|    -|
|    + galois3                  |     -|              -|         -|            1|         -|       yes|            0|      0.000|  5.99|        -|   -|            -|     123 (~0%)|    -|
|    + galois3                  |     -|              -|         -|            1|         -|       yes|            0|      0.000|  5.99|        -|   -|            -|     123 (~0%)|    -|
|    + galois3                  |     -|              -|         -|            1|         -|       yes|            0|      0.000|  5.99|        -|   -|            -|     123 (~0%)|    -|
|    + galois3                  |     -|              -|         -|            1|         -|       yes|            0|      0.000|  5.99|        -|   -|            -|     123 (~0%)|    -|
|    + galois3                  |     -|              -|         -|            1|         -|       yes|            0|      0.000|  5.99|        -|   -|            -|     123 (~0%)|    -|
|    + galois3                  |     -|              -|         -|            1|         -|       yes|            0|      0.000|  5.99|        -|   -|            -|     123 (~0%)|    -|
|    + galois3                  |     -|              -|         -|            1|         -|       yes|            0|      0.000|  5.99|        -|   -|            -|     123 (~0%)|    -|
|    + galois3                  |     -|              -|         -|            1|         -|       yes|            0|      0.000|  5.99|        -|   -|            -|     123 (~0%)|    -|
|    + galois3                  |     -|              -|         -|            1|         -|       yes|            0|      0.000|  5.99|        -|   -|            -|     123 (~0%)|    -|
|   + mix_columns               |     -|              -|         -|            1|         -|       yes|            0|      0.000|  5.65|        -|   -|            -|     3920 (3%)|    -|
|    + galois2                  |     -|              -|         -|            1|         -|       yes|            0|      0.000|  6.11|        -|   -|            -|      98 (~0%)|    -|
|    + galois2                  |     -|              -|         -|            1|         -|       yes|            0|      0.000|  6.11|        -|   -|            -|      98 (~0%)|    -|
|    + galois2                  |     -|              -|         -|            1|         -|       yes|            0|      0.000|  6.11|        -|   -|            -|      98 (~0%)|    -|
|    + galois2                  |     -|              -|         -|            1|         -|       yes|            0|      0.000|  6.11|        -|   -|            -|      98 (~0%)|    -|
|    + galois2                  |     -|              -|         -|            1|         -|       yes|            0|      0.000|  6.11|        -|   -|            -|      98 (~0%)|    -|
|    + galois2                  |     -|              -|         -|            1|         -|       yes|            0|      0.000|  6.11|        -|   -|            -|      98 (~0%)|    -|
|    + galois2                  |     -|              -|         -|            1|         -|       yes|            0|      0.000|  6.11|        -|   -|            -|      98 (~0%)|    -|
|    + galois2                  |     -|              -|         -|            1|         -|       yes|            0|      0.000|  6.11|        -|   -|            -|      98 (~0%)|    -|
|    + galois2                  |     -|              -|         -|            1|         -|       yes|            0|      0.000|  6.11|        -|   -|            -|      98 (~0%)|    -|
|    + galois2                  |     -|              -|         -|            1|         -|       yes|            0|      0.000|  6.11|        -|   -|            -|      98 (~0%)|    -|
|    + galois2                  |     -|              -|         -|            1|         -|       yes|            0|      0.000|  6.11|        -|   -|            -|      98 (~0%)|    -|
|    + galois2                  |     -|              -|         -|            1|         -|       yes|            0|      0.000|  6.11|        -|   -|            -|      98 (~0%)|    -|
|    + galois2                  |     -|              -|         -|            1|         -|       yes|            0|      0.000|  6.11|        -|   -|            -|      98 (~0%)|    -|
|    + galois2                  |     -|              -|         -|            1|         -|       yes|            0|      0.000|  6.11|        -|   -|            -|      98 (~0%)|    -|
|    + galois2                  |     -|              -|         -|            1|         -|       yes|            0|      0.000|  6.11|        -|   -|            -|      98 (~0%)|    -|
|    + galois2                  |     -|              -|         -|            1|         -|       yes|            0|      0.000|  6.11|        -|   -|            -|      98 (~0%)|    -|
|    + galois3                  |     -|              -|         -|            1|         -|       yes|            0|      0.000|  5.99|        -|   -|            -|     123 (~0%)|    -|
|    + galois3                  |     -|              -|         -|            1|         -|       yes|            0|      0.000|  5.99|        -|   -|            -|     123 (~0%)|    -|
|    + galois3                  |     -|              -|         -|            1|         -|       yes|            0|      0.000|  5.99|        -|   -|            -|     123 (~0%)|    -|
|    + galois3                  |     -|              -|         -|            1|         -|       yes|            0|      0.000|  5.99|        -|   -|            -|     123 (~0%)|    -|
|    + galois3                  |     -|              -|         -|            1|         -|       yes|            0|      0.000|  5.99|        -|   -|            -|     123 (~0%)|    -|
|    + galois3                  |     -|              -|         -|            1|         -|       yes|            0|      0.000|  5.99|        -|   -|            -|     123 (~0%)|    -|
|    + galois3                  |     -|              -|         -|            1|         -|       yes|            0|      0.000|  5.99|        -|   -|            -|     123 (~0%)|    -|
|    + galois3                  |     -|              -|         -|            1|         -|       yes|            0|      0.000|  5.99|        -|   -|            -|     123 (~0%)|    -|
|    + galois3                  |     -|              -|         -|            1|         -|       yes|            0|      0.000|  5.99|        -|   -|            -|     123 (~0%)|    -|
|    + galois3                  |     -|              -|         -|            1|         -|       yes|            0|      0.000|  5.99|        -|   -|            -|     123 (~0%)|    -|
|    + galois3                  |     -|              -|         -|            1|         -|       yes|            0|      0.000|  5.99|        -|   -|            -|     123 (~0%)|    -|
|    + galois3                  |     -|              -|         -|            1|         -|       yes|            0|      0.000|  5.99|        -|   -|            -|     123 (~0%)|    -|
|    + galois3                  |     -|              -|         -|            1|         -|       yes|            0|      0.000|  5.99|        -|   -|            -|     123 (~0%)|    -|
|    + galois3                  |     -|              -|         -|            1|         -|       yes|            0|      0.000|  5.99|        -|   -|            -|     123 (~0%)|    -|
|    + galois3                  |     -|              -|         -|            1|         -|       yes|            0|      0.000|  5.99|        -|   -|            -|     123 (~0%)|    -|
|    + galois3                  |     -|              -|         -|            1|         -|       yes|            0|      0.000|  5.99|        -|   -|            -|     123 (~0%)|    -|
|   + mix_columns               |     -|              -|         -|            1|         -|       yes|            0|      0.000|  5.65|        -|   -|            -|     3920 (3%)|    -|
|    + galois2                  |     -|              -|         -|            1|         -|       yes|            0|      0.000|  6.11|        -|   -|            -|      98 (~0%)|    -|
|    + galois2                  |     -|              -|         -|            1|         -|       yes|            0|      0.000|  6.11|        -|   -|            -|      98 (~0%)|    -|
|    + galois2                  |     -|              -|         -|            1|         -|       yes|            0|      0.000|  6.11|        -|   -|            -|      98 (~0%)|    -|
|    + galois2                  |     -|              -|         -|            1|         -|       yes|            0|      0.000|  6.11|        -|   -|            -|      98 (~0%)|    -|
|    + galois2                  |     -|              -|         -|            1|         -|       yes|            0|      0.000|  6.11|        -|   -|            -|      98 (~0%)|    -|
|    + galois2                  |     -|              -|         -|            1|         -|       yes|            0|      0.000|  6.11|        -|   -|            -|      98 (~0%)|    -|
|    + galois2                  |     -|              -|         -|            1|         -|       yes|            0|      0.000|  6.11|        -|   -|            -|      98 (~0%)|    -|
|    + galois2                  |     -|              -|         -|            1|         -|       yes|            0|      0.000|  6.11|        -|   -|            -|      98 (~0%)|    -|
|    + galois2                  |     -|              -|         -|            1|         -|       yes|            0|      0.000|  6.11|        -|   -|            -|      98 (~0%)|    -|
|    + galois2                  |     -|              -|         -|            1|         -|       yes|            0|      0.000|  6.11|        -|   -|            -|      98 (~0%)|    -|
|    + galois2                  |     -|              -|         -|            1|         -|       yes|            0|      0.000|  6.11|        -|   -|            -|      98 (~0%)|    -|
|    + galois2                  |     -|              -|         -|            1|         -|       yes|            0|      0.000|  6.11|        -|   -|            -|      98 (~0%)|    -|
|    + galois2                  |     -|              -|         -|            1|         -|       yes|            0|      0.000|  6.11|        -|   -|            -|      98 (~0%)|    -|
|    + galois2                  |     -|              -|         -|            1|         -|       yes|            0|      0.000|  6.11|        -|   -|            -|      98 (~0%)|    -|
|    + galois2                  |     -|              -|         -|            1|         -|       yes|            0|      0.000|  6.11|        -|   -|            -|      98 (~0%)|    -|
|    + galois2                  |     -|              -|         -|            1|         -|       yes|            0|      0.000|  6.11|        -|   -|            -|      98 (~0%)|    -|
|    + galois3                  |     -|              -|         -|            1|         -|       yes|            0|      0.000|  5.99|        -|   -|            -|     123 (~0%)|    -|
|    + galois3                  |     -|              -|         -|            1|         -|       yes|            0|      0.000|  5.99|        -|   -|            -|     123 (~0%)|    -|
|    + galois3                  |     -|              -|         -|            1|         -|       yes|            0|      0.000|  5.99|        -|   -|            -|     123 (~0%)|    -|
|    + galois3                  |     -|              -|         -|            1|         -|       yes|            0|      0.000|  5.99|        -|   -|            -|     123 (~0%)|    -|
|    + galois3                  |     -|              -|         -|            1|         -|       yes|            0|      0.000|  5.99|        -|   -|            -|     123 (~0%)|    -|
|    + galois3                  |     -|              -|         -|            1|         -|       yes|            0|      0.000|  5.99|        -|   -|            -|     123 (~0%)|    -|
|    + galois3                  |     -|              -|         -|            1|         -|       yes|            0|      0.000|  5.99|        -|   -|            -|     123 (~0%)|    -|
|    + galois3                  |     -|              -|         -|            1|         -|       yes|            0|      0.000|  5.99|        -|   -|            -|     123 (~0%)|    -|
|    + galois3                  |     -|              -|         -|            1|         -|       yes|            0|      0.000|  5.99|        -|   -|            -|     123 (~0%)|    -|
|    + galois3                  |     -|              -|         -|            1|         -|       yes|            0|      0.000|  5.99|        -|   -|            -|     123 (~0%)|    -|
|    + galois3                  |     -|              -|         -|            1|         -|       yes|            0|      0.000|  5.99|        -|   -|            -|     123 (~0%)|    -|
|    + galois3                  |     -|              -|         -|            1|         -|       yes|            0|      0.000|  5.99|        -|   -|            -|     123 (~0%)|    -|
|    + galois3                  |     -|              -|         -|            1|         -|       yes|            0|      0.000|  5.99|        -|   -|            -|     123 (~0%)|    -|
|    + galois3                  |     -|              -|         -|            1|         -|       yes|            0|      0.000|  5.99|        -|   -|            -|     123 (~0%)|    -|
|    + galois3                  |     -|              -|         -|            1|         -|       yes|            0|      0.000|  5.99|        -|   -|            -|     123 (~0%)|    -|
|    + galois3                  |     -|              -|         -|            1|         -|       yes|            0|      0.000|  5.99|        -|   -|            -|     123 (~0%)|    -|
|   + mix_columns               |     -|              -|         -|            1|         -|       yes|            0|      0.000|  5.65|        -|   -|            -|     3920 (3%)|    -|
|    + galois2                  |     -|              -|         -|            1|         -|       yes|            0|      0.000|  6.11|        -|   -|            -|      98 (~0%)|    -|
|    + galois2                  |     -|              -|         -|            1|         -|       yes|            0|      0.000|  6.11|        -|   -|            -|      98 (~0%)|    -|
|    + galois2                  |     -|              -|         -|            1|         -|       yes|            0|      0.000|  6.11|        -|   -|            -|      98 (~0%)|    -|
|    + galois2                  |     -|              -|         -|            1|         -|       yes|            0|      0.000|  6.11|        -|   -|            -|      98 (~0%)|    -|
|    + galois2                  |     -|              -|         -|            1|         -|       yes|            0|      0.000|  6.11|        -|   -|            -|      98 (~0%)|    -|
|    + galois2                  |     -|              -|         -|            1|         -|       yes|            0|      0.000|  6.11|        -|   -|            -|      98 (~0%)|    -|
|    + galois2                  |     -|              -|         -|            1|         -|       yes|            0|      0.000|  6.11|        -|   -|            -|      98 (~0%)|    -|
|    + galois2                  |     -|              -|         -|            1|         -|       yes|            0|      0.000|  6.11|        -|   -|            -|      98 (~0%)|    -|
|    + galois2                  |     -|              -|         -|            1|         -|       yes|            0|      0.000|  6.11|        -|   -|            -|      98 (~0%)|    -|
|    + galois2                  |     -|              -|         -|            1|         -|       yes|            0|      0.000|  6.11|        -|   -|            -|      98 (~0%)|    -|
|    + galois2                  |     -|              -|         -|            1|         -|       yes|            0|      0.000|  6.11|        -|   -|            -|      98 (~0%)|    -|
|    + galois2                  |     -|              -|         -|            1|         -|       yes|            0|      0.000|  6.11|        -|   -|            -|      98 (~0%)|    -|
|    + galois2                  |     -|              -|         -|            1|         -|       yes|            0|      0.000|  6.11|        -|   -|            -|      98 (~0%)|    -|
|    + galois2                  |     -|              -|         -|            1|         -|       yes|            0|      0.000|  6.11|        -|   -|            -|      98 (~0%)|    -|
|    + galois2                  |     -|              -|         -|            1|         -|       yes|            0|      0.000|  6.11|        -|   -|            -|      98 (~0%)|    -|
|    + galois2                  |     -|              -|         -|            1|         -|       yes|            0|      0.000|  6.11|        -|   -|            -|      98 (~0%)|    -|
|    + galois3                  |     -|              -|         -|            1|         -|       yes|            0|      0.000|  5.99|        -|   -|            -|     123 (~0%)|    -|
|    + galois3                  |     -|              -|         -|            1|         -|       yes|            0|      0.000|  5.99|        -|   -|            -|     123 (~0%)|    -|
|    + galois3                  |     -|              -|         -|            1|         -|       yes|            0|      0.000|  5.99|        -|   -|            -|     123 (~0%)|    -|
|    + galois3                  |     -|              -|         -|            1|         -|       yes|            0|      0.000|  5.99|        -|   -|            -|     123 (~0%)|    -|
|    + galois3                  |     -|              -|         -|            1|         -|       yes|            0|      0.000|  5.99|        -|   -|            -|     123 (~0%)|    -|
|    + galois3                  |     -|              -|         -|            1|         -|       yes|            0|      0.000|  5.99|        -|   -|            -|     123 (~0%)|    -|
|    + galois3                  |     -|              -|         -|            1|         -|       yes|            0|      0.000|  5.99|        -|   -|            -|     123 (~0%)|    -|
|    + galois3                  |     -|              -|         -|            1|         -|       yes|            0|      0.000|  5.99|        -|   -|            -|     123 (~0%)|    -|
|    + galois3                  |     -|              -|         -|            1|         -|       yes|            0|      0.000|  5.99|        -|   -|            -|     123 (~0%)|    -|
|    + galois3                  |     -|              -|         -|            1|         -|       yes|            0|      0.000|  5.99|        -|   -|            -|     123 (~0%)|    -|
|    + galois3                  |     -|              -|         -|            1|         -|       yes|            0|      0.000|  5.99|        -|   -|            -|     123 (~0%)|    -|
|    + galois3                  |     -|              -|         -|            1|         -|       yes|            0|      0.000|  5.99|        -|   -|            -|     123 (~0%)|    -|
|    + galois3                  |     -|              -|         -|            1|         -|       yes|            0|      0.000|  5.99|        -|   -|            -|     123 (~0%)|    -|
|    + galois3                  |     -|              -|         -|            1|         -|       yes|            0|      0.000|  5.99|        -|   -|            -|     123 (~0%)|    -|
|    + galois3                  |     -|              -|         -|            1|         -|       yes|            0|      0.000|  5.99|        -|   -|            -|     123 (~0%)|    -|
|    + galois3                  |     -|              -|         -|            1|         -|       yes|            0|      0.000|  5.99|        -|   -|            -|     123 (~0%)|    -|
|   + mix_columns               |     -|              -|         -|            1|         -|       yes|            0|      0.000|  5.65|        -|   -|            -|     3920 (3%)|    -|
|    + galois2                  |     -|              -|         -|            1|         -|       yes|            0|      0.000|  6.11|        -|   -|            -|      98 (~0%)|    -|
|    + galois2                  |     -|              -|         -|            1|         -|       yes|            0|      0.000|  6.11|        -|   -|            -|      98 (~0%)|    -|
|    + galois2                  |     -|              -|         -|            1|         -|       yes|            0|      0.000|  6.11|        -|   -|            -|      98 (~0%)|    -|
|    + galois2                  |     -|              -|         -|            1|         -|       yes|            0|      0.000|  6.11|        -|   -|            -|      98 (~0%)|    -|
|    + galois2                  |     -|              -|         -|            1|         -|       yes|            0|      0.000|  6.11|        -|   -|            -|      98 (~0%)|    -|
|    + galois2                  |     -|              -|         -|            1|         -|       yes|            0|      0.000|  6.11|        -|   -|            -|      98 (~0%)|    -|
|    + galois2                  |     -|              -|         -|            1|         -|       yes|            0|      0.000|  6.11|        -|   -|            -|      98 (~0%)|    -|
|    + galois2                  |     -|              -|         -|            1|         -|       yes|            0|      0.000|  6.11|        -|   -|            -|      98 (~0%)|    -|
|    + galois2                  |     -|              -|         -|            1|         -|       yes|            0|      0.000|  6.11|        -|   -|            -|      98 (~0%)|    -|
|    + galois2                  |     -|              -|         -|            1|         -|       yes|            0|      0.000|  6.11|        -|   -|            -|      98 (~0%)|    -|
|    + galois2                  |     -|              -|         -|            1|         -|       yes|            0|      0.000|  6.11|        -|   -|            -|      98 (~0%)|    -|
|    + galois2                  |     -|              -|         -|            1|         -|       yes|            0|      0.000|  6.11|        -|   -|            -|      98 (~0%)|    -|
|    + galois2                  |     -|              -|         -|            1|         -|       yes|            0|      0.000|  6.11|        -|   -|            -|      98 (~0%)|    -|
|    + galois2                  |     -|              -|         -|            1|         -|       yes|            0|      0.000|  6.11|        -|   -|            -|      98 (~0%)|    -|
|    + galois2                  |     -|              -|         -|            1|         -|       yes|            0|      0.000|  6.11|        -|   -|            -|      98 (~0%)|    -|
|    + galois2                  |     -|              -|         -|            1|         -|       yes|            0|      0.000|  6.11|        -|   -|            -|      98 (~0%)|    -|
|    + galois3                  |     -|              -|         -|            1|         -|       yes|            0|      0.000|  5.99|        -|   -|            -|     123 (~0%)|    -|
|    + galois3                  |     -|              -|         -|            1|         -|       yes|            0|      0.000|  5.99|        -|   -|            -|     123 (~0%)|    -|
|    + galois3                  |     -|              -|         -|            1|         -|       yes|            0|      0.000|  5.99|        -|   -|            -|     123 (~0%)|    -|
|    + galois3                  |     -|              -|         -|            1|         -|       yes|            0|      0.000|  5.99|        -|   -|            -|     123 (~0%)|    -|
|    + galois3                  |     -|              -|         -|            1|         -|       yes|            0|      0.000|  5.99|        -|   -|            -|     123 (~0%)|    -|
|    + galois3                  |     -|              -|         -|            1|         -|       yes|            0|      0.000|  5.99|        -|   -|            -|     123 (~0%)|    -|
|    + galois3                  |     -|              -|         -|            1|         -|       yes|            0|      0.000|  5.99|        -|   -|            -|     123 (~0%)|    -|
|    + galois3                  |     -|              -|         -|            1|         -|       yes|            0|      0.000|  5.99|        -|   -|            -|     123 (~0%)|    -|
|    + galois3                  |     -|              -|         -|            1|         -|       yes|            0|      0.000|  5.99|        -|   -|            -|     123 (~0%)|    -|
|    + galois3                  |     -|              -|         -|            1|         -|       yes|            0|      0.000|  5.99|        -|   -|            -|     123 (~0%)|    -|
|    + galois3                  |     -|              -|         -|            1|         -|       yes|            0|      0.000|  5.99|        -|   -|            -|     123 (~0%)|    -|
|    + galois3                  |     -|              -|         -|            1|         -|       yes|            0|      0.000|  5.99|        -|   -|            -|     123 (~0%)|    -|
|    + galois3                  |     -|              -|         -|            1|         -|       yes|            0|      0.000|  5.99|        -|   -|            -|     123 (~0%)|    -|
|    + galois3                  |     -|              -|         -|            1|         -|       yes|            0|      0.000|  5.99|        -|   -|            -|     123 (~0%)|    -|
|    + galois3                  |     -|              -|         -|            1|         -|       yes|            0|      0.000|  5.99|        -|   -|            -|     123 (~0%)|    -|
|    + galois3                  |     -|              -|         -|            1|         -|       yes|            0|      0.000|  5.99|        -|   -|            -|     123 (~0%)|    -|
|   + mix_columns               |     -|              -|         -|            1|         -|       yes|            0|      0.000|  5.65|        -|   -|            -|     3920 (3%)|    -|
|    + galois2                  |     -|              -|         -|            1|         -|       yes|            0|      0.000|  6.11|        -|   -|            -|      98 (~0%)|    -|
|    + galois2                  |     -|              -|         -|            1|         -|       yes|            0|      0.000|  6.11|        -|   -|            -|      98 (~0%)|    -|
|    + galois2                  |     -|              -|         -|            1|         -|       yes|            0|      0.000|  6.11|        -|   -|            -|      98 (~0%)|    -|
|    + galois2                  |     -|              -|         -|            1|         -|       yes|            0|      0.000|  6.11|        -|   -|            -|      98 (~0%)|    -|
|    + galois2                  |     -|              -|         -|            1|         -|       yes|            0|      0.000|  6.11|        -|   -|            -|      98 (~0%)|    -|
|    + galois2                  |     -|              -|         -|            1|         -|       yes|            0|      0.000|  6.11|        -|   -|            -|      98 (~0%)|    -|
|    + galois2                  |     -|              -|         -|            1|         -|       yes|            0|      0.000|  6.11|        -|   -|            -|      98 (~0%)|    -|
|    + galois2                  |     -|              -|         -|            1|         -|       yes|            0|      0.000|  6.11|        -|   -|            -|      98 (~0%)|    -|
|    + galois2                  |     -|              -|         -|            1|         -|       yes|            0|      0.000|  6.11|        -|   -|            -|      98 (~0%)|    -|
|    + galois2                  |     -|              -|         -|            1|         -|       yes|            0|      0.000|  6.11|        -|   -|            -|      98 (~0%)|    -|
|    + galois2                  |     -|              -|         -|            1|         -|       yes|            0|      0.000|  6.11|        -|   -|            -|      98 (~0%)|    -|
|    + galois2                  |     -|              -|         -|            1|         -|       yes|            0|      0.000|  6.11|        -|   -|            -|      98 (~0%)|    -|
|    + galois2                  |     -|              -|         -|            1|         -|       yes|            0|      0.000|  6.11|        -|   -|            -|      98 (~0%)|    -|
|    + galois2                  |     -|              -|         -|            1|         -|       yes|            0|      0.000|  6.11|        -|   -|            -|      98 (~0%)|    -|
|    + galois2                  |     -|              -|         -|            1|         -|       yes|            0|      0.000|  6.11|        -|   -|            -|      98 (~0%)|    -|
|    + galois2                  |     -|              -|         -|            1|         -|       yes|            0|      0.000|  6.11|        -|   -|            -|      98 (~0%)|    -|
|    + galois3                  |     -|              -|         -|            1|         -|       yes|            0|      0.000|  5.99|        -|   -|            -|     123 (~0%)|    -|
|    + galois3                  |     -|              -|         -|            1|         -|       yes|            0|      0.000|  5.99|        -|   -|            -|     123 (~0%)|    -|
|    + galois3                  |     -|              -|         -|            1|         -|       yes|            0|      0.000|  5.99|        -|   -|            -|     123 (~0%)|    -|
|    + galois3                  |     -|              -|         -|            1|         -|       yes|            0|      0.000|  5.99|        -|   -|            -|     123 (~0%)|    -|
|    + galois3                  |     -|              -|         -|            1|         -|       yes|            0|      0.000|  5.99|        -|   -|            -|     123 (~0%)|    -|
|    + galois3                  |     -|              -|         -|            1|         -|       yes|            0|      0.000|  5.99|        -|   -|            -|     123 (~0%)|    -|
|    + galois3                  |     -|              -|         -|            1|         -|       yes|            0|      0.000|  5.99|        -|   -|            -|     123 (~0%)|    -|
|    + galois3                  |     -|              -|         -|            1|         -|       yes|            0|      0.000|  5.99|        -|   -|            -|     123 (~0%)|    -|
|    + galois3                  |     -|              -|         -|            1|         -|       yes|            0|      0.000|  5.99|        -|   -|            -|     123 (~0%)|    -|
|    + galois3                  |     -|              -|         -|            1|         -|       yes|            0|      0.000|  5.99|        -|   -|            -|     123 (~0%)|    -|
|    + galois3                  |     -|              -|         -|            1|         -|       yes|            0|      0.000|  5.99|        -|   -|            -|     123 (~0%)|    -|
|    + galois3                  |     -|              -|         -|            1|         -|       yes|            0|      0.000|  5.99|        -|   -|            -|     123 (~0%)|    -|
|    + galois3                  |     -|              -|         -|            1|         -|       yes|            0|      0.000|  5.99|        -|   -|            -|     123 (~0%)|    -|
|    + galois3                  |     -|              -|         -|            1|         -|       yes|            0|      0.000|  5.99|        -|   -|            -|     123 (~0%)|    -|
|    + galois3                  |     -|              -|         -|            1|         -|       yes|            0|      0.000|  5.99|        -|   -|            -|     123 (~0%)|    -|
|    + galois3                  |     -|              -|         -|            1|         -|       yes|            0|      0.000|  5.99|        -|   -|            -|     123 (~0%)|    -|
|   + mix_columns               |     -|              -|         -|            1|         -|       yes|            0|      0.000|  5.65|        -|   -|            -|     3920 (3%)|    -|
|    + galois2                  |     -|              -|         -|            1|         -|       yes|            0|      0.000|  6.11|        -|   -|            -|      98 (~0%)|    -|
|    + galois2                  |     -|              -|         -|            1|         -|       yes|            0|      0.000|  6.11|        -|   -|            -|      98 (~0%)|    -|
|    + galois2                  |     -|              -|         -|            1|         -|       yes|            0|      0.000|  6.11|        -|   -|            -|      98 (~0%)|    -|
|    + galois2                  |     -|              -|         -|            1|         -|       yes|            0|      0.000|  6.11|        -|   -|            -|      98 (~0%)|    -|
|    + galois2                  |     -|              -|         -|            1|         -|       yes|            0|      0.000|  6.11|        -|   -|            -|      98 (~0%)|    -|
|    + galois2                  |     -|              -|         -|            1|         -|       yes|            0|      0.000|  6.11|        -|   -|            -|      98 (~0%)|    -|
|    + galois2                  |     -|              -|         -|            1|         -|       yes|            0|      0.000|  6.11|        -|   -|            -|      98 (~0%)|    -|
|    + galois2                  |     -|              -|         -|            1|         -|       yes|            0|      0.000|  6.11|        -|   -|            -|      98 (~0%)|    -|
|    + galois2                  |     -|              -|         -|            1|         -|       yes|            0|      0.000|  6.11|        -|   -|            -|      98 (~0%)|    -|
|    + galois2                  |     -|              -|         -|            1|         -|       yes|            0|      0.000|  6.11|        -|   -|            -|      98 (~0%)|    -|
|    + galois2                  |     -|              -|         -|            1|         -|       yes|            0|      0.000|  6.11|        -|   -|            -|      98 (~0%)|    -|
|    + galois2                  |     -|              -|         -|            1|         -|       yes|            0|      0.000|  6.11|        -|   -|            -|      98 (~0%)|    -|
|    + galois2                  |     -|              -|         -|            1|         -|       yes|            0|      0.000|  6.11|        -|   -|            -|      98 (~0%)|    -|
|    + galois2                  |     -|              -|         -|            1|         -|       yes|            0|      0.000|  6.11|        -|   -|            -|      98 (~0%)|    -|
|    + galois2                  |     -|              -|         -|            1|         -|       yes|            0|      0.000|  6.11|        -|   -|            -|      98 (~0%)|    -|
|    + galois2                  |     -|              -|         -|            1|         -|       yes|            0|      0.000|  6.11|        -|   -|            -|      98 (~0%)|    -|
|    + galois3                  |     -|              -|         -|            1|         -|       yes|            0|      0.000|  5.99|        -|   -|            -|     123 (~0%)|    -|
|    + galois3                  |     -|              -|         -|            1|         -|       yes|            0|      0.000|  5.99|        -|   -|            -|     123 (~0%)|    -|
|    + galois3                  |     -|              -|         -|            1|         -|       yes|            0|      0.000|  5.99|        -|   -|            -|     123 (~0%)|    -|
|    + galois3                  |     -|              -|         -|            1|         -|       yes|            0|      0.000|  5.99|        -|   -|            -|     123 (~0%)|    -|
|    + galois3                  |     -|              -|         -|            1|         -|       yes|            0|      0.000|  5.99|        -|   -|            -|     123 (~0%)|    -|
|    + galois3                  |     -|              -|         -|            1|         -|       yes|            0|      0.000|  5.99|        -|   -|            -|     123 (~0%)|    -|
|    + galois3                  |     -|              -|         -|            1|         -|       yes|            0|      0.000|  5.99|        -|   -|            -|     123 (~0%)|    -|
|    + galois3                  |     -|              -|         -|            1|         -|       yes|            0|      0.000|  5.99|        -|   -|            -|     123 (~0%)|    -|
|    + galois3                  |     -|              -|         -|            1|         -|       yes|            0|      0.000|  5.99|        -|   -|            -|     123 (~0%)|    -|
|    + galois3                  |     -|              -|         -|            1|         -|       yes|            0|      0.000|  5.99|        -|   -|            -|     123 (~0%)|    -|
|    + galois3                  |     -|              -|         -|            1|         -|       yes|            0|      0.000|  5.99|        -|   -|            -|     123 (~0%)|    -|
|    + galois3                  |     -|              -|         -|            1|         -|       yes|            0|      0.000|  5.99|        -|   -|            -|     123 (~0%)|    -|
|    + galois3                  |     -|              -|         -|            1|         -|       yes|            0|      0.000|  5.99|        -|   -|            -|     123 (~0%)|    -|
|    + galois3                  |     -|              -|         -|            1|         -|       yes|            0|      0.000|  5.99|        -|   -|            -|     123 (~0%)|    -|
|    + galois3                  |     -|              -|         -|            1|         -|       yes|            0|      0.000|  5.99|        -|   -|            -|     123 (~0%)|    -|
|    + galois3                  |     -|              -|         -|            1|         -|       yes|            0|      0.000|  5.99|        -|   -|            -|     123 (~0%)|    -|
|   + mix_columns               |     -|              -|         -|            1|         -|       yes|            0|      0.000|  5.65|        -|   -|            -|     3920 (3%)|    -|
|    + galois2                  |     -|              -|         -|            1|         -|       yes|            0|      0.000|  6.11|        -|   -|            -|      98 (~0%)|    -|
|    + galois2                  |     -|              -|         -|            1|         -|       yes|            0|      0.000|  6.11|        -|   -|            -|      98 (~0%)|    -|
|    + galois2                  |     -|              -|         -|            1|         -|       yes|            0|      0.000|  6.11|        -|   -|            -|      98 (~0%)|    -|
|    + galois2                  |     -|              -|         -|            1|         -|       yes|            0|      0.000|  6.11|        -|   -|            -|      98 (~0%)|    -|
|    + galois2                  |     -|              -|         -|            1|         -|       yes|            0|      0.000|  6.11|        -|   -|            -|      98 (~0%)|    -|
|    + galois2                  |     -|              -|         -|            1|         -|       yes|            0|      0.000|  6.11|        -|   -|            -|      98 (~0%)|    -|
|    + galois2                  |     -|              -|         -|            1|         -|       yes|            0|      0.000|  6.11|        -|   -|            -|      98 (~0%)|    -|
|    + galois2                  |     -|              -|         -|            1|         -|       yes|            0|      0.000|  6.11|        -|   -|            -|      98 (~0%)|    -|
|    + galois2                  |     -|              -|         -|            1|         -|       yes|            0|      0.000|  6.11|        -|   -|            -|      98 (~0%)|    -|
|    + galois2                  |     -|              -|         -|            1|         -|       yes|            0|      0.000|  6.11|        -|   -|            -|      98 (~0%)|    -|
|    + galois2                  |     -|              -|         -|            1|         -|       yes|            0|      0.000|  6.11|        -|   -|            -|      98 (~0%)|    -|
|    + galois2                  |     -|              -|         -|            1|         -|       yes|            0|      0.000|  6.11|        -|   -|            -|      98 (~0%)|    -|
|    + galois2                  |     -|              -|         -|            1|         -|       yes|            0|      0.000|  6.11|        -|   -|            -|      98 (~0%)|    -|
|    + galois2                  |     -|              -|         -|            1|         -|       yes|            0|      0.000|  6.11|        -|   -|            -|      98 (~0%)|    -|
|    + galois2                  |     -|              -|         -|            1|         -|       yes|            0|      0.000|  6.11|        -|   -|            -|      98 (~0%)|    -|
|    + galois2                  |     -|              -|         -|            1|         -|       yes|            0|      0.000|  6.11|        -|   -|            -|      98 (~0%)|    -|
|    + galois3                  |     -|              -|         -|            1|         -|       yes|            0|      0.000|  5.99|        -|   -|            -|     123 (~0%)|    -|
|    + galois3                  |     -|              -|         -|            1|         -|       yes|            0|      0.000|  5.99|        -|   -|            -|     123 (~0%)|    -|
|    + galois3                  |     -|              -|         -|            1|         -|       yes|            0|      0.000|  5.99|        -|   -|            -|     123 (~0%)|    -|
|    + galois3                  |     -|              -|         -|            1|         -|       yes|            0|      0.000|  5.99|        -|   -|            -|     123 (~0%)|    -|
|    + galois3                  |     -|              -|         -|            1|         -|       yes|            0|      0.000|  5.99|        -|   -|            -|     123 (~0%)|    -|
|    + galois3                  |     -|              -|         -|            1|         -|       yes|            0|      0.000|  5.99|        -|   -|            -|     123 (~0%)|    -|
|    + galois3                  |     -|              -|         -|            1|         -|       yes|            0|      0.000|  5.99|        -|   -|            -|     123 (~0%)|    -|
|    + galois3                  |     -|              -|         -|            1|         -|       yes|            0|      0.000|  5.99|        -|   -|            -|     123 (~0%)|    -|
|    + galois3                  |     -|              -|         -|            1|         -|       yes|            0|      0.000|  5.99|        -|   -|            -|     123 (~0%)|    -|
|    + galois3                  |     -|              -|         -|            1|         -|       yes|            0|      0.000|  5.99|        -|   -|            -|     123 (~0%)|    -|
|    + galois3                  |     -|              -|         -|            1|         -|       yes|            0|      0.000|  5.99|        -|   -|            -|     123 (~0%)|    -|
|    + galois3                  |     -|              -|         -|            1|         -|       yes|            0|      0.000|  5.99|        -|   -|            -|     123 (~0%)|    -|
|    + galois3                  |     -|              -|         -|            1|         -|       yes|            0|      0.000|  5.99|        -|   -|            -|     123 (~0%)|    -|
|    + galois3                  |     -|              -|         -|            1|         -|       yes|            0|      0.000|  5.99|        -|   -|            -|     123 (~0%)|    -|
|    + galois3                  |     -|              -|         -|            1|         -|       yes|            0|      0.000|  5.99|        -|   -|            -|     123 (~0%)|    -|
|    + galois3                  |     -|              -|         -|            1|         -|       yes|            0|      0.000|  5.99|        -|   -|            -|     123 (~0%)|    -|
|   + mix_columns               |     -|              -|         -|            1|         -|       yes|            0|      0.000|  5.65|        -|   -|            -|     3920 (3%)|    -|
|    + galois2                  |     -|              -|         -|            1|         -|       yes|            0|      0.000|  6.11|        -|   -|            -|      98 (~0%)|    -|
|    + galois2                  |     -|              -|         -|            1|         -|       yes|            0|      0.000|  6.11|        -|   -|            -|      98 (~0%)|    -|
|    + galois2                  |     -|              -|         -|            1|         -|       yes|            0|      0.000|  6.11|        -|   -|            -|      98 (~0%)|    -|
|    + galois2                  |     -|              -|         -|            1|         -|       yes|            0|      0.000|  6.11|        -|   -|            -|      98 (~0%)|    -|
|    + galois2                  |     -|              -|         -|            1|         -|       yes|            0|      0.000|  6.11|        -|   -|            -|      98 (~0%)|    -|
|    + galois2                  |     -|              -|         -|            1|         -|       yes|            0|      0.000|  6.11|        -|   -|            -|      98 (~0%)|    -|
|    + galois2                  |     -|              -|         -|            1|         -|       yes|            0|      0.000|  6.11|        -|   -|            -|      98 (~0%)|    -|
|    + galois2                  |     -|              -|         -|            1|         -|       yes|            0|      0.000|  6.11|        -|   -|            -|      98 (~0%)|    -|
|    + galois2                  |     -|              -|         -|            1|         -|       yes|            0|      0.000|  6.11|        -|   -|            -|      98 (~0%)|    -|
|    + galois2                  |     -|              -|         -|            1|         -|       yes|            0|      0.000|  6.11|        -|   -|            -|      98 (~0%)|    -|
|    + galois2                  |     -|              -|         -|            1|         -|       yes|            0|      0.000|  6.11|        -|   -|            -|      98 (~0%)|    -|
|    + galois2                  |     -|              -|         -|            1|         -|       yes|            0|      0.000|  6.11|        -|   -|            -|      98 (~0%)|    -|
|    + galois2                  |     -|              -|         -|            1|         -|       yes|            0|      0.000|  6.11|        -|   -|            -|      98 (~0%)|    -|
|    + galois2                  |     -|              -|         -|            1|         -|       yes|            0|      0.000|  6.11|        -|   -|            -|      98 (~0%)|    -|
|    + galois2                  |     -|              -|         -|            1|         -|       yes|            0|      0.000|  6.11|        -|   -|            -|      98 (~0%)|    -|
|    + galois2                  |     -|              -|         -|            1|         -|       yes|            0|      0.000|  6.11|        -|   -|            -|      98 (~0%)|    -|
|    + galois3                  |     -|              -|         -|            1|         -|       yes|            0|      0.000|  5.99|        -|   -|            -|     123 (~0%)|    -|
|    + galois3                  |     -|              -|         -|            1|         -|       yes|            0|      0.000|  5.99|        -|   -|            -|     123 (~0%)|    -|
|    + galois3                  |     -|              -|         -|            1|         -|       yes|            0|      0.000|  5.99|        -|   -|            -|     123 (~0%)|    -|
|    + galois3                  |     -|              -|         -|            1|         -|       yes|            0|      0.000|  5.99|        -|   -|            -|     123 (~0%)|    -|
|    + galois3                  |     -|              -|         -|            1|         -|       yes|            0|      0.000|  5.99|        -|   -|            -|     123 (~0%)|    -|
|    + galois3                  |     -|              -|         -|            1|         -|       yes|            0|      0.000|  5.99|        -|   -|            -|     123 (~0%)|    -|
|    + galois3                  |     -|              -|         -|            1|         -|       yes|            0|      0.000|  5.99|        -|   -|            -|     123 (~0%)|    -|
|    + galois3                  |     -|              -|         -|            1|         -|       yes|            0|      0.000|  5.99|        -|   -|            -|     123 (~0%)|    -|
|    + galois3                  |     -|              -|         -|            1|         -|       yes|            0|      0.000|  5.99|        -|   -|            -|     123 (~0%)|    -|
|    + galois3                  |     -|              -|         -|            1|         -|       yes|            0|      0.000|  5.99|        -|   -|            -|     123 (~0%)|    -|
|    + galois3                  |     -|              -|         -|            1|         -|       yes|            0|      0.000|  5.99|        -|   -|            -|     123 (~0%)|    -|
|    + galois3                  |     -|              -|         -|            1|         -|       yes|            0|      0.000|  5.99|        -|   -|            -|     123 (~0%)|    -|
|    + galois3                  |     -|              -|         -|            1|         -|       yes|            0|      0.000|  5.99|        -|   -|            -|     123 (~0%)|    -|
|    + galois3                  |     -|              -|         -|            1|         -|       yes|            0|      0.000|  5.99|        -|   -|            -|     123 (~0%)|    -|
|    + galois3                  |     -|              -|         -|            1|         -|       yes|            0|      0.000|  5.99|        -|   -|            -|     123 (~0%)|    -|
|    + galois3                  |     -|              -|         -|            1|         -|       yes|            0|      0.000|  5.99|        -|   -|            -|     123 (~0%)|    -|
|  + aes_encrypt_Pipeline_3     |     -|              -|         -|            -|         -|       yes|           18|    180.000|  6.08|        -|   -|    136 (~0%)|     128 (~0%)|    -|
|   o Loop 1                    |     -|              -|         1|            1|        16|       yes|           16|    160.000|  7.30|        -|   -|            -|             -|    -|
|  + aes_encrypt_Pipeline_4     |     -|              -|         -|            -|         -|       yes|           18|    180.000|  6.08|        -|   -|    264 (~0%)|     239 (~0%)|    -|
|   o Loop 1                    |     -|              -|         1|            1|        16|       yes|           16|    160.000|  7.30|        -|   -|            -|             -|    -|
|  + aes_encrypt_Pipeline_5     |     -|              -|         -|            -|         -|       yes|           18|    180.000|  6.08|        -|   -|    136 (~0%)|     128 (~0%)|    -|
|   o Loop 1                    |     -|              -|         1|            1|        16|       yes|           16|    160.000|  7.30|        -|   -|            -|             -|    -|
|  + aes_encrypt_Pipeline_6     |     -|              -|         -|            -|         -|       yes|           18|    180.000|  6.08|        -|   -|    264 (~0%)|     239 (~0%)|    -|
|   o Loop 1                    |     -|              -|         1|            1|        16|       yes|           16|    160.000|  7.30|        -|   -|            -|             -|    -|
|  + aes_encrypt_Pipeline_7     |     -|              -|         -|            -|         -|       yes|           18|    180.000|  6.08|        -|   -|    136 (~0%)|     128 (~0%)|    -|
|   o Loop 1                    |     -|              -|         1|            1|        16|       yes|           16|    160.000|  7.30|        -|   -|            -|             -|    -|
|  + aes_encrypt_Pipeline_8     |     -|              -|         -|            -|         -|       yes|           18|    180.000|  6.08|        -|   -|    264 (~0%)|     239 (~0%)|    -|
|   o Loop 1                    |     -|              -|         1|            1|        16|       yes|           16|    160.000|  7.30|        -|   -|            -|             -|    -|
|  + aes_encrypt_Pipeline_9     |     -|              -|         -|            -|         -|       yes|           18|    180.000|  6.08|        -|   -|    136 (~0%)|     128 (~0%)|    -|
|   o Loop 1                    |     -|              -|         1|            1|        16|       yes|           16|    160.000|  7.30|        -|   -|            -|             -|    -|
+-------------------------------+------+---------------+----------+-------------+----------+----------+-------------+-----------+------+---------+----+-------------+--------------+-----+
    Name Prefix: '+' for module, 'o' for loop, '*' for dataflow


================================================================
== HW Interfaces
================================================================
* M_AXI
+------------+------------+------------+---------------+---------+--------+----------+-----------+--------------+--------------+-------------+-------------+-------------------+
| Interface  | Read/Write | Data Width | Address Width | Latency | Offset | Register | Max Widen | Max Read     | Max Write    | Num Read    | Num Write   | Resource Estimate |
|            |            | (SW->HW)   |               |         |        |          | Bitwidth  | Burst Length | Burst Length | Outstanding | Outstanding |                   |
+------------+------------+------------+---------------+---------+--------+----------+-----------+--------------+--------------+-------------+-------------+-------------------+
| m_axi_gmem | READ_WRITE | 8 -> 256   | 64            | 64      | slave  | 0        | 512       | 16           | 16           | 16          | 16          | BRAM=15           |
+------------+------------+------------+---------------+---------+--------+----------+-----------+--------------+--------------+-------------+-------------+-------------------+

* S_AXILITE Interfaces
+---------------+------------+---------------+--------+----------+
| Interface     | Data Width | Address Width | Offset | Register |
+---------------+------------+---------------+--------+----------+
| s_axi_control | 32         | 6             | 16     | 0        |
+---------------+------------+---------------+--------+----------+

* S_AXILITE Registers
+---------------+--------------+--------+-------+--------+----------------------------------+------------------------------------------------------------------------------------+
| Interface     | Register     | Offset | Width | Access | Description                      | Bit Fields                                                                         |
+---------------+--------------+--------+-------+--------+----------------------------------+------------------------------------------------------------------------------------+
| s_axi_control | CTRL         | 0x00   | 32    | RW     | Control signals                  | 0=AP_START 1=AP_DONE 2=AP_IDLE 3=AP_READY 4=AP_CONTINUE 7=AUTO_RESTART 9=INTERRUPT |
| s_axi_control | GIER         | 0x04   | 32    | RW     | Global Interrupt Enable Register | 0=Enable                                                                           |
| s_axi_control | IP_IER       | 0x08   | 32    | RW     | IP Interrupt Enable Register     | 0=CHAN0_INT_EN 1=CHAN1_INT_EN                                                      |
| s_axi_control | IP_ISR       | 0x0c   | 32    | RW     | IP Interrupt Status Register     | 0=CHAN0_INT_ST 1=CHAN1_INT_ST                                                      |
| s_axi_control | plaintext_1  | 0x10   | 32    | W      | Data signal of plaintext         |                                                                                    |
| s_axi_control | plaintext_2  | 0x14   | 32    | W      | Data signal of plaintext         |                                                                                    |
| s_axi_control | size         | 0x1c   | 32    | W      | Data signal of size              |                                                                                    |
| s_axi_control | ciphertext_1 | 0x24   | 32    | W      | Data signal of ciphertext        |                                                                                    |
| s_axi_control | ciphertext_2 | 0x28   | 32    | W      | Data signal of ciphertext        |                                                                                    |
| s_axi_control | key_1        | 0x30   | 32    | W      | Data signal of key               |                                                                                    |
| s_axi_control | key_2        | 0x34   | 32    | W      | Data signal of key               |                                                                                    |
+---------------+--------------+--------+-------+--------+----------------------------------+------------------------------------------------------------------------------------+

* TOP LEVEL CONTROL
+-----------+---------------+-----------+
| Interface | Type          | Ports     |
+-----------+---------------+-----------+
| ap_clk    | clock         | ap_clk    |
| ap_rst_n  | reset         | ap_rst_n  |
| interrupt | interrupt     | interrupt |
| ap_ctrl   | ap_ctrl_chain |           |
+-----------+---------------+-----------+


================================================================
== SW I/O Information
================================================================
* Top Function Arguments
+------------+-----------+-----------------------+
| Argument   | Direction | Datatype              |
+------------+-----------+-----------------------+
| plaintext  | inout     | unsigned char const * |
| size       | in        | unsigned int const    |
| ciphertext | inout     | unsigned char*        |
| key        | inout     | unsigned char const * |
+------------+-----------+-----------------------+

* SW-to-HW Mapping
+------------+---------------+-----------+----------+----------------------------------------+
| Argument   | HW Interface  | HW Type   | HW Usage | HW Info                                |
+------------+---------------+-----------+----------+----------------------------------------+
| plaintext  | m_axi_gmem    | interface |          | channel=0                              |
| plaintext  | s_axi_control | register  | offset   | name=plaintext_1 offset=0x10 range=32  |
| plaintext  | s_axi_control | register  | offset   | name=plaintext_2 offset=0x14 range=32  |
| size       | s_axi_control | register  |          | name=size offset=0x1c range=32         |
| ciphertext | m_axi_gmem    | interface |          | channel=0                              |
| ciphertext | s_axi_control | register  | offset   | name=ciphertext_1 offset=0x24 range=32 |
| ciphertext | s_axi_control | register  | offset   | name=ciphertext_2 offset=0x28 range=32 |
| key        | m_axi_gmem    | interface |          | channel=0                              |
| key        | s_axi_control | register  | offset   | name=key_1 offset=0x30 range=32        |
| key        | s_axi_control | register  | offset   | name=key_2 offset=0x34 range=32        |
+------------+---------------+-----------+----------+----------------------------------------+


================================================================
== M_AXI Burst Information
================================================================
 Note: All burst requests might be further partitioned into multiple requests during RTL generation based on max_read_burst_length or max_write_burst_length settings.

* All M_AXI Variable Accesses
+--------------+------------+-----------------------------------------------------------------------+-----------+--------------+--------+-----------+-----------------------------------------------------------------------+
| HW Interface | Variable   | Access Location                                                       | Direction | Burst Status | Length | Loop      | Loop Location                                                         |
+--------------+------------+-----------------------------------------------------------------------+-----------+--------------+--------+-----------+-----------------------------------------------------------------------+
| m_axi_gmem   | key        | AES-Accelerator-hls/code/key_expand_flexible_input_size/aes.cpp:166:5 | read      | Widened      | 1      | anonymous | AES-Accelerator-hls/code/key_expand_flexible_input_size/aes.cpp:166:5 |
| m_axi_gmem   | key        | AES-Accelerator-hls/code/key_expand_flexible_input_size/aes.cpp:166:5 | read      | Inferred     | 32     | anonymous | AES-Accelerator-hls/code/key_expand_flexible_input_size/aes.cpp:166:5 |
| m_axi_gmem   | plaintext  | AES-Accelerator-hls/code/key_expand_flexible_input_size/aes.cpp:184:5 | read      | Widened      | 1      | anonymous | AES-Accelerator-hls/code/key_expand_flexible_input_size/aes.cpp:184:5 |
| m_axi_gmem   | plaintext  | AES-Accelerator-hls/code/key_expand_flexible_input_size/aes.cpp:184:5 | read      | Inferred     | 16     | anonymous | AES-Accelerator-hls/code/key_expand_flexible_input_size/aes.cpp:184:5 |
| m_axi_gmem   | ciphertext | AES-Accelerator-hls/code/key_expand_flexible_input_size/aes.cpp:213:9 | write     | Widened      | 1      | anonymous | AES-Accelerator-hls/code/key_expand_flexible_input_size/aes.cpp:213:9 |
| m_axi_gmem   | ciphertext | AES-Accelerator-hls/code/key_expand_flexible_input_size/aes.cpp:213:9 | write     | Inferred     | 16     | anonymous | AES-Accelerator-hls/code/key_expand_flexible_input_size/aes.cpp:213:9 |
+--------------+------------+-----------------------------------------------------------------------+-----------+--------------+--------+-----------+-----------------------------------------------------------------------+


================================================================
== Bind Op Report
================================================================
+---------------------------------------------------------------+-----+--------+----------------+-----------+--------------------------+---------+
| Name                                                          | DSP | Pragma | Variable       | Op        | Impl                     | Latency |
+---------------------------------------------------------------+-----+--------+----------------+-----------+--------------------------+---------+
| + aes_encrypt                                                 | 0   |        |                |           |                          |         |
|   icmp_ln171_fu_5256_p2                                       |     |        | icmp_ln171     | seteq     | auto                     | 0       |
|   genKeys_3_fu_5262_p2                                        |     |        | genKeys_3      | add       | fabric                   | 0       |
|   diff_fu_5276_p2                                             |     |        | diff           | sub       | fabric                   | 0       |
|   add_ln160_fu_5295_p2                                        |     |        | add_ln160      | add       | fabric                   | 0       |
|   icmp_ln159_fu_5301_p2                                       |     |        | icmp_ln159     | seteq     | auto                     | 0       |
|   select_ln159_fu_5306_p3                                     |     |        | select_ln159   | select    | auto_sel                 | 0       |
|   icmp_ln192_fu_5331_p2                                       |     |        | icmp_ln192     | seteq     | auto                     | 0       |
|   icmp_ln192_1_fu_5337_p2                                     |     |        | icmp_ln192_1   | setlt     | auto                     | 0       |
|   icmp_ln192_2_fu_5351_p2                                     |     |        | icmp_ln192_2   | seteq     | auto                     | 0       |
|   icmp_ln192_3_fu_5357_p2                                     |     |        | icmp_ln192_3   | setlt     | auto                     | 0       |
|   icmp_ln192_4_fu_5362_p2                                     |     |        | icmp_ln192_4   | setlt     | auto                     | 0       |
|   icmp_ln192_5_fu_5367_p2                                     |     |        | icmp_ln192_5   | setlt     | auto                     | 0       |
|   xor_ln192_fu_5379_p2                                        |     |        | xor_ln192      | xor       | auto                     | 0       |
|   icmp_ln192_6_fu_5385_p2                                     |     |        | icmp_ln192_6   | setlt     | auto                     | 0       |
|   icmp_ln192_7_fu_5390_p2                                     |     |        | icmp_ln192_7   | setlt     | auto                     | 0       |
|   icmp_ln192_8_fu_5395_p2                                     |     |        | icmp_ln192_8   | setlt     | auto                     | 0       |
|   icmp_ln192_9_fu_5400_p2                                     |     |        | icmp_ln192_9   | setlt     | auto                     | 0       |
|   icmp_ln192_10_fu_5405_p2                                    |     |        | icmp_ln192_10  | setlt     | auto                     | 0       |
|   icmp_ln192_11_fu_5410_p2                                    |     |        | icmp_ln192_11  | setlt     | auto                     | 0       |
|   icmp_ln192_12_fu_5415_p2                                    |     |        | icmp_ln192_12  | setne     | auto                     | 0       |
|   icmp_ln177_fu_7588_p2                                       |     |        | icmp_ln177     | setlt     | auto                     | 0       |
|   add_ln180_fu_7597_p2                                        |     |        | add_ln180      | add       | fabric                   | 0       |
|   icmp_ln191_fu_7705_p2                                       |     |        | icmp_ln191     | seteq     | auto                     | 0       |
|   and_ln191_fu_7757_p2                                        |     |        | and_ln191      | and       | auto                     | 0       |
|   state_fu_7761_p3                                            |     |        | state          | select    | auto_sel                 | 0       |
|   and_ln191_1_fu_7769_p2                                      |     |        | and_ln191_1    | and       | auto                     | 0       |
|   and_ln191_2_fu_7773_p2                                      |     |        | and_ln191_2    | and       | auto                     | 0       |
|   and_ln191_3_fu_7777_p2                                      |     |        | and_ln191_3    | and       | auto                     | 0       |
|   and_ln191_4_fu_7781_p2                                      |     |        | and_ln191_4    | and       | auto                     | 0       |
|   and_ln191_5_fu_7785_p2                                      |     |        | and_ln191_5    | and       | auto                     | 0       |
|   and_ln191_6_fu_7789_p2                                      |     |        | and_ln191_6    | and       | auto                     | 0       |
|   and_ln191_7_fu_7793_p2                                      |     |        | and_ln191_7    | and       | auto                     | 0       |
|   and_ln191_8_fu_7797_p2                                      |     |        | and_ln191_8    | and       | auto                     | 0       |
|   and_ln191_9_fu_7801_p2                                      |     |        | and_ln191_9    | and       | auto                     | 0       |
|   and_ln191_10_fu_7805_p2                                     |     |        | and_ln191_10   | and       | auto                     | 0       |
|   and_ln191_11_fu_7809_p2                                     |     |        | and_ln191_11   | and       | auto                     | 0       |
|   and_ln191_12_fu_7813_p2                                     |     |        | and_ln191_12   | and       | auto                     | 0       |
|   and_ln191_13_fu_7817_p2                                     |     |        | and_ln191_13   | and       | auto                     | 0       |
|   and_ln191_14_fu_7821_p2                                     |     |        | and_ln191_14   | and       | auto                     | 0       |
|   state_4_fu_7825_p3                                          |     |        | state_4        | select    | auto_sel                 | 0       |
|   state_8_fu_7833_p3                                          |     |        | state_8        | select    | auto_sel                 | 0       |
|   state_12_fu_7841_p3                                         |     |        | state_12       | select    | auto_sel                 | 0       |
|   state_1_fu_7849_p3                                          |     |        | state_1        | select    | auto_sel                 | 0       |
|   state_5_fu_7857_p3                                          |     |        | state_5        | select    | auto_sel                 | 0       |
|   state_9_fu_7865_p3                                          |     |        | state_9        | select    | auto_sel                 | 0       |
|   state_13_fu_7873_p3                                         |     |        | state_13       | select    | auto_sel                 | 0       |
|   state_2_fu_7881_p3                                          |     |        | state_2        | select    | auto_sel                 | 0       |
|   state_6_fu_7889_p3                                          |     |        | state_6        | select    | auto_sel                 | 0       |
|   state_10_fu_7897_p3                                         |     |        | state_10       | select    | auto_sel                 | 0       |
|   state_14_fu_7905_p3                                         |     |        | state_14       | select    | auto_sel                 | 0       |
|   state_3_fu_7913_p3                                          |     |        | state_3        | select    | auto_sel                 | 0       |
|   state_7_fu_7921_p3                                          |     |        | state_7        | select    | auto_sel                 | 0       |
|   state_11_fu_7929_p3                                         |     |        | state_11       | select    | auto_sel                 | 0       |
|   state_15_fu_7937_p3                                         |     |        | state_15       | select    | auto_sel                 | 0       |
|   add_ln180_1_fu_8016_p2                                      |     |        | add_ln180_1    | add       | fabric                   | 0       |
|   add_ln180_2_fu_8021_p2                                      |     |        | add_ln180_2    | add       | fabric                   | 0       |
|   add_ln180_3_fu_8026_p2                                      |     |        | add_ln180_3    | add       | fabric                   | 0       |
|   add_ln180_4_fu_8031_p2                                      |     |        | add_ln180_4    | add       | fabric                   | 0       |
|   add_ln180_5_fu_8036_p2                                      |     |        | add_ln180_5    | add       | fabric                   | 0       |
|   add_ln180_6_fu_8041_p2                                      |     |        | add_ln180_6    | add       | fabric                   | 0       |
|   add_ln180_7_fu_7612_p2                                      |     |        | add_ln180_7    | add       | fabric                   | 0       |
|   icmp_ln177_1_fu_8046_p2                                     |     |        | icmp_ln177_1   | setlt     | auto                     | 0       |
|   lshr_ln184_fu_8091_p2                                       |     |        | lshr_ln184     | lshr      | auto_pipe                | 0       |
|   icmp_ln191_1_fu_8065_p2                                     |     |        | icmp_ln191_1   | seteq     | auto                     | 0       |
|   and_ln191_15_fu_8150_p2                                     |     |        | and_ln191_15   | and       | auto                     | 0       |
|   state_32_fu_8154_p3                                         |     |        | state_32       | select    | auto_sel                 | 0       |
|   and_ln191_16_fu_8162_p2                                     |     |        | and_ln191_16   | and       | auto                     | 0       |
|   and_ln191_17_fu_8166_p2                                     |     |        | and_ln191_17   | and       | auto                     | 0       |
|   and_ln191_18_fu_8170_p2                                     |     |        | and_ln191_18   | and       | auto                     | 0       |
|   and_ln191_19_fu_8174_p2                                     |     |        | and_ln191_19   | and       | auto                     | 0       |
|   and_ln191_20_fu_8178_p2                                     |     |        | and_ln191_20   | and       | auto                     | 0       |
|   and_ln191_21_fu_8182_p2                                     |     |        | and_ln191_21   | and       | auto                     | 0       |
|   and_ln191_22_fu_8186_p2                                     |     |        | and_ln191_22   | and       | auto                     | 0       |
|   and_ln191_23_fu_8190_p2                                     |     |        | and_ln191_23   | and       | auto                     | 0       |
|   and_ln191_24_fu_8194_p2                                     |     |        | and_ln191_24   | and       | auto                     | 0       |
|   and_ln191_25_fu_8198_p2                                     |     |        | and_ln191_25   | and       | auto                     | 0       |
|   and_ln191_26_fu_8202_p2                                     |     |        | and_ln191_26   | and       | auto                     | 0       |
|   and_ln191_27_fu_8206_p2                                     |     |        | and_ln191_27   | and       | auto                     | 0       |
|   and_ln191_28_fu_8210_p2                                     |     |        | and_ln191_28   | and       | auto                     | 0       |
|   and_ln191_29_fu_8214_p2                                     |     |        | and_ln191_29   | and       | auto                     | 0       |
|   state_36_fu_8218_p3                                         |     |        | state_36       | select    | auto_sel                 | 0       |
|   state_40_fu_8226_p3                                         |     |        | state_40       | select    | auto_sel                 | 0       |
|   state_44_fu_8234_p3                                         |     |        | state_44       | select    | auto_sel                 | 0       |
|   state_33_fu_8242_p3                                         |     |        | state_33       | select    | auto_sel                 | 0       |
|   state_37_fu_8250_p3                                         |     |        | state_37       | select    | auto_sel                 | 0       |
|   state_41_fu_8258_p3                                         |     |        | state_41       | select    | auto_sel                 | 0       |
|   state_45_fu_8266_p3                                         |     |        | state_45       | select    | auto_sel                 | 0       |
|   state_34_fu_8274_p3                                         |     |        | state_34       | select    | auto_sel                 | 0       |
|   state_38_fu_8282_p3                                         |     |        | state_38       | select    | auto_sel                 | 0       |
|   state_42_fu_8290_p3                                         |     |        | state_42       | select    | auto_sel                 | 0       |
|   state_46_fu_8298_p3                                         |     |        | state_46       | select    | auto_sel                 | 0       |
|   state_35_fu_8306_p3                                         |     |        | state_35       | select    | auto_sel                 | 0       |
|   state_39_fu_8314_p3                                         |     |        | state_39       | select    | auto_sel                 | 0       |
|   state_43_fu_8322_p3                                         |     |        | state_43       | select    | auto_sel                 | 0       |
|   state_47_fu_8330_p3                                         |     |        | state_47       | select    | auto_sel                 | 0       |
|   shl_ln214_fu_8351_p2                                        |     |        | shl_ln214      | shl       | auto_pipe                | 0       |
|   shl_ln214_2_fu_8369_p2                                      |     |        | shl_ln214_2    | shl       | auto_pipe                | 0       |
|   icmp_ln177_2_fu_8395_p2                                     |     |        | icmp_ln177_2   | setlt     | auto                     | 0       |
|   icmp_ln191_2_fu_8408_p2                                     |     |        | icmp_ln191_2   | seteq     | auto                     | 0       |
|   and_ln191_30_fu_8487_p2                                     |     |        | and_ln191_30   | and       | auto                     | 0       |
|   state_64_fu_8491_p3                                         |     |        | state_64       | select    | auto_sel                 | 0       |
|   and_ln191_31_fu_8499_p2                                     |     |        | and_ln191_31   | and       | auto                     | 0       |
|   and_ln191_32_fu_8503_p2                                     |     |        | and_ln191_32   | and       | auto                     | 0       |
|   and_ln191_33_fu_8507_p2                                     |     |        | and_ln191_33   | and       | auto                     | 0       |
|   and_ln191_34_fu_8511_p2                                     |     |        | and_ln191_34   | and       | auto                     | 0       |
|   and_ln191_35_fu_8515_p2                                     |     |        | and_ln191_35   | and       | auto                     | 0       |
|   and_ln191_36_fu_8519_p2                                     |     |        | and_ln191_36   | and       | auto                     | 0       |
|   and_ln191_37_fu_8523_p2                                     |     |        | and_ln191_37   | and       | auto                     | 0       |
|   and_ln191_38_fu_8527_p2                                     |     |        | and_ln191_38   | and       | auto                     | 0       |
|   and_ln191_39_fu_8531_p2                                     |     |        | and_ln191_39   | and       | auto                     | 0       |
|   and_ln191_40_fu_8535_p2                                     |     |        | and_ln191_40   | and       | auto                     | 0       |
|   and_ln191_41_fu_8539_p2                                     |     |        | and_ln191_41   | and       | auto                     | 0       |
|   and_ln191_42_fu_8543_p2                                     |     |        | and_ln191_42   | and       | auto                     | 0       |
|   and_ln191_43_fu_8547_p2                                     |     |        | and_ln191_43   | and       | auto                     | 0       |
|   and_ln191_44_fu_8551_p2                                     |     |        | and_ln191_44   | and       | auto                     | 0       |
|   state_68_fu_8555_p3                                         |     |        | state_68       | select    | auto_sel                 | 0       |
|   state_72_fu_8563_p3                                         |     |        | state_72       | select    | auto_sel                 | 0       |
|   state_76_fu_8571_p3                                         |     |        | state_76       | select    | auto_sel                 | 0       |
|   state_65_fu_8579_p3                                         |     |        | state_65       | select    | auto_sel                 | 0       |
|   state_69_fu_8587_p3                                         |     |        | state_69       | select    | auto_sel                 | 0       |
|   state_73_fu_8595_p3                                         |     |        | state_73       | select    | auto_sel                 | 0       |
|   state_77_fu_8603_p3                                         |     |        | state_77       | select    | auto_sel                 | 0       |
|   state_66_fu_8611_p3                                         |     |        | state_66       | select    | auto_sel                 | 0       |
|   state_70_fu_8619_p3                                         |     |        | state_70       | select    | auto_sel                 | 0       |
|   state_74_fu_8627_p3                                         |     |        | state_74       | select    | auto_sel                 | 0       |
|   state_78_fu_8635_p3                                         |     |        | state_78       | select    | auto_sel                 | 0       |
|   state_67_fu_8643_p3                                         |     |        | state_67       | select    | auto_sel                 | 0       |
|   state_71_fu_8651_p3                                         |     |        | state_71       | select    | auto_sel                 | 0       |
|   state_75_fu_8659_p3                                         |     |        | state_75       | select    | auto_sel                 | 0       |
|   state_79_fu_8667_p3                                         |     |        | state_79       | select    | auto_sel                 | 0       |
|   icmp_ln177_3_fu_8421_p2                                     |     |        | icmp_ln177_3   | setlt     | auto                     | 0       |
|   lshr_ln184_1_fu_8740_p2                                     |     |        | lshr_ln184_1   | lshr      | auto_pipe                | 0       |
|   icmp_ln191_3_fu_8692_p2                                     |     |        | icmp_ln191_3   | seteq     | auto                     | 0       |
|   and_ln191_45_fu_8799_p2                                     |     |        | and_ln191_45   | and       | auto                     | 0       |
|   state_96_fu_8803_p3                                         |     |        | state_96       | select    | auto_sel                 | 0       |
|   and_ln191_46_fu_8811_p2                                     |     |        | and_ln191_46   | and       | auto                     | 0       |
|   and_ln191_47_fu_8815_p2                                     |     |        | and_ln191_47   | and       | auto                     | 0       |
|   and_ln191_48_fu_8819_p2                                     |     |        | and_ln191_48   | and       | auto                     | 0       |
|   and_ln191_49_fu_8823_p2                                     |     |        | and_ln191_49   | and       | auto                     | 0       |
|   and_ln191_50_fu_8827_p2                                     |     |        | and_ln191_50   | and       | auto                     | 0       |
|   and_ln191_51_fu_8831_p2                                     |     |        | and_ln191_51   | and       | auto                     | 0       |
|   and_ln191_52_fu_8835_p2                                     |     |        | and_ln191_52   | and       | auto                     | 0       |
|   and_ln191_53_fu_8839_p2                                     |     |        | and_ln191_53   | and       | auto                     | 0       |
|   and_ln191_54_fu_8843_p2                                     |     |        | and_ln191_54   | and       | auto                     | 0       |
|   and_ln191_55_fu_8847_p2                                     |     |        | and_ln191_55   | and       | auto                     | 0       |
|   and_ln191_56_fu_8851_p2                                     |     |        | and_ln191_56   | and       | auto                     | 0       |
|   and_ln191_57_fu_8855_p2                                     |     |        | and_ln191_57   | and       | auto                     | 0       |
|   and_ln191_58_fu_8859_p2                                     |     |        | and_ln191_58   | and       | auto                     | 0       |
|   and_ln191_59_fu_8863_p2                                     |     |        | and_ln191_59   | and       | auto                     | 0       |
|   state_100_fu_8867_p3                                        |     |        | state_100      | select    | auto_sel                 | 0       |
|   state_104_fu_8875_p3                                        |     |        | state_104      | select    | auto_sel                 | 0       |
|   state_108_fu_8883_p3                                        |     |        | state_108      | select    | auto_sel                 | 0       |
|   state_97_fu_8891_p3                                         |     |        | state_97       | select    | auto_sel                 | 0       |
|   state_101_fu_8899_p3                                        |     |        | state_101      | select    | auto_sel                 | 0       |
|   state_105_fu_8907_p3                                        |     |        | state_105      | select    | auto_sel                 | 0       |
|   state_109_fu_8915_p3                                        |     |        | state_109      | select    | auto_sel                 | 0       |
|   state_98_fu_8923_p3                                         |     |        | state_98       | select    | auto_sel                 | 0       |
|   state_102_fu_8931_p3                                        |     |        | state_102      | select    | auto_sel                 | 0       |
|   state_106_fu_8939_p3                                        |     |        | state_106      | select    | auto_sel                 | 0       |
|   state_110_fu_8947_p3                                        |     |        | state_110      | select    | auto_sel                 | 0       |
|   state_99_fu_8955_p3                                         |     |        | state_99       | select    | auto_sel                 | 0       |
|   state_103_fu_8963_p3                                        |     |        | state_103      | select    | auto_sel                 | 0       |
|   state_107_fu_8971_p3                                        |     |        | state_107      | select    | auto_sel                 | 0       |
|   state_111_fu_8979_p3                                        |     |        | state_111      | select    | auto_sel                 | 0       |
|   shl_ln214_3_fu_9080_p2                                      |     |        | shl_ln214_3    | shl       | auto_pipe                | 0       |
|   shl_ln214_5_fu_9098_p2                                      |     |        | shl_ln214_5    | shl       | auto_pipe                | 0       |
|   i_6_fu_8696_p2                                              |     |        | i_6            | add       | fabric                   | 0       |
|  + aes_encrypt_Pipeline_1                                     | 0   |        |                |           |                          |         |
|    exitcond787135_fu_377_p2                                   |     |        | exitcond787135 | seteq     | auto                     | 0       |
|    empty_fu_383_p2                                            |     |        | empty          | add       | fabric                   | 0       |
|  + get_round_key                                              | 0   |        |                |           |                          |         |
|    icmp_ln40_fu_4278_p2                                       |     |        | icmp_ln40      | seteq     | auto                     | 0       |
|    add_ln45_fu_4956_p2                                        |     |        | add_ln45       | add       | fabric                   | 0       |
|    add_ln45_1_fu_4977_p2                                      |     |        | add_ln45_1     | add       | fabric                   | 0       |
|    sparsemux_9_4_8_1_1_U35                                    |     |        | tmp_7          | sparsemux | compactencoding_dontcare | 0       |
|    sparsemux_9_4_8_1_1_U36                                    |     |        | tmp_8          | sparsemux | compactencoding_dontcare | 0       |
|    sparsemux_9_4_8_1_1_U37                                    |     |        | tmp_9          | sparsemux | compactencoding_dontcare | 0       |
|    sparsemux_9_4_8_1_1_U38                                    |     |        | tmp_s          | sparsemux | compactencoding_dontcare | 0       |
|    sparsemux_9_4_8_1_1_U39                                    |     |        | tmp_1          | sparsemux | compactencoding_dontcare | 0       |
|    sparsemux_9_4_8_1_1_U40                                    |     |        | tmp_2          | sparsemux | compactencoding_dontcare | 0       |
|    sparsemux_9_4_8_1_1_U41                                    |     |        | tmp_3          | sparsemux | compactencoding_dontcare | 0       |
|    sparsemux_9_4_8_1_1_U42                                    |     |        | tmp_4          | sparsemux | compactencoding_dontcare | 0       |
|    sparsemux_9_4_8_1_1_U43                                    |     |        | tmp_5          | sparsemux | compactencoding_dontcare | 0       |
|    sparsemux_9_4_8_1_1_U44                                    |     |        | tmp_6          | sparsemux | compactencoding_dontcare | 0       |
|    sparsemux_9_4_8_1_1_U45                                    |     |        | tmp_10         | sparsemux | compactencoding_dontcare | 0       |
|    sparsemux_9_4_8_1_1_U46                                    |     |        | tmp_11         | sparsemux | compactencoding_dontcare | 0       |
|    sparsemux_9_4_8_1_1_U47                                    |     |        | tmp_12         | sparsemux | compactencoding_dontcare | 0       |
|    sparsemux_9_4_8_1_1_U48                                    |     |        | tmp_13         | sparsemux | compactencoding_dontcare | 0       |
|    sparsemux_29_4_8_1_1_U49                                   |     |        | temp_word      | sparsemux | compactencoding_dontcare | 0       |
|    add_ln45_2_fu_5385_p2                                      |     |        | add_ln45_2     | add       | fabric                   | 0       |
|    sparsemux_9_4_8_1_1_U50                                    |     |        | tmp_14         | sparsemux | compactencoding_dontcare | 0       |
|    sparsemux_9_4_8_1_1_U51                                    |     |        | tmp_15         | sparsemux | compactencoding_dontcare | 0       |
|    sparsemux_9_4_8_1_1_U52                                    |     |        | tmp_16         | sparsemux | compactencoding_dontcare | 0       |
|    sparsemux_9_4_8_1_1_U53                                    |     |        | tmp_17         | sparsemux | compactencoding_dontcare | 0       |
|    sparsemux_9_4_8_1_1_U54                                    |     |        | tmp_18         | sparsemux | compactencoding_dontcare | 0       |
|    sparsemux_9_4_8_1_1_U55                                    |     |        | tmp_19         | sparsemux | compactencoding_dontcare | 0       |
|    sparsemux_9_4_8_1_1_U56                                    |     |        | tmp_20         | sparsemux | compactencoding_dontcare | 0       |
|    sparsemux_9_4_8_1_1_U57                                    |     |        | tmp_21         | sparsemux | compactencoding_dontcare | 0       |
|    sparsemux_9_4_8_1_1_U58                                    |     |        | tmp_22         | sparsemux | compactencoding_dontcare | 0       |
|    sparsemux_9_4_8_1_1_U59                                    |     |        | tmp_23         | sparsemux | compactencoding_dontcare | 0       |
|    sparsemux_9_4_8_1_1_U60                                    |     |        | tmp_24         | sparsemux | compactencoding_dontcare | 0       |
|    sparsemux_9_4_8_1_1_U61                                    |     |        | tmp_25         | sparsemux | compactencoding_dontcare | 0       |
|    sparsemux_9_4_8_1_1_U62                                    |     |        | tmp_26         | sparsemux | compactencoding_dontcare | 0       |
|    sparsemux_9_4_8_1_1_U63                                    |     |        | tmp_27         | sparsemux | compactencoding_dontcare | 0       |
|    sparsemux_29_4_8_1_1_U64                                   |     |        | temp_word_1    | sparsemux | compactencoding_dontcare | 0       |
|    add_ln45_3_fu_5793_p2                                      |     |        | add_ln45_3     | add       | fabric                   | 0       |
|    sparsemux_9_4_8_1_1_U65                                    |     |        | tmp_28         | sparsemux | compactencoding_dontcare | 0       |
|    sparsemux_9_4_8_1_1_U66                                    |     |        | tmp_29         | sparsemux | compactencoding_dontcare | 0       |
|    sparsemux_9_4_8_1_1_U67                                    |     |        | tmp_30         | sparsemux | compactencoding_dontcare | 0       |
|    sparsemux_9_4_8_1_1_U68                                    |     |        | tmp_31         | sparsemux | compactencoding_dontcare | 0       |
|    sparsemux_9_4_8_1_1_U69                                    |     |        | tmp_32         | sparsemux | compactencoding_dontcare | 0       |
|    sparsemux_9_4_8_1_1_U70                                    |     |        | tmp_33         | sparsemux | compactencoding_dontcare | 0       |
|    sparsemux_9_4_8_1_1_U71                                    |     |        | tmp_34         | sparsemux | compactencoding_dontcare | 0       |
|    sparsemux_9_4_8_1_1_U72                                    |     |        | tmp_35         | sparsemux | compactencoding_dontcare | 0       |
|    sparsemux_9_4_8_1_1_U73                                    |     |        | tmp_36         | sparsemux | compactencoding_dontcare | 0       |
|    sparsemux_9_4_8_1_1_U74                                    |     |        | tmp_37         | sparsemux | compactencoding_dontcare | 0       |
|    sparsemux_9_4_8_1_1_U75                                    |     |        | tmp_38         | sparsemux | compactencoding_dontcare | 0       |
|    sparsemux_9_4_8_1_1_U76                                    |     |        | tmp_39         | sparsemux | compactencoding_dontcare | 0       |
|    sparsemux_9_4_8_1_1_U77                                    |     |        | tmp_40         | sparsemux | compactencoding_dontcare | 0       |
|    sparsemux_9_4_8_1_1_U78                                    |     |        | tmp_41         | sparsemux | compactencoding_dontcare | 0       |
|    sparsemux_29_4_8_1_1_U79                                   |     |        | temp_word_2    | sparsemux | compactencoding_dontcare | 0       |
|    add_ln45_4_fu_6201_p2                                      |     |        | add_ln45_4     | add       | fabric                   | 0       |
|    sparsemux_9_4_8_1_1_U80                                    |     |        | tmp_42         | sparsemux | compactencoding_dontcare | 0       |
|    sparsemux_9_4_8_1_1_U81                                    |     |        | tmp_43         | sparsemux | compactencoding_dontcare | 0       |
|    sparsemux_9_4_8_1_1_U82                                    |     |        | tmp_44         | sparsemux | compactencoding_dontcare | 0       |
|    sparsemux_9_4_8_1_1_U83                                    |     |        | tmp_45         | sparsemux | compactencoding_dontcare | 0       |
|    sparsemux_9_4_8_1_1_U84                                    |     |        | tmp_46         | sparsemux | compactencoding_dontcare | 0       |
|    sparsemux_9_4_8_1_1_U85                                    |     |        | tmp_47         | sparsemux | compactencoding_dontcare | 0       |
|    sparsemux_9_4_8_1_1_U86                                    |     |        | tmp_48         | sparsemux | compactencoding_dontcare | 0       |
|    sparsemux_9_4_8_1_1_U87                                    |     |        | tmp_49         | sparsemux | compactencoding_dontcare | 0       |
|    sparsemux_9_4_8_1_1_U88                                    |     |        | tmp_50         | sparsemux | compactencoding_dontcare | 0       |
|    sparsemux_9_4_8_1_1_U89                                    |     |        | tmp_51         | sparsemux | compactencoding_dontcare | 0       |
|    sparsemux_9_4_8_1_1_U90                                    |     |        | tmp_52         | sparsemux | compactencoding_dontcare | 0       |
|    sparsemux_9_4_8_1_1_U91                                    |     |        | tmp_53         | sparsemux | compactencoding_dontcare | 0       |
|    sparsemux_9_4_8_1_1_U92                                    |     |        | tmp_54         | sparsemux | compactencoding_dontcare | 0       |
|    sparsemux_9_4_8_1_1_U93                                    |     |        | tmp_55         | sparsemux | compactencoding_dontcare | 0       |
|    sparsemux_29_4_8_1_1_U94                                   |     |        | temp_word_3    | sparsemux | compactencoding_dontcare | 0       |
|    icmp_ln48_fu_6609_p2                                       |     |        | icmp_ln48      | seteq     | auto                     | 0       |
|    add_ln5_fu_6619_p2                                         |     |        | add_ln5        | add       | fabric                   | 0       |
|    return_value_fu_6625_p2                                    |     |        | return_value   | setgt     | auto                     | 0       |
|    icmp_ln27_fu_6631_p2                                       |     |        | icmp_ln27      | seteq     | auto                     | 0       |
|    icmp_ln49_fu_6637_p2                                       |     |        | icmp_ln49      | seteq     | auto                     | 0       |
|    icmp_ln71_fu_6643_p2                                       |     |        | icmp_ln71      | seteq     | auto                     | 0       |
|    icmp_ln93_fu_6649_p2                                       |     |        | icmp_ln93      | seteq     | auto                     | 0       |
|    icmp_ln115_fu_6655_p2                                      |     |        | icmp_ln115     | seteq     | auto                     | 0       |
|    icmp_ln137_fu_6661_p2                                      |     |        | icmp_ln137     | seteq     | auto                     | 0       |
|    temp_word_4_fu_6689_p2                                     |     |        | temp_word_4    | xor       | auto                     | 0       |
|    icmp_ln58_fu_6696_p2                                       |     |        | icmp_ln58      | seteq     | auto                     | 0       |
|    add_ln69_fu_6846_p2                                        |     |        | add_ln69       | add       | fabric                   | 0       |
|    sparsemux_9_4_8_1_1_U95                                    |     |        | tmp_56         | sparsemux | compactencoding_dontcare | 0       |
|    sparsemux_9_4_8_1_1_U96                                    |     |        | tmp_57         | sparsemux | compactencoding_dontcare | 0       |
|    sparsemux_9_4_8_1_1_U97                                    |     |        | tmp_58         | sparsemux | compactencoding_dontcare | 0       |
|    sparsemux_9_4_8_1_1_U98                                    |     |        | tmp_59         | sparsemux | compactencoding_dontcare | 0       |
|    sparsemux_9_4_8_1_1_U99                                    |     |        | tmp_60         | sparsemux | compactencoding_dontcare | 0       |
|    sparsemux_9_4_8_1_1_U100                                   |     |        | tmp_61         | sparsemux | compactencoding_dontcare | 0       |
|    sparsemux_9_4_8_1_1_U101                                   |     |        | tmp_62         | sparsemux | compactencoding_dontcare | 0       |
|    sparsemux_9_4_8_1_1_U102                                   |     |        | tmp_63         | sparsemux | compactencoding_dontcare | 0       |
|    sparsemux_9_4_8_1_1_U103                                   |     |        | tmp_64         | sparsemux | compactencoding_dontcare | 0       |
|    sparsemux_9_4_8_1_1_U104                                   |     |        | tmp_65         | sparsemux | compactencoding_dontcare | 0       |
|    sparsemux_9_4_8_1_1_U105                                   |     |        | tmp_66         | sparsemux | compactencoding_dontcare | 0       |
|    sparsemux_9_4_8_1_1_U106                                   |     |        | tmp_67         | sparsemux | compactencoding_dontcare | 0       |
|    sparsemux_9_4_8_1_1_U107                                   |     |        | tmp_68         | sparsemux | compactencoding_dontcare | 0       |
|    sparsemux_27_4_8_1_1_U108                                  |     |        | tmp_69         | sparsemux | compactencoding_dontcare | 0       |
|    xor_ln69_fu_7230_p2                                        |     |        | xor_ln69       | xor       | auto                     | 0       |
|    add_ln69_1_fu_7273_p2                                      |     |        | add_ln69_1     | add       | fabric                   | 0       |
|    add_ln69_2_fu_7326_p2                                      |     |        | add_ln69_2     | add       | fabric                   | 0       |
|    add_ln69_3_fu_7359_p2                                      |     |        | add_ln69_3     | add       | fabric                   | 0       |
|    sparsemux_9_4_8_1_1_U109                                   |     |        | tmp_70         | sparsemux | compactencoding_dontcare | 0       |
|    sparsemux_9_4_8_1_1_U110                                   |     |        | tmp_71         | sparsemux | compactencoding_dontcare | 0       |
|    sparsemux_9_4_8_1_1_U111                                   |     |        | tmp_72         | sparsemux | compactencoding_dontcare | 0       |
|    sparsemux_9_4_8_1_1_U112                                   |     |        | tmp_73         | sparsemux | compactencoding_dontcare | 0       |
|    sparsemux_9_4_8_1_1_U113                                   |     |        | tmp_74         | sparsemux | compactencoding_dontcare | 0       |
|    sparsemux_9_4_8_1_1_U114                                   |     |        | tmp_75         | sparsemux | compactencoding_dontcare | 0       |
|    sparsemux_9_4_8_1_1_U115                                   |     |        | tmp_76         | sparsemux | compactencoding_dontcare | 0       |
|    sparsemux_9_4_8_1_1_U116                                   |     |        | tmp_77         | sparsemux | compactencoding_dontcare | 0       |
|    sparsemux_9_4_8_1_1_U117                                   |     |        | tmp_78         | sparsemux | compactencoding_dontcare | 0       |
|    sparsemux_9_4_8_1_1_U118                                   |     |        | tmp_79         | sparsemux | compactencoding_dontcare | 0       |
|    sparsemux_9_4_8_1_1_U119                                   |     |        | tmp_80         | sparsemux | compactencoding_dontcare | 0       |
|    sparsemux_9_4_8_1_1_U120                                   |     |        | tmp_81         | sparsemux | compactencoding_dontcare | 0       |
|    sparsemux_9_4_8_1_1_U121                                   |     |        | tmp_82         | sparsemux | compactencoding_dontcare | 0       |
|    sparsemux_27_4_8_1_1_U122                                  |     |        | tmp_83         | sparsemux | compactencoding_dontcare | 0       |
|    xor_ln69_1_fu_8196_p2                                      |     |        | xor_ln69_1     | xor       | auto                     | 0       |
|    sparsemux_9_4_8_1_1_U123                                   |     |        | tmp_84         | sparsemux | compactencoding_dontcare | 0       |
|    sparsemux_9_4_8_1_1_U124                                   |     |        | tmp_85         | sparsemux | compactencoding_dontcare | 0       |
|    sparsemux_9_4_8_1_1_U125                                   |     |        | tmp_86         | sparsemux | compactencoding_dontcare | 0       |
|    sparsemux_9_4_8_1_1_U126                                   |     |        | tmp_87         | sparsemux | compactencoding_dontcare | 0       |
|    sparsemux_9_4_8_1_1_U127                                   |     |        | tmp_88         | sparsemux | compactencoding_dontcare | 0       |
|    sparsemux_9_4_8_1_1_U128                                   |     |        | tmp_89         | sparsemux | compactencoding_dontcare | 0       |
|    sparsemux_9_4_8_1_1_U129                                   |     |        | tmp_90         | sparsemux | compactencoding_dontcare | 0       |
|    sparsemux_9_4_8_1_1_U130                                   |     |        | tmp_91         | sparsemux | compactencoding_dontcare | 0       |
|    sparsemux_9_4_8_1_1_U131                                   |     |        | tmp_92         | sparsemux | compactencoding_dontcare | 0       |
|    sparsemux_9_4_8_1_1_U132                                   |     |        | tmp_93         | sparsemux | compactencoding_dontcare | 0       |
|    sparsemux_9_4_8_1_1_U133                                   |     |        | tmp_94         | sparsemux | compactencoding_dontcare | 0       |
|    sparsemux_9_4_8_1_1_U134                                   |     |        | tmp_95         | sparsemux | compactencoding_dontcare | 0       |
|    sparsemux_9_4_8_1_1_U135                                   |     |        | tmp_96         | sparsemux | compactencoding_dontcare | 0       |
|    sparsemux_27_4_8_1_1_U136                                  |     |        | tmp_97         | sparsemux | compactencoding_dontcare | 0       |
|    xor_ln69_2_fu_9023_p2                                      |     |        | xor_ln69_2     | xor       | auto                     | 0       |
|    sparsemux_9_4_8_1_1_U137                                   |     |        | tmp_98         | sparsemux | compactencoding_dontcare | 0       |
|    sparsemux_9_4_8_1_1_U138                                   |     |        | tmp_99         | sparsemux | compactencoding_dontcare | 0       |
|    sparsemux_9_4_8_1_1_U139                                   |     |        | tmp_100        | sparsemux | compactencoding_dontcare | 0       |
|    sparsemux_9_4_8_1_1_U140                                   |     |        | tmp_101        | sparsemux | compactencoding_dontcare | 0       |
|    sparsemux_9_4_8_1_1_U141                                   |     |        | tmp_102        | sparsemux | compactencoding_dontcare | 0       |
|    sparsemux_9_4_8_1_1_U142                                   |     |        | tmp_103        | sparsemux | compactencoding_dontcare | 0       |
|    sparsemux_9_4_8_1_1_U143                                   |     |        | tmp_104        | sparsemux | compactencoding_dontcare | 0       |
|    sparsemux_9_4_8_1_1_U144                                   |     |        | tmp_105        | sparsemux | compactencoding_dontcare | 0       |
|    sparsemux_9_4_8_1_1_U145                                   |     |        | tmp_106        | sparsemux | compactencoding_dontcare | 0       |
|    sparsemux_9_4_8_1_1_U146                                   |     |        | tmp_107        | sparsemux | compactencoding_dontcare | 0       |
|    sparsemux_9_4_8_1_1_U147                                   |     |        | tmp_108        | sparsemux | compactencoding_dontcare | 0       |
|    sparsemux_9_4_8_1_1_U148                                   |     |        | tmp_109        | sparsemux | compactencoding_dontcare | 0       |
|    sparsemux_9_4_8_1_1_U149                                   |     |        | tmp_110        | sparsemux | compactencoding_dontcare | 0       |
|    sparsemux_27_4_8_1_1_U150                                  |     |        | tmp_111        | sparsemux | compactencoding_dontcare | 0       |
|    xor_ln69_3_fu_9850_p2                                      |     |        | xor_ln69_3     | xor       | auto                     | 0       |
|    current_size_4_fu_10165_p2                                 |     |        | current_size_4 | add       | fabric                   | 0       |
|    counter_3_fu_10171_p2                                      |     |        | counter_3      | add       | fabric                   | 0       |
|  + aes_encrypt_Pipeline_2                                     | 0   |        |                |           |                          |         |
|    exitcond137_fu_507_p2                                      |     |        | exitcond137    | seteq     | auto                     | 0       |
|    empty_128_fu_513_p2                                        |     |        | empty_128      | add       | fabric                   | 0       |
|  + cipher_encrypt_block                                       | 0   |        |                |           |                          |         |
|    call_ret_shift_rows_and_sub_bytes_fu_2066_state_0_0_read   |     |        | xor_ln130      | xor       | auto                     | 0       |
|    call_ret_shift_rows_and_sub_bytes_fu_2066_state_1_0_read   |     |        | xor_ln130_1    | xor       | auto                     | 0       |
|    call_ret_shift_rows_and_sub_bytes_fu_2066_state_2_0_read   |     |        | xor_ln130_2    | xor       | auto                     | 0       |
|    call_ret_shift_rows_and_sub_bytes_fu_2066_state_3_0_read   |     |        | xor_ln130_3    | xor       | auto                     | 0       |
|    call_ret_shift_rows_and_sub_bytes_fu_2066_state_0_1_read   |     |        | xor_ln130_4    | xor       | auto                     | 0       |
|    call_ret_shift_rows_and_sub_bytes_fu_2066_state_1_1_read   |     |        | xor_ln130_5    | xor       | auto                     | 0       |
|    call_ret_shift_rows_and_sub_bytes_fu_2066_state_2_1_read   |     |        | xor_ln130_6    | xor       | auto                     | 0       |
|    call_ret_shift_rows_and_sub_bytes_fu_2066_state_3_1_read   |     |        | xor_ln130_7    | xor       | auto                     | 0       |
|    call_ret_shift_rows_and_sub_bytes_fu_2066_state_0_2_read   |     |        | xor_ln130_8    | xor       | auto                     | 0       |
|    call_ret_shift_rows_and_sub_bytes_fu_2066_state_1_2_read   |     |        | xor_ln130_9    | xor       | auto                     | 0       |
|    call_ret_shift_rows_and_sub_bytes_fu_2066_state_2_2_read   |     |        | xor_ln130_10   | xor       | auto                     | 0       |
|    call_ret_shift_rows_and_sub_bytes_fu_2066_state_3_2_read   |     |        | xor_ln130_11   | xor       | auto                     | 0       |
|    call_ret_shift_rows_and_sub_bytes_fu_2066_state_0_3_read   |     |        | xor_ln130_12   | xor       | auto                     | 0       |
|    call_ret_shift_rows_and_sub_bytes_fu_2066_state_1_3_read   |     |        | xor_ln130_13   | xor       | auto                     | 0       |
|    call_ret_shift_rows_and_sub_bytes_fu_2066_state_2_3_read   |     |        | xor_ln130_14   | xor       | auto                     | 0       |
|    call_ret_shift_rows_and_sub_bytes_fu_2066_state_3_3_read   |     |        | xor_ln130_15   | xor       | auto                     | 0       |
|    call_ret2_shift_rows_and_sub_bytes_fu_2086_state_0_0_read  |     |        | xor_ln130_16   | xor       | auto                     | 0       |
|    call_ret2_shift_rows_and_sub_bytes_fu_2086_state_1_0_read  |     |        | xor_ln130_17   | xor       | auto                     | 0       |
|    call_ret2_shift_rows_and_sub_bytes_fu_2086_state_2_0_read  |     |        | xor_ln130_18   | xor       | auto                     | 0       |
|    call_ret2_shift_rows_and_sub_bytes_fu_2086_state_3_0_read  |     |        | xor_ln130_19   | xor       | auto                     | 0       |
|    call_ret2_shift_rows_and_sub_bytes_fu_2086_state_0_1_read  |     |        | xor_ln130_20   | xor       | auto                     | 0       |
|    call_ret2_shift_rows_and_sub_bytes_fu_2086_state_1_1_read  |     |        | xor_ln130_21   | xor       | auto                     | 0       |
|    call_ret2_shift_rows_and_sub_bytes_fu_2086_state_2_1_read  |     |        | xor_ln130_22   | xor       | auto                     | 0       |
|    call_ret2_shift_rows_and_sub_bytes_fu_2086_state_3_1_read  |     |        | xor_ln130_23   | xor       | auto                     | 0       |
|    call_ret2_shift_rows_and_sub_bytes_fu_2086_state_0_2_read  |     |        | xor_ln130_24   | xor       | auto                     | 0       |
|    call_ret2_shift_rows_and_sub_bytes_fu_2086_state_1_2_read  |     |        | xor_ln130_25   | xor       | auto                     | 0       |
|    call_ret2_shift_rows_and_sub_bytes_fu_2086_state_2_2_read  |     |        | xor_ln130_26   | xor       | auto                     | 0       |
|    call_ret2_shift_rows_and_sub_bytes_fu_2086_state_3_2_read  |     |        | xor_ln130_27   | xor       | auto                     | 0       |
|    call_ret2_shift_rows_and_sub_bytes_fu_2086_state_0_3_read  |     |        | xor_ln130_28   | xor       | auto                     | 0       |
|    call_ret2_shift_rows_and_sub_bytes_fu_2086_state_1_3_read  |     |        | xor_ln130_29   | xor       | auto                     | 0       |
|    call_ret2_shift_rows_and_sub_bytes_fu_2086_state_2_3_read  |     |        | xor_ln130_30   | xor       | auto                     | 0       |
|    call_ret2_shift_rows_and_sub_bytes_fu_2086_state_3_3_read  |     |        | xor_ln130_31   | xor       | auto                     | 0       |
|    xor_ln130_32_fu_3118_p2                                    |     |        | xor_ln130_32   | xor       | auto                     | 0       |
|    xor_ln130_33_fu_3124_p2                                    |     |        | xor_ln130_33   | xor       | auto                     | 0       |
|    xor_ln130_34_fu_3130_p2                                    |     |        | xor_ln130_34   | xor       | auto                     | 0       |
|    xor_ln130_35_fu_3136_p2                                    |     |        | xor_ln130_35   | xor       | auto                     | 0       |
|    xor_ln130_36_fu_3142_p2                                    |     |        | xor_ln130_36   | xor       | auto                     | 0       |
|    xor_ln130_37_fu_3148_p2                                    |     |        | xor_ln130_37   | xor       | auto                     | 0       |
|    xor_ln130_38_fu_3154_p2                                    |     |        | xor_ln130_38   | xor       | auto                     | 0       |
|    xor_ln130_39_fu_3160_p2                                    |     |        | xor_ln130_39   | xor       | auto                     | 0       |
|    xor_ln130_40_fu_3166_p2                                    |     |        | xor_ln130_40   | xor       | auto                     | 0       |
|    xor_ln130_41_fu_3172_p2                                    |     |        | xor_ln130_41   | xor       | auto                     | 0       |
|    xor_ln130_42_fu_3178_p2                                    |     |        | xor_ln130_42   | xor       | auto                     | 0       |
|    xor_ln130_43_fu_3184_p2                                    |     |        | xor_ln130_43   | xor       | auto                     | 0       |
|    xor_ln130_44_fu_3190_p2                                    |     |        | xor_ln130_44   | xor       | auto                     | 0       |
|    xor_ln130_45_fu_3196_p2                                    |     |        | xor_ln130_45   | xor       | auto                     | 0       |
|    xor_ln130_46_fu_3202_p2                                    |     |        | xor_ln130_46   | xor       | auto                     | 0       |
|    xor_ln130_47_fu_3208_p2                                    |     |        | xor_ln130_47   | xor       | auto                     | 0       |
|    call_ret6_shift_rows_and_sub_bytes_fu_2126_state_0_0_read  |     |        | xor_ln130_48   | xor       | auto                     | 0       |
|    call_ret6_shift_rows_and_sub_bytes_fu_2126_state_1_0_read  |     |        | xor_ln130_49   | xor       | auto                     | 0       |
|    call_ret6_shift_rows_and_sub_bytes_fu_2126_state_2_0_read  |     |        | xor_ln130_50   | xor       | auto                     | 0       |
|    call_ret6_shift_rows_and_sub_bytes_fu_2126_state_3_0_read  |     |        | xor_ln130_51   | xor       | auto                     | 0       |
|    call_ret6_shift_rows_and_sub_bytes_fu_2126_state_0_1_read  |     |        | xor_ln130_52   | xor       | auto                     | 0       |
|    call_ret6_shift_rows_and_sub_bytes_fu_2126_state_1_1_read  |     |        | xor_ln130_53   | xor       | auto                     | 0       |
|    call_ret6_shift_rows_and_sub_bytes_fu_2126_state_2_1_read  |     |        | xor_ln130_54   | xor       | auto                     | 0       |
|    call_ret6_shift_rows_and_sub_bytes_fu_2126_state_3_1_read  |     |        | xor_ln130_55   | xor       | auto                     | 0       |
|    call_ret6_shift_rows_and_sub_bytes_fu_2126_state_0_2_read  |     |        | xor_ln130_56   | xor       | auto                     | 0       |
|    call_ret6_shift_rows_and_sub_bytes_fu_2126_state_1_2_read  |     |        | xor_ln130_57   | xor       | auto                     | 0       |
|    call_ret6_shift_rows_and_sub_bytes_fu_2126_state_2_2_read  |     |        | xor_ln130_58   | xor       | auto                     | 0       |
|    call_ret6_shift_rows_and_sub_bytes_fu_2126_state_3_2_read  |     |        | xor_ln130_59   | xor       | auto                     | 0       |
|    call_ret6_shift_rows_and_sub_bytes_fu_2126_state_0_3_read  |     |        | xor_ln130_60   | xor       | auto                     | 0       |
|    call_ret6_shift_rows_and_sub_bytes_fu_2126_state_1_3_read  |     |        | xor_ln130_61   | xor       | auto                     | 0       |
|    call_ret6_shift_rows_and_sub_bytes_fu_2126_state_2_3_read  |     |        | xor_ln130_62   | xor       | auto                     | 0       |
|    call_ret6_shift_rows_and_sub_bytes_fu_2126_state_3_3_read  |     |        | xor_ln130_63   | xor       | auto                     | 0       |
|    xor_ln130_64_fu_3598_p2                                    |     |        | xor_ln130_64   | xor       | auto                     | 0       |
|    xor_ln130_65_fu_3603_p2                                    |     |        | xor_ln130_65   | xor       | auto                     | 0       |
|    xor_ln130_66_fu_3608_p2                                    |     |        | xor_ln130_66   | xor       | auto                     | 0       |
|    xor_ln130_67_fu_3613_p2                                    |     |        | xor_ln130_67   | xor       | auto                     | 0       |
|    xor_ln130_68_fu_3618_p2                                    |     |        | xor_ln130_68   | xor       | auto                     | 0       |
|    xor_ln130_69_fu_3623_p2                                    |     |        | xor_ln130_69   | xor       | auto                     | 0       |
|    xor_ln130_70_fu_3628_p2                                    |     |        | xor_ln130_70   | xor       | auto                     | 0       |
|    xor_ln130_71_fu_3633_p2                                    |     |        | xor_ln130_71   | xor       | auto                     | 0       |
|    xor_ln130_72_fu_3638_p2                                    |     |        | xor_ln130_72   | xor       | auto                     | 0       |
|    xor_ln130_73_fu_3643_p2                                    |     |        | xor_ln130_73   | xor       | auto                     | 0       |
|    xor_ln130_74_fu_3648_p2                                    |     |        | xor_ln130_74   | xor       | auto                     | 0       |
|    xor_ln130_75_fu_3653_p2                                    |     |        | xor_ln130_75   | xor       | auto                     | 0       |
|    xor_ln130_76_fu_3658_p2                                    |     |        | xor_ln130_76   | xor       | auto                     | 0       |
|    xor_ln130_77_fu_3663_p2                                    |     |        | xor_ln130_77   | xor       | auto                     | 0       |
|    xor_ln130_78_fu_3668_p2                                    |     |        | xor_ln130_78   | xor       | auto                     | 0       |
|    xor_ln130_79_fu_3673_p2                                    |     |        | xor_ln130_79   | xor       | auto                     | 0       |
|    call_ret10_shift_rows_and_sub_bytes_fu_2166_state_0_0_read |     |        | xor_ln130_80   | xor       | auto                     | 0       |
|    call_ret10_shift_rows_and_sub_bytes_fu_2166_state_1_0_read |     |        | xor_ln130_81   | xor       | auto                     | 0       |
|    call_ret10_shift_rows_and_sub_bytes_fu_2166_state_2_0_read |     |        | xor_ln130_82   | xor       | auto                     | 0       |
|    call_ret10_shift_rows_and_sub_bytes_fu_2166_state_3_0_read |     |        | xor_ln130_83   | xor       | auto                     | 0       |
|    call_ret10_shift_rows_and_sub_bytes_fu_2166_state_0_1_read |     |        | xor_ln130_84   | xor       | auto                     | 0       |
|    call_ret10_shift_rows_and_sub_bytes_fu_2166_state_1_1_read |     |        | xor_ln130_85   | xor       | auto                     | 0       |
|    call_ret10_shift_rows_and_sub_bytes_fu_2166_state_2_1_read |     |        | xor_ln130_86   | xor       | auto                     | 0       |
|    call_ret10_shift_rows_and_sub_bytes_fu_2166_state_3_1_read |     |        | xor_ln130_87   | xor       | auto                     | 0       |
|    call_ret10_shift_rows_and_sub_bytes_fu_2166_state_0_2_read |     |        | xor_ln130_88   | xor       | auto                     | 0       |
|    call_ret10_shift_rows_and_sub_bytes_fu_2166_state_1_2_read |     |        | xor_ln130_89   | xor       | auto                     | 0       |
|    call_ret10_shift_rows_and_sub_bytes_fu_2166_state_2_2_read |     |        | xor_ln130_90   | xor       | auto                     | 0       |
|    call_ret10_shift_rows_and_sub_bytes_fu_2166_state_3_2_read |     |        | xor_ln130_91   | xor       | auto                     | 0       |
|    call_ret10_shift_rows_and_sub_bytes_fu_2166_state_0_3_read |     |        | xor_ln130_92   | xor       | auto                     | 0       |
|    call_ret10_shift_rows_and_sub_bytes_fu_2166_state_1_3_read |     |        | xor_ln130_93   | xor       | auto                     | 0       |
|    call_ret10_shift_rows_and_sub_bytes_fu_2166_state_2_3_read |     |        | xor_ln130_94   | xor       | auto                     | 0       |
|    call_ret10_shift_rows_and_sub_bytes_fu_2166_state_3_3_read |     |        | xor_ln130_95   | xor       | auto                     | 0       |
|    xor_ln130_96_fu_4062_p2                                    |     |        | xor_ln130_96   | xor       | auto                     | 0       |
|    xor_ln130_97_fu_4067_p2                                    |     |        | xor_ln130_97   | xor       | auto                     | 0       |
|    xor_ln130_98_fu_4072_p2                                    |     |        | xor_ln130_98   | xor       | auto                     | 0       |
|    xor_ln130_99_fu_4077_p2                                    |     |        | xor_ln130_99   | xor       | auto                     | 0       |
|    xor_ln130_100_fu_4082_p2                                   |     |        | xor_ln130_100  | xor       | auto                     | 0       |
|    xor_ln130_101_fu_4087_p2                                   |     |        | xor_ln130_101  | xor       | auto                     | 0       |
|    xor_ln130_102_fu_4092_p2                                   |     |        | xor_ln130_102  | xor       | auto                     | 0       |
|    xor_ln130_103_fu_4097_p2                                   |     |        | xor_ln130_103  | xor       | auto                     | 0       |
|    xor_ln130_104_fu_4102_p2                                   |     |        | xor_ln130_104  | xor       | auto                     | 0       |
|    xor_ln130_105_fu_4107_p2                                   |     |        | xor_ln130_105  | xor       | auto                     | 0       |
|    xor_ln130_106_fu_4112_p2                                   |     |        | xor_ln130_106  | xor       | auto                     | 0       |
|    xor_ln130_107_fu_4117_p2                                   |     |        | xor_ln130_107  | xor       | auto                     | 0       |
|    xor_ln130_108_fu_4122_p2                                   |     |        | xor_ln130_108  | xor       | auto                     | 0       |
|    xor_ln130_109_fu_4127_p2                                   |     |        | xor_ln130_109  | xor       | auto                     | 0       |
|    xor_ln130_110_fu_4132_p2                                   |     |        | xor_ln130_110  | xor       | auto                     | 0       |
|    xor_ln130_111_fu_4137_p2                                   |     |        | xor_ln130_111  | xor       | auto                     | 0       |
|    call_ret14_shift_rows_and_sub_bytes_fu_2206_state_0_0_read |     |        | xor_ln130_112  | xor       | auto                     | 0       |
|    call_ret14_shift_rows_and_sub_bytes_fu_2206_state_1_0_read |     |        | xor_ln130_113  | xor       | auto                     | 0       |
|    call_ret14_shift_rows_and_sub_bytes_fu_2206_state_2_0_read |     |        | xor_ln130_114  | xor       | auto                     | 0       |
|    call_ret14_shift_rows_and_sub_bytes_fu_2206_state_3_0_read |     |        | xor_ln130_115  | xor       | auto                     | 0       |
|    call_ret14_shift_rows_and_sub_bytes_fu_2206_state_0_1_read |     |        | xor_ln130_116  | xor       | auto                     | 0       |
|    call_ret14_shift_rows_and_sub_bytes_fu_2206_state_1_1_read |     |        | xor_ln130_117  | xor       | auto                     | 0       |
|    call_ret14_shift_rows_and_sub_bytes_fu_2206_state_2_1_read |     |        | xor_ln130_118  | xor       | auto                     | 0       |
|    call_ret14_shift_rows_and_sub_bytes_fu_2206_state_3_1_read |     |        | xor_ln130_119  | xor       | auto                     | 0       |
|    call_ret14_shift_rows_and_sub_bytes_fu_2206_state_0_2_read |     |        | xor_ln130_120  | xor       | auto                     | 0       |
|    call_ret14_shift_rows_and_sub_bytes_fu_2206_state_1_2_read |     |        | xor_ln130_121  | xor       | auto                     | 0       |
|    call_ret14_shift_rows_and_sub_bytes_fu_2206_state_2_2_read |     |        | xor_ln130_122  | xor       | auto                     | 0       |
|    call_ret14_shift_rows_and_sub_bytes_fu_2206_state_3_2_read |     |        | xor_ln130_123  | xor       | auto                     | 0       |
|    call_ret14_shift_rows_and_sub_bytes_fu_2206_state_0_3_read |     |        | xor_ln130_124  | xor       | auto                     | 0       |
|    call_ret14_shift_rows_and_sub_bytes_fu_2206_state_1_3_read |     |        | xor_ln130_125  | xor       | auto                     | 0       |
|    call_ret14_shift_rows_and_sub_bytes_fu_2206_state_2_3_read |     |        | xor_ln130_126  | xor       | auto                     | 0       |
|    call_ret14_shift_rows_and_sub_bytes_fu_2206_state_3_3_read |     |        | xor_ln130_127  | xor       | auto                     | 0       |
|    xor_ln130_128_fu_4526_p2                                   |     |        | xor_ln130_128  | xor       | auto                     | 0       |
|    xor_ln130_129_fu_4531_p2                                   |     |        | xor_ln130_129  | xor       | auto                     | 0       |
|    xor_ln130_130_fu_4536_p2                                   |     |        | xor_ln130_130  | xor       | auto                     | 0       |
|    xor_ln130_131_fu_4541_p2                                   |     |        | xor_ln130_131  | xor       | auto                     | 0       |
|    xor_ln130_132_fu_4546_p2                                   |     |        | xor_ln130_132  | xor       | auto                     | 0       |
|    xor_ln130_133_fu_4551_p2                                   |     |        | xor_ln130_133  | xor       | auto                     | 0       |
|    xor_ln130_134_fu_4556_p2                                   |     |        | xor_ln130_134  | xor       | auto                     | 0       |
|    xor_ln130_135_fu_4561_p2                                   |     |        | xor_ln130_135  | xor       | auto                     | 0       |
|    xor_ln130_136_fu_4566_p2                                   |     |        | xor_ln130_136  | xor       | auto                     | 0       |
|    xor_ln130_137_fu_4571_p2                                   |     |        | xor_ln130_137  | xor       | auto                     | 0       |
|    xor_ln130_138_fu_4576_p2                                   |     |        | xor_ln130_138  | xor       | auto                     | 0       |
|    xor_ln130_139_fu_4581_p2                                   |     |        | xor_ln130_139  | xor       | auto                     | 0       |
|    xor_ln130_140_fu_4586_p2                                   |     |        | xor_ln130_140  | xor       | auto                     | 0       |
|    xor_ln130_141_fu_4591_p2                                   |     |        | xor_ln130_141  | xor       | auto                     | 0       |
|    xor_ln130_142_fu_4596_p2                                   |     |        | xor_ln130_142  | xor       | auto                     | 0       |
|    xor_ln130_143_fu_4601_p2                                   |     |        | xor_ln130_143  | xor       | auto                     | 0       |
|    call_ret18_shift_rows_and_sub_bytes_fu_2246_state_0_0_read |     |        | xor_ln130_144  | xor       | auto                     | 0       |
|    call_ret18_shift_rows_and_sub_bytes_fu_2246_state_1_0_read |     |        | xor_ln130_145  | xor       | auto                     | 0       |
|    call_ret18_shift_rows_and_sub_bytes_fu_2246_state_2_0_read |     |        | xor_ln130_146  | xor       | auto                     | 0       |
|    call_ret18_shift_rows_and_sub_bytes_fu_2246_state_3_0_read |     |        | xor_ln130_147  | xor       | auto                     | 0       |
|    call_ret18_shift_rows_and_sub_bytes_fu_2246_state_0_1_read |     |        | xor_ln130_148  | xor       | auto                     | 0       |
|    call_ret18_shift_rows_and_sub_bytes_fu_2246_state_1_1_read |     |        | xor_ln130_149  | xor       | auto                     | 0       |
|    call_ret18_shift_rows_and_sub_bytes_fu_2246_state_2_1_read |     |        | xor_ln130_150  | xor       | auto                     | 0       |
|    call_ret18_shift_rows_and_sub_bytes_fu_2246_state_3_1_read |     |        | xor_ln130_151  | xor       | auto                     | 0       |
|    call_ret18_shift_rows_and_sub_bytes_fu_2246_state_0_2_read |     |        | xor_ln130_152  | xor       | auto                     | 0       |
|    call_ret18_shift_rows_and_sub_bytes_fu_2246_state_1_2_read |     |        | xor_ln130_153  | xor       | auto                     | 0       |
|    call_ret18_shift_rows_and_sub_bytes_fu_2246_state_2_2_read |     |        | xor_ln130_154  | xor       | auto                     | 0       |
|    call_ret18_shift_rows_and_sub_bytes_fu_2246_state_3_2_read |     |        | xor_ln130_155  | xor       | auto                     | 0       |
|    call_ret18_shift_rows_and_sub_bytes_fu_2246_state_0_3_read |     |        | xor_ln130_156  | xor       | auto                     | 0       |
|    call_ret18_shift_rows_and_sub_bytes_fu_2246_state_1_3_read |     |        | xor_ln130_157  | xor       | auto                     | 0       |
|    call_ret18_shift_rows_and_sub_bytes_fu_2246_state_2_3_read |     |        | xor_ln130_158  | xor       | auto                     | 0       |
|    call_ret18_shift_rows_and_sub_bytes_fu_2246_state_3_3_read |     |        | xor_ln130_159  | xor       | auto                     | 0       |
|    xor_ln130_160_fu_4990_p2                                   |     |        | xor_ln130_160  | xor       | auto                     | 0       |
|    xor_ln130_161_fu_4995_p2                                   |     |        | xor_ln130_161  | xor       | auto                     | 0       |
|    xor_ln130_162_fu_5000_p2                                   |     |        | xor_ln130_162  | xor       | auto                     | 0       |
|    xor_ln130_163_fu_5005_p2                                   |     |        | xor_ln130_163  | xor       | auto                     | 0       |
|    xor_ln130_164_fu_5010_p2                                   |     |        | xor_ln130_164  | xor       | auto                     | 0       |
|    xor_ln130_165_fu_5015_p2                                   |     |        | xor_ln130_165  | xor       | auto                     | 0       |
|    xor_ln130_166_fu_5020_p2                                   |     |        | xor_ln130_166  | xor       | auto                     | 0       |
|    xor_ln130_167_fu_5025_p2                                   |     |        | xor_ln130_167  | xor       | auto                     | 0       |
|    xor_ln130_168_fu_5030_p2                                   |     |        | xor_ln130_168  | xor       | auto                     | 0       |
|    xor_ln130_169_fu_5035_p2                                   |     |        | xor_ln130_169  | xor       | auto                     | 0       |
|    xor_ln130_170_fu_5040_p2                                   |     |        | xor_ln130_170  | xor       | auto                     | 0       |
|    xor_ln130_171_fu_5045_p2                                   |     |        | xor_ln130_171  | xor       | auto                     | 0       |
|    xor_ln130_172_fu_5050_p2                                   |     |        | xor_ln130_172  | xor       | auto                     | 0       |
|    xor_ln130_173_fu_5055_p2                                   |     |        | xor_ln130_173  | xor       | auto                     | 0       |
|    xor_ln130_174_fu_5060_p2                                   |     |        | xor_ln130_174  | xor       | auto                     | 0       |
|    xor_ln130_175_fu_5065_p2                                   |     |        | xor_ln130_175  | xor       | auto                     | 0       |
|    call_ret22_shift_rows_and_sub_bytes_fu_2286_state_0_0_read |     |        | xor_ln130_176  | xor       | auto                     | 0       |
|    call_ret22_shift_rows_and_sub_bytes_fu_2286_state_1_0_read |     |        | xor_ln130_177  | xor       | auto                     | 0       |
|    call_ret22_shift_rows_and_sub_bytes_fu_2286_state_2_0_read |     |        | xor_ln130_178  | xor       | auto                     | 0       |
|    call_ret22_shift_rows_and_sub_bytes_fu_2286_state_3_0_read |     |        | xor_ln130_179  | xor       | auto                     | 0       |
|    call_ret22_shift_rows_and_sub_bytes_fu_2286_state_0_1_read |     |        | xor_ln130_180  | xor       | auto                     | 0       |
|    call_ret22_shift_rows_and_sub_bytes_fu_2286_state_1_1_read |     |        | xor_ln130_181  | xor       | auto                     | 0       |
|    call_ret22_shift_rows_and_sub_bytes_fu_2286_state_2_1_read |     |        | xor_ln130_182  | xor       | auto                     | 0       |
|    call_ret22_shift_rows_and_sub_bytes_fu_2286_state_3_1_read |     |        | xor_ln130_183  | xor       | auto                     | 0       |
|    call_ret22_shift_rows_and_sub_bytes_fu_2286_state_0_2_read |     |        | xor_ln130_184  | xor       | auto                     | 0       |
|    call_ret22_shift_rows_and_sub_bytes_fu_2286_state_1_2_read |     |        | xor_ln130_185  | xor       | auto                     | 0       |
|    call_ret22_shift_rows_and_sub_bytes_fu_2286_state_2_2_read |     |        | xor_ln130_186  | xor       | auto                     | 0       |
|    call_ret22_shift_rows_and_sub_bytes_fu_2286_state_3_2_read |     |        | xor_ln130_187  | xor       | auto                     | 0       |
|    call_ret22_shift_rows_and_sub_bytes_fu_2286_state_0_3_read |     |        | xor_ln130_188  | xor       | auto                     | 0       |
|    call_ret22_shift_rows_and_sub_bytes_fu_2286_state_1_3_read |     |        | xor_ln130_189  | xor       | auto                     | 0       |
|    call_ret22_shift_rows_and_sub_bytes_fu_2286_state_2_3_read |     |        | xor_ln130_190  | xor       | auto                     | 0       |
|    call_ret22_shift_rows_and_sub_bytes_fu_2286_state_3_3_read |     |        | xor_ln130_191  | xor       | auto                     | 0       |
|    xor_ln130_192_fu_5454_p2                                   |     |        | xor_ln130_192  | xor       | auto                     | 0       |
|    xor_ln130_193_fu_5459_p2                                   |     |        | xor_ln130_193  | xor       | auto                     | 0       |
|    xor_ln130_194_fu_5464_p2                                   |     |        | xor_ln130_194  | xor       | auto                     | 0       |
|    xor_ln130_195_fu_5469_p2                                   |     |        | xor_ln130_195  | xor       | auto                     | 0       |
|    xor_ln130_196_fu_5474_p2                                   |     |        | xor_ln130_196  | xor       | auto                     | 0       |
|    xor_ln130_197_fu_5479_p2                                   |     |        | xor_ln130_197  | xor       | auto                     | 0       |
|    xor_ln130_198_fu_5484_p2                                   |     |        | xor_ln130_198  | xor       | auto                     | 0       |
|    xor_ln130_199_fu_5489_p2                                   |     |        | xor_ln130_199  | xor       | auto                     | 0       |
|    xor_ln130_200_fu_5494_p2                                   |     |        | xor_ln130_200  | xor       | auto                     | 0       |
|    xor_ln130_201_fu_5499_p2                                   |     |        | xor_ln130_201  | xor       | auto                     | 0       |
|    xor_ln130_202_fu_5504_p2                                   |     |        | xor_ln130_202  | xor       | auto                     | 0       |
|    xor_ln130_203_fu_5509_p2                                   |     |        | xor_ln130_203  | xor       | auto                     | 0       |
|    xor_ln130_204_fu_5514_p2                                   |     |        | xor_ln130_204  | xor       | auto                     | 0       |
|    xor_ln130_205_fu_5519_p2                                   |     |        | xor_ln130_205  | xor       | auto                     | 0       |
|    xor_ln130_206_fu_5524_p2                                   |     |        | xor_ln130_206  | xor       | auto                     | 0       |
|    xor_ln130_207_fu_5529_p2                                   |     |        | xor_ln130_207  | xor       | auto                     | 0       |
|    call_ret26_shift_rows_and_sub_bytes_fu_2326_state_0_0_read |     |        | xor_ln130_208  | xor       | auto                     | 0       |
|    call_ret26_shift_rows_and_sub_bytes_fu_2326_state_1_0_read |     |        | xor_ln130_209  | xor       | auto                     | 0       |
|    call_ret26_shift_rows_and_sub_bytes_fu_2326_state_2_0_read |     |        | xor_ln130_210  | xor       | auto                     | 0       |
|    call_ret26_shift_rows_and_sub_bytes_fu_2326_state_3_0_read |     |        | xor_ln130_211  | xor       | auto                     | 0       |
|    call_ret26_shift_rows_and_sub_bytes_fu_2326_state_0_1_read |     |        | xor_ln130_212  | xor       | auto                     | 0       |
|    call_ret26_shift_rows_and_sub_bytes_fu_2326_state_1_1_read |     |        | xor_ln130_213  | xor       | auto                     | 0       |
|    call_ret26_shift_rows_and_sub_bytes_fu_2326_state_2_1_read |     |        | xor_ln130_214  | xor       | auto                     | 0       |
|    call_ret26_shift_rows_and_sub_bytes_fu_2326_state_3_1_read |     |        | xor_ln130_215  | xor       | auto                     | 0       |
|    call_ret26_shift_rows_and_sub_bytes_fu_2326_state_0_2_read |     |        | xor_ln130_216  | xor       | auto                     | 0       |
|    call_ret26_shift_rows_and_sub_bytes_fu_2326_state_1_2_read |     |        | xor_ln130_217  | xor       | auto                     | 0       |
|    call_ret26_shift_rows_and_sub_bytes_fu_2326_state_2_2_read |     |        | xor_ln130_218  | xor       | auto                     | 0       |
|    call_ret26_shift_rows_and_sub_bytes_fu_2326_state_3_2_read |     |        | xor_ln130_219  | xor       | auto                     | 0       |
|    call_ret26_shift_rows_and_sub_bytes_fu_2326_state_0_3_read |     |        | xor_ln130_220  | xor       | auto                     | 0       |
|    call_ret26_shift_rows_and_sub_bytes_fu_2326_state_1_3_read |     |        | xor_ln130_221  | xor       | auto                     | 0       |
|    call_ret26_shift_rows_and_sub_bytes_fu_2326_state_2_3_read |     |        | xor_ln130_222  | xor       | auto                     | 0       |
|    call_ret26_shift_rows_and_sub_bytes_fu_2326_state_3_3_read |     |        | xor_ln130_223  | xor       | auto                     | 0       |
|    xor_ln130_224_fu_5838_p2                                   |     |        | xor_ln130_224  | xor       | auto                     | 0       |
|    xor_ln130_225_fu_5843_p2                                   |     |        | xor_ln130_225  | xor       | auto                     | 0       |
|    xor_ln130_226_fu_5848_p2                                   |     |        | xor_ln130_226  | xor       | auto                     | 0       |
|    xor_ln130_227_fu_5853_p2                                   |     |        | xor_ln130_227  | xor       | auto                     | 0       |
|    xor_ln130_228_fu_5858_p2                                   |     |        | xor_ln130_228  | xor       | auto                     | 0       |
|    xor_ln130_229_fu_5863_p2                                   |     |        | xor_ln130_229  | xor       | auto                     | 0       |
|    xor_ln130_230_fu_5868_p2                                   |     |        | xor_ln130_230  | xor       | auto                     | 0       |
|    xor_ln130_231_fu_5873_p2                                   |     |        | xor_ln130_231  | xor       | auto                     | 0       |
|    xor_ln130_232_fu_5878_p2                                   |     |        | xor_ln130_232  | xor       | auto                     | 0       |
|    xor_ln130_233_fu_5883_p2                                   |     |        | xor_ln130_233  | xor       | auto                     | 0       |
|    xor_ln130_234_fu_5888_p2                                   |     |        | xor_ln130_234  | xor       | auto                     | 0       |
|    xor_ln130_235_fu_5893_p2                                   |     |        | xor_ln130_235  | xor       | auto                     | 0       |
|    xor_ln130_236_fu_5898_p2                                   |     |        | xor_ln130_236  | xor       | auto                     | 0       |
|    xor_ln130_237_fu_5903_p2                                   |     |        | xor_ln130_237  | xor       | auto                     | 0       |
|    xor_ln130_238_fu_5908_p2                                   |     |        | xor_ln130_238  | xor       | auto                     | 0       |
|    xor_ln130_239_fu_5913_p2                                   |     |        | xor_ln130_239  | xor       | auto                     | 0       |
|   + mix_columns (call_ret1_mix_columns_fu_2346)               | 0   |        |                |           |                          |         |
|     xor_ln117_fu_328_p2                                       |     |        | xor_ln117      | xor       | auto                     | 0       |
|     xor_ln117_1_fu_334_p2                                     |     |        | xor_ln117_1    | xor       | auto                     | 0       |
|     xor_ln117_2_fu_340_p2                                     |     |        | xor_ln117_2    | xor       | auto                     | 0       |
|     xor_ln118_fu_346_p2                                       |     |        | xor_ln118      | xor       | auto                     | 0       |
|     xor_ln118_1_fu_352_p2                                     |     |        | xor_ln118_1    | xor       | auto                     | 0       |
|     xor_ln118_2_fu_358_p2                                     |     |        | xor_ln118_2    | xor       | auto                     | 0       |
|     xor_ln119_fu_364_p2                                       |     |        | xor_ln119      | xor       | auto                     | 0       |
|     xor_ln119_1_fu_370_p2                                     |     |        | xor_ln119_1    | xor       | auto                     | 0       |
|     xor_ln119_2_fu_376_p2                                     |     |        | xor_ln119_2    | xor       | auto                     | 0       |
|     xor_ln120_fu_382_p2                                       |     |        | xor_ln120      | xor       | auto                     | 0       |
|     xor_ln120_1_fu_388_p2                                     |     |        | xor_ln120_1    | xor       | auto                     | 0       |
|     xor_ln120_2_fu_394_p2                                     |     |        | xor_ln120_2    | xor       | auto                     | 0       |
|     xor_ln117_3_fu_400_p2                                     |     |        | xor_ln117_3    | xor       | auto                     | 0       |
|     xor_ln117_4_fu_406_p2                                     |     |        | xor_ln117_4    | xor       | auto                     | 0       |
|     xor_ln117_5_fu_412_p2                                     |     |        | xor_ln117_5    | xor       | auto                     | 0       |
|     xor_ln118_3_fu_418_p2                                     |     |        | xor_ln118_3    | xor       | auto                     | 0       |
|     xor_ln118_4_fu_424_p2                                     |     |        | xor_ln118_4    | xor       | auto                     | 0       |
|     xor_ln118_5_fu_430_p2                                     |     |        | xor_ln118_5    | xor       | auto                     | 0       |
|     xor_ln119_3_fu_436_p2                                     |     |        | xor_ln119_3    | xor       | auto                     | 0       |
|     xor_ln119_4_fu_442_p2                                     |     |        | xor_ln119_4    | xor       | auto                     | 0       |
|     xor_ln119_5_fu_448_p2                                     |     |        | xor_ln119_5    | xor       | auto                     | 0       |
|     xor_ln120_3_fu_454_p2                                     |     |        | xor_ln120_3    | xor       | auto                     | 0       |
|     xor_ln120_4_fu_460_p2                                     |     |        | xor_ln120_4    | xor       | auto                     | 0       |
|     xor_ln120_5_fu_466_p2                                     |     |        | xor_ln120_5    | xor       | auto                     | 0       |
|     xor_ln117_6_fu_472_p2                                     |     |        | xor_ln117_6    | xor       | auto                     | 0       |
|     xor_ln117_7_fu_478_p2                                     |     |        | xor_ln117_7    | xor       | auto                     | 0       |
|     xor_ln117_8_fu_484_p2                                     |     |        | xor_ln117_8    | xor       | auto                     | 0       |
|     xor_ln118_6_fu_490_p2                                     |     |        | xor_ln118_6    | xor       | auto                     | 0       |
|     xor_ln118_7_fu_496_p2                                     |     |        | xor_ln118_7    | xor       | auto                     | 0       |
|     xor_ln118_8_fu_502_p2                                     |     |        | xor_ln118_8    | xor       | auto                     | 0       |
|     xor_ln119_6_fu_508_p2                                     |     |        | xor_ln119_6    | xor       | auto                     | 0       |
|     xor_ln119_7_fu_514_p2                                     |     |        | xor_ln119_7    | xor       | auto                     | 0       |
|     xor_ln119_8_fu_520_p2                                     |     |        | xor_ln119_8    | xor       | auto                     | 0       |
|     xor_ln120_6_fu_526_p2                                     |     |        | xor_ln120_6    | xor       | auto                     | 0       |
|     xor_ln120_7_fu_532_p2                                     |     |        | xor_ln120_7    | xor       | auto                     | 0       |
|     xor_ln120_8_fu_538_p2                                     |     |        | xor_ln120_8    | xor       | auto                     | 0       |
|     xor_ln117_9_fu_544_p2                                     |     |        | xor_ln117_9    | xor       | auto                     | 0       |
|     xor_ln117_10_fu_550_p2                                    |     |        | xor_ln117_10   | xor       | auto                     | 0       |
|     xor_ln117_11_fu_556_p2                                    |     |        | xor_ln117_11   | xor       | auto                     | 0       |
|     xor_ln118_9_fu_562_p2                                     |     |        | xor_ln118_9    | xor       | auto                     | 0       |
|     xor_ln118_10_fu_568_p2                                    |     |        | xor_ln118_10   | xor       | auto                     | 0       |
|     xor_ln118_11_fu_574_p2                                    |     |        | xor_ln118_11   | xor       | auto                     | 0       |
|     xor_ln119_9_fu_580_p2                                     |     |        | xor_ln119_9    | xor       | auto                     | 0       |
|     xor_ln119_10_fu_586_p2                                    |     |        | xor_ln119_10   | xor       | auto                     | 0       |
|     xor_ln119_11_fu_592_p2                                    |     |        | xor_ln119_11   | xor       | auto                     | 0       |
|     xor_ln120_9_fu_598_p2                                     |     |        | xor_ln120_9    | xor       | auto                     | 0       |
|     xor_ln120_10_fu_604_p2                                    |     |        | xor_ln120_10   | xor       | auto                     | 0       |
|     xor_ln120_11_fu_610_p2                                    |     |        | xor_ln120_11   | xor       | auto                     | 0       |
|    + galois3 (ref_tmp15_assign_6_galois3_fu_232)              | 0   |        |                |           |                          |         |
|      add_ln6222_fu_4217_p2                                    |     |        | add_ln6222     | add       | fabric                   | 0       |
|      icmp_ln6222_fu_4233_p2                                   |     |        | icmp_ln6222    | seteq     | auto                     | 0       |
|    + galois3 (ref_tmp30_assign_6_galois3_fu_238)              | 0   |        |                |           |                          |         |
|      add_ln6222_fu_4217_p2                                    |     |        | add_ln6222     | add       | fabric                   | 0       |
|      icmp_ln6222_fu_4233_p2                                   |     |        | icmp_ln6222    | seteq     | auto                     | 0       |
|    + galois3 (ref_tmp45_assign_6_galois3_fu_244)              | 0   |        |                |           |                          |         |
|      add_ln6222_fu_4217_p2                                    |     |        | add_ln6222     | add       | fabric                   | 0       |
|      icmp_ln6222_fu_4233_p2                                   |     |        | icmp_ln6222    | seteq     | auto                     | 0       |
|    + galois3 (ref_tmp54_assign_6_galois3_fu_250)              | 0   |        |                |           |                          |         |
|      add_ln6222_fu_4217_p2                                    |     |        | add_ln6222     | add       | fabric                   | 0       |
|      icmp_ln6222_fu_4233_p2                                   |     |        | icmp_ln6222    | seteq     | auto                     | 0       |
|    + galois3 (ref_tmp54_assign_5_galois3_fu_256)              | 0   |        |                |           |                          |         |
|      add_ln6222_fu_4217_p2                                    |     |        | add_ln6222     | add       | fabric                   | 0       |
|      icmp_ln6222_fu_4233_p2                                   |     |        | icmp_ln6222    | seteq     | auto                     | 0       |
|    + galois3 (ref_tmp15_assign_5_galois3_fu_262)              | 0   |        |                |           |                          |         |
|      add_ln6222_fu_4217_p2                                    |     |        | add_ln6222     | add       | fabric                   | 0       |
|      icmp_ln6222_fu_4233_p2                                   |     |        | icmp_ln6222    | seteq     | auto                     | 0       |
|    + galois3 (ref_tmp30_assign_5_galois3_fu_268)              | 0   |        |                |           |                          |         |
|      add_ln6222_fu_4217_p2                                    |     |        | add_ln6222     | add       | fabric                   | 0       |
|      icmp_ln6222_fu_4233_p2                                   |     |        | icmp_ln6222    | seteq     | auto                     | 0       |
|    + galois3 (ref_tmp45_assign_5_galois3_fu_274)              | 0   |        |                |           |                          |         |
|      add_ln6222_fu_4217_p2                                    |     |        | add_ln6222     | add       | fabric                   | 0       |
|      icmp_ln6222_fu_4233_p2                                   |     |        | icmp_ln6222    | seteq     | auto                     | 0       |
|    + galois3 (ref_tmp54_assign_4_galois3_fu_280)              | 0   |        |                |           |                          |         |
|      add_ln6222_fu_4217_p2                                    |     |        | add_ln6222     | add       | fabric                   | 0       |
|      icmp_ln6222_fu_4233_p2                                   |     |        | icmp_ln6222    | seteq     | auto                     | 0       |
|    + galois3 (ref_tmp15_assign_4_galois3_fu_286)              | 0   |        |                |           |                          |         |
|      add_ln6222_fu_4217_p2                                    |     |        | add_ln6222     | add       | fabric                   | 0       |
|      icmp_ln6222_fu_4233_p2                                   |     |        | icmp_ln6222    | seteq     | auto                     | 0       |
|    + galois3 (ref_tmp30_assign_4_galois3_fu_292)              | 0   |        |                |           |                          |         |
|      add_ln6222_fu_4217_p2                                    |     |        | add_ln6222     | add       | fabric                   | 0       |
|      icmp_ln6222_fu_4233_p2                                   |     |        | icmp_ln6222    | seteq     | auto                     | 0       |
|    + galois3 (ref_tmp45_assign_4_galois3_fu_298)              | 0   |        |                |           |                          |         |
|      add_ln6222_fu_4217_p2                                    |     |        | add_ln6222     | add       | fabric                   | 0       |
|      icmp_ln6222_fu_4233_p2                                   |     |        | icmp_ln6222    | seteq     | auto                     | 0       |
|    + galois3 (ref_tmp54_assign_3_galois3_fu_304)              | 0   |        |                |           |                          |         |
|      add_ln6222_fu_4217_p2                                    |     |        | add_ln6222     | add       | fabric                   | 0       |
|      icmp_ln6222_fu_4233_p2                                   |     |        | icmp_ln6222    | seteq     | auto                     | 0       |
|    + galois3 (ref_tmp15_assign_3_galois3_fu_310)              | 0   |        |                |           |                          |         |
|      add_ln6222_fu_4217_p2                                    |     |        | add_ln6222     | add       | fabric                   | 0       |
|      icmp_ln6222_fu_4233_p2                                   |     |        | icmp_ln6222    | seteq     | auto                     | 0       |
|    + galois3 (ref_tmp30_assign_3_galois3_fu_316)              | 0   |        |                |           |                          |         |
|      add_ln6222_fu_4217_p2                                    |     |        | add_ln6222     | add       | fabric                   | 0       |
|      icmp_ln6222_fu_4233_p2                                   |     |        | icmp_ln6222    | seteq     | auto                     | 0       |
|    + galois3 (ref_tmp45_assign_3_galois3_fu_322)              | 0   |        |                |           |                          |         |
|      add_ln6222_fu_4217_p2                                    |     |        | add_ln6222     | add       | fabric                   | 0       |
|      icmp_ln6222_fu_4233_p2                                   |     |        | icmp_ln6222    | seteq     | auto                     | 0       |
|   + mix_columns (call_ret3_mix_columns_fu_2366)               | 0   |        |                |           |                          |         |
|     xor_ln117_fu_328_p2                                       |     |        | xor_ln117      | xor       | auto                     | 0       |
|     xor_ln117_1_fu_334_p2                                     |     |        | xor_ln117_1    | xor       | auto                     | 0       |
|     xor_ln117_2_fu_340_p2                                     |     |        | xor_ln117_2    | xor       | auto                     | 0       |
|     xor_ln118_fu_346_p2                                       |     |        | xor_ln118      | xor       | auto                     | 0       |
|     xor_ln118_1_fu_352_p2                                     |     |        | xor_ln118_1    | xor       | auto                     | 0       |
|     xor_ln118_2_fu_358_p2                                     |     |        | xor_ln118_2    | xor       | auto                     | 0       |
|     xor_ln119_fu_364_p2                                       |     |        | xor_ln119      | xor       | auto                     | 0       |
|     xor_ln119_1_fu_370_p2                                     |     |        | xor_ln119_1    | xor       | auto                     | 0       |
|     xor_ln119_2_fu_376_p2                                     |     |        | xor_ln119_2    | xor       | auto                     | 0       |
|     xor_ln120_fu_382_p2                                       |     |        | xor_ln120      | xor       | auto                     | 0       |
|     xor_ln120_1_fu_388_p2                                     |     |        | xor_ln120_1    | xor       | auto                     | 0       |
|     xor_ln120_2_fu_394_p2                                     |     |        | xor_ln120_2    | xor       | auto                     | 0       |
|     xor_ln117_3_fu_400_p2                                     |     |        | xor_ln117_3    | xor       | auto                     | 0       |
|     xor_ln117_4_fu_406_p2                                     |     |        | xor_ln117_4    | xor       | auto                     | 0       |
|     xor_ln117_5_fu_412_p2                                     |     |        | xor_ln117_5    | xor       | auto                     | 0       |
|     xor_ln118_3_fu_418_p2                                     |     |        | xor_ln118_3    | xor       | auto                     | 0       |
|     xor_ln118_4_fu_424_p2                                     |     |        | xor_ln118_4    | xor       | auto                     | 0       |
|     xor_ln118_5_fu_430_p2                                     |     |        | xor_ln118_5    | xor       | auto                     | 0       |
|     xor_ln119_3_fu_436_p2                                     |     |        | xor_ln119_3    | xor       | auto                     | 0       |
|     xor_ln119_4_fu_442_p2                                     |     |        | xor_ln119_4    | xor       | auto                     | 0       |
|     xor_ln119_5_fu_448_p2                                     |     |        | xor_ln119_5    | xor       | auto                     | 0       |
|     xor_ln120_3_fu_454_p2                                     |     |        | xor_ln120_3    | xor       | auto                     | 0       |
|     xor_ln120_4_fu_460_p2                                     |     |        | xor_ln120_4    | xor       | auto                     | 0       |
|     xor_ln120_5_fu_466_p2                                     |     |        | xor_ln120_5    | xor       | auto                     | 0       |
|     xor_ln117_6_fu_472_p2                                     |     |        | xor_ln117_6    | xor       | auto                     | 0       |
|     xor_ln117_7_fu_478_p2                                     |     |        | xor_ln117_7    | xor       | auto                     | 0       |
|     xor_ln117_8_fu_484_p2                                     |     |        | xor_ln117_8    | xor       | auto                     | 0       |
|     xor_ln118_6_fu_490_p2                                     |     |        | xor_ln118_6    | xor       | auto                     | 0       |
|     xor_ln118_7_fu_496_p2                                     |     |        | xor_ln118_7    | xor       | auto                     | 0       |
|     xor_ln118_8_fu_502_p2                                     |     |        | xor_ln118_8    | xor       | auto                     | 0       |
|     xor_ln119_6_fu_508_p2                                     |     |        | xor_ln119_6    | xor       | auto                     | 0       |
|     xor_ln119_7_fu_514_p2                                     |     |        | xor_ln119_7    | xor       | auto                     | 0       |
|     xor_ln119_8_fu_520_p2                                     |     |        | xor_ln119_8    | xor       | auto                     | 0       |
|     xor_ln120_6_fu_526_p2                                     |     |        | xor_ln120_6    | xor       | auto                     | 0       |
|     xor_ln120_7_fu_532_p2                                     |     |        | xor_ln120_7    | xor       | auto                     | 0       |
|     xor_ln120_8_fu_538_p2                                     |     |        | xor_ln120_8    | xor       | auto                     | 0       |
|     xor_ln117_9_fu_544_p2                                     |     |        | xor_ln117_9    | xor       | auto                     | 0       |
|     xor_ln117_10_fu_550_p2                                    |     |        | xor_ln117_10   | xor       | auto                     | 0       |
|     xor_ln117_11_fu_556_p2                                    |     |        | xor_ln117_11   | xor       | auto                     | 0       |
|     xor_ln118_9_fu_562_p2                                     |     |        | xor_ln118_9    | xor       | auto                     | 0       |
|     xor_ln118_10_fu_568_p2                                    |     |        | xor_ln118_10   | xor       | auto                     | 0       |
|     xor_ln118_11_fu_574_p2                                    |     |        | xor_ln118_11   | xor       | auto                     | 0       |
|     xor_ln119_9_fu_580_p2                                     |     |        | xor_ln119_9    | xor       | auto                     | 0       |
|     xor_ln119_10_fu_586_p2                                    |     |        | xor_ln119_10   | xor       | auto                     | 0       |
|     xor_ln119_11_fu_592_p2                                    |     |        | xor_ln119_11   | xor       | auto                     | 0       |
|     xor_ln120_9_fu_598_p2                                     |     |        | xor_ln120_9    | xor       | auto                     | 0       |
|     xor_ln120_10_fu_604_p2                                    |     |        | xor_ln120_10   | xor       | auto                     | 0       |
|     xor_ln120_11_fu_610_p2                                    |     |        | xor_ln120_11   | xor       | auto                     | 0       |
|    + galois3 (ref_tmp15_assign_6_galois3_fu_232)              | 0   |        |                |           |                          |         |
|      add_ln6222_fu_4217_p2                                    |     |        | add_ln6222     | add       | fabric                   | 0       |
|      icmp_ln6222_fu_4233_p2                                   |     |        | icmp_ln6222    | seteq     | auto                     | 0       |
|    + galois3 (ref_tmp30_assign_6_galois3_fu_238)              | 0   |        |                |           |                          |         |
|      add_ln6222_fu_4217_p2                                    |     |        | add_ln6222     | add       | fabric                   | 0       |
|      icmp_ln6222_fu_4233_p2                                   |     |        | icmp_ln6222    | seteq     | auto                     | 0       |
|    + galois3 (ref_tmp45_assign_6_galois3_fu_244)              | 0   |        |                |           |                          |         |
|      add_ln6222_fu_4217_p2                                    |     |        | add_ln6222     | add       | fabric                   | 0       |
|      icmp_ln6222_fu_4233_p2                                   |     |        | icmp_ln6222    | seteq     | auto                     | 0       |
|    + galois3 (ref_tmp54_assign_6_galois3_fu_250)              | 0   |        |                |           |                          |         |
|      add_ln6222_fu_4217_p2                                    |     |        | add_ln6222     | add       | fabric                   | 0       |
|      icmp_ln6222_fu_4233_p2                                   |     |        | icmp_ln6222    | seteq     | auto                     | 0       |
|    + galois3 (ref_tmp54_assign_5_galois3_fu_256)              | 0   |        |                |           |                          |         |
|      add_ln6222_fu_4217_p2                                    |     |        | add_ln6222     | add       | fabric                   | 0       |
|      icmp_ln6222_fu_4233_p2                                   |     |        | icmp_ln6222    | seteq     | auto                     | 0       |
|    + galois3 (ref_tmp15_assign_5_galois3_fu_262)              | 0   |        |                |           |                          |         |
|      add_ln6222_fu_4217_p2                                    |     |        | add_ln6222     | add       | fabric                   | 0       |
|      icmp_ln6222_fu_4233_p2                                   |     |        | icmp_ln6222    | seteq     | auto                     | 0       |
|    + galois3 (ref_tmp30_assign_5_galois3_fu_268)              | 0   |        |                |           |                          |         |
|      add_ln6222_fu_4217_p2                                    |     |        | add_ln6222     | add       | fabric                   | 0       |
|      icmp_ln6222_fu_4233_p2                                   |     |        | icmp_ln6222    | seteq     | auto                     | 0       |
|    + galois3 (ref_tmp45_assign_5_galois3_fu_274)              | 0   |        |                |           |                          |         |
|      add_ln6222_fu_4217_p2                                    |     |        | add_ln6222     | add       | fabric                   | 0       |
|      icmp_ln6222_fu_4233_p2                                   |     |        | icmp_ln6222    | seteq     | auto                     | 0       |
|    + galois3 (ref_tmp54_assign_4_galois3_fu_280)              | 0   |        |                |           |                          |         |
|      add_ln6222_fu_4217_p2                                    |     |        | add_ln6222     | add       | fabric                   | 0       |
|      icmp_ln6222_fu_4233_p2                                   |     |        | icmp_ln6222    | seteq     | auto                     | 0       |
|    + galois3 (ref_tmp15_assign_4_galois3_fu_286)              | 0   |        |                |           |                          |         |
|      add_ln6222_fu_4217_p2                                    |     |        | add_ln6222     | add       | fabric                   | 0       |
|      icmp_ln6222_fu_4233_p2                                   |     |        | icmp_ln6222    | seteq     | auto                     | 0       |
|    + galois3 (ref_tmp30_assign_4_galois3_fu_292)              | 0   |        |                |           |                          |         |
|      add_ln6222_fu_4217_p2                                    |     |        | add_ln6222     | add       | fabric                   | 0       |
|      icmp_ln6222_fu_4233_p2                                   |     |        | icmp_ln6222    | seteq     | auto                     | 0       |
|    + galois3 (ref_tmp45_assign_4_galois3_fu_298)              | 0   |        |                |           |                          |         |
|      add_ln6222_fu_4217_p2                                    |     |        | add_ln6222     | add       | fabric                   | 0       |
|      icmp_ln6222_fu_4233_p2                                   |     |        | icmp_ln6222    | seteq     | auto                     | 0       |
|    + galois3 (ref_tmp54_assign_3_galois3_fu_304)              | 0   |        |                |           |                          |         |
|      add_ln6222_fu_4217_p2                                    |     |        | add_ln6222     | add       | fabric                   | 0       |
|      icmp_ln6222_fu_4233_p2                                   |     |        | icmp_ln6222    | seteq     | auto                     | 0       |
|    + galois3 (ref_tmp15_assign_3_galois3_fu_310)              | 0   |        |                |           |                          |         |
|      add_ln6222_fu_4217_p2                                    |     |        | add_ln6222     | add       | fabric                   | 0       |
|      icmp_ln6222_fu_4233_p2                                   |     |        | icmp_ln6222    | seteq     | auto                     | 0       |
|    + galois3 (ref_tmp30_assign_3_galois3_fu_316)              | 0   |        |                |           |                          |         |
|      add_ln6222_fu_4217_p2                                    |     |        | add_ln6222     | add       | fabric                   | 0       |
|      icmp_ln6222_fu_4233_p2                                   |     |        | icmp_ln6222    | seteq     | auto                     | 0       |
|    + galois3 (ref_tmp45_assign_3_galois3_fu_322)              | 0   |        |                |           |                          |         |
|      add_ln6222_fu_4217_p2                                    |     |        | add_ln6222     | add       | fabric                   | 0       |
|      icmp_ln6222_fu_4233_p2                                   |     |        | icmp_ln6222    | seteq     | auto                     | 0       |
|   + mix_columns (call_ret5_mix_columns_fu_2386)               | 0   |        |                |           |                          |         |
|     xor_ln117_fu_328_p2                                       |     |        | xor_ln117      | xor       | auto                     | 0       |
|     xor_ln117_1_fu_334_p2                                     |     |        | xor_ln117_1    | xor       | auto                     | 0       |
|     xor_ln117_2_fu_340_p2                                     |     |        | xor_ln117_2    | xor       | auto                     | 0       |
|     xor_ln118_fu_346_p2                                       |     |        | xor_ln118      | xor       | auto                     | 0       |
|     xor_ln118_1_fu_352_p2                                     |     |        | xor_ln118_1    | xor       | auto                     | 0       |
|     xor_ln118_2_fu_358_p2                                     |     |        | xor_ln118_2    | xor       | auto                     | 0       |
|     xor_ln119_fu_364_p2                                       |     |        | xor_ln119      | xor       | auto                     | 0       |
|     xor_ln119_1_fu_370_p2                                     |     |        | xor_ln119_1    | xor       | auto                     | 0       |
|     xor_ln119_2_fu_376_p2                                     |     |        | xor_ln119_2    | xor       | auto                     | 0       |
|     xor_ln120_fu_382_p2                                       |     |        | xor_ln120      | xor       | auto                     | 0       |
|     xor_ln120_1_fu_388_p2                                     |     |        | xor_ln120_1    | xor       | auto                     | 0       |
|     xor_ln120_2_fu_394_p2                                     |     |        | xor_ln120_2    | xor       | auto                     | 0       |
|     xor_ln117_3_fu_400_p2                                     |     |        | xor_ln117_3    | xor       | auto                     | 0       |
|     xor_ln117_4_fu_406_p2                                     |     |        | xor_ln117_4    | xor       | auto                     | 0       |
|     xor_ln117_5_fu_412_p2                                     |     |        | xor_ln117_5    | xor       | auto                     | 0       |
|     xor_ln118_3_fu_418_p2                                     |     |        | xor_ln118_3    | xor       | auto                     | 0       |
|     xor_ln118_4_fu_424_p2                                     |     |        | xor_ln118_4    | xor       | auto                     | 0       |
|     xor_ln118_5_fu_430_p2                                     |     |        | xor_ln118_5    | xor       | auto                     | 0       |
|     xor_ln119_3_fu_436_p2                                     |     |        | xor_ln119_3    | xor       | auto                     | 0       |
|     xor_ln119_4_fu_442_p2                                     |     |        | xor_ln119_4    | xor       | auto                     | 0       |
|     xor_ln119_5_fu_448_p2                                     |     |        | xor_ln119_5    | xor       | auto                     | 0       |
|     xor_ln120_3_fu_454_p2                                     |     |        | xor_ln120_3    | xor       | auto                     | 0       |
|     xor_ln120_4_fu_460_p2                                     |     |        | xor_ln120_4    | xor       | auto                     | 0       |
|     xor_ln120_5_fu_466_p2                                     |     |        | xor_ln120_5    | xor       | auto                     | 0       |
|     xor_ln117_6_fu_472_p2                                     |     |        | xor_ln117_6    | xor       | auto                     | 0       |
|     xor_ln117_7_fu_478_p2                                     |     |        | xor_ln117_7    | xor       | auto                     | 0       |
|     xor_ln117_8_fu_484_p2                                     |     |        | xor_ln117_8    | xor       | auto                     | 0       |
|     xor_ln118_6_fu_490_p2                                     |     |        | xor_ln118_6    | xor       | auto                     | 0       |
|     xor_ln118_7_fu_496_p2                                     |     |        | xor_ln118_7    | xor       | auto                     | 0       |
|     xor_ln118_8_fu_502_p2                                     |     |        | xor_ln118_8    | xor       | auto                     | 0       |
|     xor_ln119_6_fu_508_p2                                     |     |        | xor_ln119_6    | xor       | auto                     | 0       |
|     xor_ln119_7_fu_514_p2                                     |     |        | xor_ln119_7    | xor       | auto                     | 0       |
|     xor_ln119_8_fu_520_p2                                     |     |        | xor_ln119_8    | xor       | auto                     | 0       |
|     xor_ln120_6_fu_526_p2                                     |     |        | xor_ln120_6    | xor       | auto                     | 0       |
|     xor_ln120_7_fu_532_p2                                     |     |        | xor_ln120_7    | xor       | auto                     | 0       |
|     xor_ln120_8_fu_538_p2                                     |     |        | xor_ln120_8    | xor       | auto                     | 0       |
|     xor_ln117_9_fu_544_p2                                     |     |        | xor_ln117_9    | xor       | auto                     | 0       |
|     xor_ln117_10_fu_550_p2                                    |     |        | xor_ln117_10   | xor       | auto                     | 0       |
|     xor_ln117_11_fu_556_p2                                    |     |        | xor_ln117_11   | xor       | auto                     | 0       |
|     xor_ln118_9_fu_562_p2                                     |     |        | xor_ln118_9    | xor       | auto                     | 0       |
|     xor_ln118_10_fu_568_p2                                    |     |        | xor_ln118_10   | xor       | auto                     | 0       |
|     xor_ln118_11_fu_574_p2                                    |     |        | xor_ln118_11   | xor       | auto                     | 0       |
|     xor_ln119_9_fu_580_p2                                     |     |        | xor_ln119_9    | xor       | auto                     | 0       |
|     xor_ln119_10_fu_586_p2                                    |     |        | xor_ln119_10   | xor       | auto                     | 0       |
|     xor_ln119_11_fu_592_p2                                    |     |        | xor_ln119_11   | xor       | auto                     | 0       |
|     xor_ln120_9_fu_598_p2                                     |     |        | xor_ln120_9    | xor       | auto                     | 0       |
|     xor_ln120_10_fu_604_p2                                    |     |        | xor_ln120_10   | xor       | auto                     | 0       |
|     xor_ln120_11_fu_610_p2                                    |     |        | xor_ln120_11   | xor       | auto                     | 0       |
|    + galois3 (ref_tmp15_assign_6_galois3_fu_232)              | 0   |        |                |           |                          |         |
|      add_ln6222_fu_4217_p2                                    |     |        | add_ln6222     | add       | fabric                   | 0       |
|      icmp_ln6222_fu_4233_p2                                   |     |        | icmp_ln6222    | seteq     | auto                     | 0       |
|    + galois3 (ref_tmp30_assign_6_galois3_fu_238)              | 0   |        |                |           |                          |         |
|      add_ln6222_fu_4217_p2                                    |     |        | add_ln6222     | add       | fabric                   | 0       |
|      icmp_ln6222_fu_4233_p2                                   |     |        | icmp_ln6222    | seteq     | auto                     | 0       |
|    + galois3 (ref_tmp45_assign_6_galois3_fu_244)              | 0   |        |                |           |                          |         |
|      add_ln6222_fu_4217_p2                                    |     |        | add_ln6222     | add       | fabric                   | 0       |
|      icmp_ln6222_fu_4233_p2                                   |     |        | icmp_ln6222    | seteq     | auto                     | 0       |
|    + galois3 (ref_tmp54_assign_6_galois3_fu_250)              | 0   |        |                |           |                          |         |
|      add_ln6222_fu_4217_p2                                    |     |        | add_ln6222     | add       | fabric                   | 0       |
|      icmp_ln6222_fu_4233_p2                                   |     |        | icmp_ln6222    | seteq     | auto                     | 0       |
|    + galois3 (ref_tmp54_assign_5_galois3_fu_256)              | 0   |        |                |           |                          |         |
|      add_ln6222_fu_4217_p2                                    |     |        | add_ln6222     | add       | fabric                   | 0       |
|      icmp_ln6222_fu_4233_p2                                   |     |        | icmp_ln6222    | seteq     | auto                     | 0       |
|    + galois3 (ref_tmp15_assign_5_galois3_fu_262)              | 0   |        |                |           |                          |         |
|      add_ln6222_fu_4217_p2                                    |     |        | add_ln6222     | add       | fabric                   | 0       |
|      icmp_ln6222_fu_4233_p2                                   |     |        | icmp_ln6222    | seteq     | auto                     | 0       |
|    + galois3 (ref_tmp30_assign_5_galois3_fu_268)              | 0   |        |                |           |                          |         |
|      add_ln6222_fu_4217_p2                                    |     |        | add_ln6222     | add       | fabric                   | 0       |
|      icmp_ln6222_fu_4233_p2                                   |     |        | icmp_ln6222    | seteq     | auto                     | 0       |
|    + galois3 (ref_tmp45_assign_5_galois3_fu_274)              | 0   |        |                |           |                          |         |
|      add_ln6222_fu_4217_p2                                    |     |        | add_ln6222     | add       | fabric                   | 0       |
|      icmp_ln6222_fu_4233_p2                                   |     |        | icmp_ln6222    | seteq     | auto                     | 0       |
|    + galois3 (ref_tmp54_assign_4_galois3_fu_280)              | 0   |        |                |           |                          |         |
|      add_ln6222_fu_4217_p2                                    |     |        | add_ln6222     | add       | fabric                   | 0       |
|      icmp_ln6222_fu_4233_p2                                   |     |        | icmp_ln6222    | seteq     | auto                     | 0       |
|    + galois3 (ref_tmp15_assign_4_galois3_fu_286)              | 0   |        |                |           |                          |         |
|      add_ln6222_fu_4217_p2                                    |     |        | add_ln6222     | add       | fabric                   | 0       |
|      icmp_ln6222_fu_4233_p2                                   |     |        | icmp_ln6222    | seteq     | auto                     | 0       |
|    + galois3 (ref_tmp30_assign_4_galois3_fu_292)              | 0   |        |                |           |                          |         |
|      add_ln6222_fu_4217_p2                                    |     |        | add_ln6222     | add       | fabric                   | 0       |
|      icmp_ln6222_fu_4233_p2                                   |     |        | icmp_ln6222    | seteq     | auto                     | 0       |
|    + galois3 (ref_tmp45_assign_4_galois3_fu_298)              | 0   |        |                |           |                          |         |
|      add_ln6222_fu_4217_p2                                    |     |        | add_ln6222     | add       | fabric                   | 0       |
|      icmp_ln6222_fu_4233_p2                                   |     |        | icmp_ln6222    | seteq     | auto                     | 0       |
|    + galois3 (ref_tmp54_assign_3_galois3_fu_304)              | 0   |        |                |           |                          |         |
|      add_ln6222_fu_4217_p2                                    |     |        | add_ln6222     | add       | fabric                   | 0       |
|      icmp_ln6222_fu_4233_p2                                   |     |        | icmp_ln6222    | seteq     | auto                     | 0       |
|    + galois3 (ref_tmp15_assign_3_galois3_fu_310)              | 0   |        |                |           |                          |         |
|      add_ln6222_fu_4217_p2                                    |     |        | add_ln6222     | add       | fabric                   | 0       |
|      icmp_ln6222_fu_4233_p2                                   |     |        | icmp_ln6222    | seteq     | auto                     | 0       |
|    + galois3 (ref_tmp30_assign_3_galois3_fu_316)              | 0   |        |                |           |                          |         |
|      add_ln6222_fu_4217_p2                                    |     |        | add_ln6222     | add       | fabric                   | 0       |
|      icmp_ln6222_fu_4233_p2                                   |     |        | icmp_ln6222    | seteq     | auto                     | 0       |
|    + galois3 (ref_tmp45_assign_3_galois3_fu_322)              | 0   |        |                |           |                          |         |
|      add_ln6222_fu_4217_p2                                    |     |        | add_ln6222     | add       | fabric                   | 0       |
|      icmp_ln6222_fu_4233_p2                                   |     |        | icmp_ln6222    | seteq     | auto                     | 0       |
|   + mix_columns (call_ret7_mix_columns_fu_2406)               | 0   |        |                |           |                          |         |
|     xor_ln117_fu_328_p2                                       |     |        | xor_ln117      | xor       | auto                     | 0       |
|     xor_ln117_1_fu_334_p2                                     |     |        | xor_ln117_1    | xor       | auto                     | 0       |
|     xor_ln117_2_fu_340_p2                                     |     |        | xor_ln117_2    | xor       | auto                     | 0       |
|     xor_ln118_fu_346_p2                                       |     |        | xor_ln118      | xor       | auto                     | 0       |
|     xor_ln118_1_fu_352_p2                                     |     |        | xor_ln118_1    | xor       | auto                     | 0       |
|     xor_ln118_2_fu_358_p2                                     |     |        | xor_ln118_2    | xor       | auto                     | 0       |
|     xor_ln119_fu_364_p2                                       |     |        | xor_ln119      | xor       | auto                     | 0       |
|     xor_ln119_1_fu_370_p2                                     |     |        | xor_ln119_1    | xor       | auto                     | 0       |
|     xor_ln119_2_fu_376_p2                                     |     |        | xor_ln119_2    | xor       | auto                     | 0       |
|     xor_ln120_fu_382_p2                                       |     |        | xor_ln120      | xor       | auto                     | 0       |
|     xor_ln120_1_fu_388_p2                                     |     |        | xor_ln120_1    | xor       | auto                     | 0       |
|     xor_ln120_2_fu_394_p2                                     |     |        | xor_ln120_2    | xor       | auto                     | 0       |
|     xor_ln117_3_fu_400_p2                                     |     |        | xor_ln117_3    | xor       | auto                     | 0       |
|     xor_ln117_4_fu_406_p2                                     |     |        | xor_ln117_4    | xor       | auto                     | 0       |
|     xor_ln117_5_fu_412_p2                                     |     |        | xor_ln117_5    | xor       | auto                     | 0       |
|     xor_ln118_3_fu_418_p2                                     |     |        | xor_ln118_3    | xor       | auto                     | 0       |
|     xor_ln118_4_fu_424_p2                                     |     |        | xor_ln118_4    | xor       | auto                     | 0       |
|     xor_ln118_5_fu_430_p2                                     |     |        | xor_ln118_5    | xor       | auto                     | 0       |
|     xor_ln119_3_fu_436_p2                                     |     |        | xor_ln119_3    | xor       | auto                     | 0       |
|     xor_ln119_4_fu_442_p2                                     |     |        | xor_ln119_4    | xor       | auto                     | 0       |
|     xor_ln119_5_fu_448_p2                                     |     |        | xor_ln119_5    | xor       | auto                     | 0       |
|     xor_ln120_3_fu_454_p2                                     |     |        | xor_ln120_3    | xor       | auto                     | 0       |
|     xor_ln120_4_fu_460_p2                                     |     |        | xor_ln120_4    | xor       | auto                     | 0       |
|     xor_ln120_5_fu_466_p2                                     |     |        | xor_ln120_5    | xor       | auto                     | 0       |
|     xor_ln117_6_fu_472_p2                                     |     |        | xor_ln117_6    | xor       | auto                     | 0       |
|     xor_ln117_7_fu_478_p2                                     |     |        | xor_ln117_7    | xor       | auto                     | 0       |
|     xor_ln117_8_fu_484_p2                                     |     |        | xor_ln117_8    | xor       | auto                     | 0       |
|     xor_ln118_6_fu_490_p2                                     |     |        | xor_ln118_6    | xor       | auto                     | 0       |
|     xor_ln118_7_fu_496_p2                                     |     |        | xor_ln118_7    | xor       | auto                     | 0       |
|     xor_ln118_8_fu_502_p2                                     |     |        | xor_ln118_8    | xor       | auto                     | 0       |
|     xor_ln119_6_fu_508_p2                                     |     |        | xor_ln119_6    | xor       | auto                     | 0       |
|     xor_ln119_7_fu_514_p2                                     |     |        | xor_ln119_7    | xor       | auto                     | 0       |
|     xor_ln119_8_fu_520_p2                                     |     |        | xor_ln119_8    | xor       | auto                     | 0       |
|     xor_ln120_6_fu_526_p2                                     |     |        | xor_ln120_6    | xor       | auto                     | 0       |
|     xor_ln120_7_fu_532_p2                                     |     |        | xor_ln120_7    | xor       | auto                     | 0       |
|     xor_ln120_8_fu_538_p2                                     |     |        | xor_ln120_8    | xor       | auto                     | 0       |
|     xor_ln117_9_fu_544_p2                                     |     |        | xor_ln117_9    | xor       | auto                     | 0       |
|     xor_ln117_10_fu_550_p2                                    |     |        | xor_ln117_10   | xor       | auto                     | 0       |
|     xor_ln117_11_fu_556_p2                                    |     |        | xor_ln117_11   | xor       | auto                     | 0       |
|     xor_ln118_9_fu_562_p2                                     |     |        | xor_ln118_9    | xor       | auto                     | 0       |
|     xor_ln118_10_fu_568_p2                                    |     |        | xor_ln118_10   | xor       | auto                     | 0       |
|     xor_ln118_11_fu_574_p2                                    |     |        | xor_ln118_11   | xor       | auto                     | 0       |
|     xor_ln119_9_fu_580_p2                                     |     |        | xor_ln119_9    | xor       | auto                     | 0       |
|     xor_ln119_10_fu_586_p2                                    |     |        | xor_ln119_10   | xor       | auto                     | 0       |
|     xor_ln119_11_fu_592_p2                                    |     |        | xor_ln119_11   | xor       | auto                     | 0       |
|     xor_ln120_9_fu_598_p2                                     |     |        | xor_ln120_9    | xor       | auto                     | 0       |
|     xor_ln120_10_fu_604_p2                                    |     |        | xor_ln120_10   | xor       | auto                     | 0       |
|     xor_ln120_11_fu_610_p2                                    |     |        | xor_ln120_11   | xor       | auto                     | 0       |
|    + galois3 (ref_tmp15_assign_6_galois3_fu_232)              | 0   |        |                |           |                          |         |
|      add_ln6222_fu_4217_p2                                    |     |        | add_ln6222     | add       | fabric                   | 0       |
|      icmp_ln6222_fu_4233_p2                                   |     |        | icmp_ln6222    | seteq     | auto                     | 0       |
|    + galois3 (ref_tmp30_assign_6_galois3_fu_238)              | 0   |        |                |           |                          |         |
|      add_ln6222_fu_4217_p2                                    |     |        | add_ln6222     | add       | fabric                   | 0       |
|      icmp_ln6222_fu_4233_p2                                   |     |        | icmp_ln6222    | seteq     | auto                     | 0       |
|    + galois3 (ref_tmp45_assign_6_galois3_fu_244)              | 0   |        |                |           |                          |         |
|      add_ln6222_fu_4217_p2                                    |     |        | add_ln6222     | add       | fabric                   | 0       |
|      icmp_ln6222_fu_4233_p2                                   |     |        | icmp_ln6222    | seteq     | auto                     | 0       |
|    + galois3 (ref_tmp54_assign_6_galois3_fu_250)              | 0   |        |                |           |                          |         |
|      add_ln6222_fu_4217_p2                                    |     |        | add_ln6222     | add       | fabric                   | 0       |
|      icmp_ln6222_fu_4233_p2                                   |     |        | icmp_ln6222    | seteq     | auto                     | 0       |
|    + galois3 (ref_tmp54_assign_5_galois3_fu_256)              | 0   |        |                |           |                          |         |
|      add_ln6222_fu_4217_p2                                    |     |        | add_ln6222     | add       | fabric                   | 0       |
|      icmp_ln6222_fu_4233_p2                                   |     |        | icmp_ln6222    | seteq     | auto                     | 0       |
|    + galois3 (ref_tmp15_assign_5_galois3_fu_262)              | 0   |        |                |           |                          |         |
|      add_ln6222_fu_4217_p2                                    |     |        | add_ln6222     | add       | fabric                   | 0       |
|      icmp_ln6222_fu_4233_p2                                   |     |        | icmp_ln6222    | seteq     | auto                     | 0       |
|    + galois3 (ref_tmp30_assign_5_galois3_fu_268)              | 0   |        |                |           |                          |         |
|      add_ln6222_fu_4217_p2                                    |     |        | add_ln6222     | add       | fabric                   | 0       |
|      icmp_ln6222_fu_4233_p2                                   |     |        | icmp_ln6222    | seteq     | auto                     | 0       |
|    + galois3 (ref_tmp45_assign_5_galois3_fu_274)              | 0   |        |                |           |                          |         |
|      add_ln6222_fu_4217_p2                                    |     |        | add_ln6222     | add       | fabric                   | 0       |
|      icmp_ln6222_fu_4233_p2                                   |     |        | icmp_ln6222    | seteq     | auto                     | 0       |
|    + galois3 (ref_tmp54_assign_4_galois3_fu_280)              | 0   |        |                |           |                          |         |
|      add_ln6222_fu_4217_p2                                    |     |        | add_ln6222     | add       | fabric                   | 0       |
|      icmp_ln6222_fu_4233_p2                                   |     |        | icmp_ln6222    | seteq     | auto                     | 0       |
|    + galois3 (ref_tmp15_assign_4_galois3_fu_286)              | 0   |        |                |           |                          |         |
|      add_ln6222_fu_4217_p2                                    |     |        | add_ln6222     | add       | fabric                   | 0       |
|      icmp_ln6222_fu_4233_p2                                   |     |        | icmp_ln6222    | seteq     | auto                     | 0       |
|    + galois3 (ref_tmp30_assign_4_galois3_fu_292)              | 0   |        |                |           |                          |         |
|      add_ln6222_fu_4217_p2                                    |     |        | add_ln6222     | add       | fabric                   | 0       |
|      icmp_ln6222_fu_4233_p2                                   |     |        | icmp_ln6222    | seteq     | auto                     | 0       |
|    + galois3 (ref_tmp45_assign_4_galois3_fu_298)              | 0   |        |                |           |                          |         |
|      add_ln6222_fu_4217_p2                                    |     |        | add_ln6222     | add       | fabric                   | 0       |
|      icmp_ln6222_fu_4233_p2                                   |     |        | icmp_ln6222    | seteq     | auto                     | 0       |
|    + galois3 (ref_tmp54_assign_3_galois3_fu_304)              | 0   |        |                |           |                          |         |
|      add_ln6222_fu_4217_p2                                    |     |        | add_ln6222     | add       | fabric                   | 0       |
|      icmp_ln6222_fu_4233_p2                                   |     |        | icmp_ln6222    | seteq     | auto                     | 0       |
|    + galois3 (ref_tmp15_assign_3_galois3_fu_310)              | 0   |        |                |           |                          |         |
|      add_ln6222_fu_4217_p2                                    |     |        | add_ln6222     | add       | fabric                   | 0       |
|      icmp_ln6222_fu_4233_p2                                   |     |        | icmp_ln6222    | seteq     | auto                     | 0       |
|    + galois3 (ref_tmp30_assign_3_galois3_fu_316)              | 0   |        |                |           |                          |         |
|      add_ln6222_fu_4217_p2                                    |     |        | add_ln6222     | add       | fabric                   | 0       |
|      icmp_ln6222_fu_4233_p2                                   |     |        | icmp_ln6222    | seteq     | auto                     | 0       |
|    + galois3 (ref_tmp45_assign_3_galois3_fu_322)              | 0   |        |                |           |                          |         |
|      add_ln6222_fu_4217_p2                                    |     |        | add_ln6222     | add       | fabric                   | 0       |
|      icmp_ln6222_fu_4233_p2                                   |     |        | icmp_ln6222    | seteq     | auto                     | 0       |
|   + mix_columns (call_ret9_mix_columns_fu_2426)               | 0   |        |                |           |                          |         |
|     xor_ln117_fu_328_p2                                       |     |        | xor_ln117      | xor       | auto                     | 0       |
|     xor_ln117_1_fu_334_p2                                     |     |        | xor_ln117_1    | xor       | auto                     | 0       |
|     xor_ln117_2_fu_340_p2                                     |     |        | xor_ln117_2    | xor       | auto                     | 0       |
|     xor_ln118_fu_346_p2                                       |     |        | xor_ln118      | xor       | auto                     | 0       |
|     xor_ln118_1_fu_352_p2                                     |     |        | xor_ln118_1    | xor       | auto                     | 0       |
|     xor_ln118_2_fu_358_p2                                     |     |        | xor_ln118_2    | xor       | auto                     | 0       |
|     xor_ln119_fu_364_p2                                       |     |        | xor_ln119      | xor       | auto                     | 0       |
|     xor_ln119_1_fu_370_p2                                     |     |        | xor_ln119_1    | xor       | auto                     | 0       |
|     xor_ln119_2_fu_376_p2                                     |     |        | xor_ln119_2    | xor       | auto                     | 0       |
|     xor_ln120_fu_382_p2                                       |     |        | xor_ln120      | xor       | auto                     | 0       |
|     xor_ln120_1_fu_388_p2                                     |     |        | xor_ln120_1    | xor       | auto                     | 0       |
|     xor_ln120_2_fu_394_p2                                     |     |        | xor_ln120_2    | xor       | auto                     | 0       |
|     xor_ln117_3_fu_400_p2                                     |     |        | xor_ln117_3    | xor       | auto                     | 0       |
|     xor_ln117_4_fu_406_p2                                     |     |        | xor_ln117_4    | xor       | auto                     | 0       |
|     xor_ln117_5_fu_412_p2                                     |     |        | xor_ln117_5    | xor       | auto                     | 0       |
|     xor_ln118_3_fu_418_p2                                     |     |        | xor_ln118_3    | xor       | auto                     | 0       |
|     xor_ln118_4_fu_424_p2                                     |     |        | xor_ln118_4    | xor       | auto                     | 0       |
|     xor_ln118_5_fu_430_p2                                     |     |        | xor_ln118_5    | xor       | auto                     | 0       |
|     xor_ln119_3_fu_436_p2                                     |     |        | xor_ln119_3    | xor       | auto                     | 0       |
|     xor_ln119_4_fu_442_p2                                     |     |        | xor_ln119_4    | xor       | auto                     | 0       |
|     xor_ln119_5_fu_448_p2                                     |     |        | xor_ln119_5    | xor       | auto                     | 0       |
|     xor_ln120_3_fu_454_p2                                     |     |        | xor_ln120_3    | xor       | auto                     | 0       |
|     xor_ln120_4_fu_460_p2                                     |     |        | xor_ln120_4    | xor       | auto                     | 0       |
|     xor_ln120_5_fu_466_p2                                     |     |        | xor_ln120_5    | xor       | auto                     | 0       |
|     xor_ln117_6_fu_472_p2                                     |     |        | xor_ln117_6    | xor       | auto                     | 0       |
|     xor_ln117_7_fu_478_p2                                     |     |        | xor_ln117_7    | xor       | auto                     | 0       |
|     xor_ln117_8_fu_484_p2                                     |     |        | xor_ln117_8    | xor       | auto                     | 0       |
|     xor_ln118_6_fu_490_p2                                     |     |        | xor_ln118_6    | xor       | auto                     | 0       |
|     xor_ln118_7_fu_496_p2                                     |     |        | xor_ln118_7    | xor       | auto                     | 0       |
|     xor_ln118_8_fu_502_p2                                     |     |        | xor_ln118_8    | xor       | auto                     | 0       |
|     xor_ln119_6_fu_508_p2                                     |     |        | xor_ln119_6    | xor       | auto                     | 0       |
|     xor_ln119_7_fu_514_p2                                     |     |        | xor_ln119_7    | xor       | auto                     | 0       |
|     xor_ln119_8_fu_520_p2                                     |     |        | xor_ln119_8    | xor       | auto                     | 0       |
|     xor_ln120_6_fu_526_p2                                     |     |        | xor_ln120_6    | xor       | auto                     | 0       |
|     xor_ln120_7_fu_532_p2                                     |     |        | xor_ln120_7    | xor       | auto                     | 0       |
|     xor_ln120_8_fu_538_p2                                     |     |        | xor_ln120_8    | xor       | auto                     | 0       |
|     xor_ln117_9_fu_544_p2                                     |     |        | xor_ln117_9    | xor       | auto                     | 0       |
|     xor_ln117_10_fu_550_p2                                    |     |        | xor_ln117_10   | xor       | auto                     | 0       |
|     xor_ln117_11_fu_556_p2                                    |     |        | xor_ln117_11   | xor       | auto                     | 0       |
|     xor_ln118_9_fu_562_p2                                     |     |        | xor_ln118_9    | xor       | auto                     | 0       |
|     xor_ln118_10_fu_568_p2                                    |     |        | xor_ln118_10   | xor       | auto                     | 0       |
|     xor_ln118_11_fu_574_p2                                    |     |        | xor_ln118_11   | xor       | auto                     | 0       |
|     xor_ln119_9_fu_580_p2                                     |     |        | xor_ln119_9    | xor       | auto                     | 0       |
|     xor_ln119_10_fu_586_p2                                    |     |        | xor_ln119_10   | xor       | auto                     | 0       |
|     xor_ln119_11_fu_592_p2                                    |     |        | xor_ln119_11   | xor       | auto                     | 0       |
|     xor_ln120_9_fu_598_p2                                     |     |        | xor_ln120_9    | xor       | auto                     | 0       |
|     xor_ln120_10_fu_604_p2                                    |     |        | xor_ln120_10   | xor       | auto                     | 0       |
|     xor_ln120_11_fu_610_p2                                    |     |        | xor_ln120_11   | xor       | auto                     | 0       |
|    + galois3 (ref_tmp15_assign_6_galois3_fu_232)              | 0   |        |                |           |                          |         |
|      add_ln6222_fu_4217_p2                                    |     |        | add_ln6222     | add       | fabric                   | 0       |
|      icmp_ln6222_fu_4233_p2                                   |     |        | icmp_ln6222    | seteq     | auto                     | 0       |
|    + galois3 (ref_tmp30_assign_6_galois3_fu_238)              | 0   |        |                |           |                          |         |
|      add_ln6222_fu_4217_p2                                    |     |        | add_ln6222     | add       | fabric                   | 0       |
|      icmp_ln6222_fu_4233_p2                                   |     |        | icmp_ln6222    | seteq     | auto                     | 0       |
|    + galois3 (ref_tmp45_assign_6_galois3_fu_244)              | 0   |        |                |           |                          |         |
|      add_ln6222_fu_4217_p2                                    |     |        | add_ln6222     | add       | fabric                   | 0       |
|      icmp_ln6222_fu_4233_p2                                   |     |        | icmp_ln6222    | seteq     | auto                     | 0       |
|    + galois3 (ref_tmp54_assign_6_galois3_fu_250)              | 0   |        |                |           |                          |         |
|      add_ln6222_fu_4217_p2                                    |     |        | add_ln6222     | add       | fabric                   | 0       |
|      icmp_ln6222_fu_4233_p2                                   |     |        | icmp_ln6222    | seteq     | auto                     | 0       |
|    + galois3 (ref_tmp54_assign_5_galois3_fu_256)              | 0   |        |                |           |                          |         |
|      add_ln6222_fu_4217_p2                                    |     |        | add_ln6222     | add       | fabric                   | 0       |
|      icmp_ln6222_fu_4233_p2                                   |     |        | icmp_ln6222    | seteq     | auto                     | 0       |
|    + galois3 (ref_tmp15_assign_5_galois3_fu_262)              | 0   |        |                |           |                          |         |
|      add_ln6222_fu_4217_p2                                    |     |        | add_ln6222     | add       | fabric                   | 0       |
|      icmp_ln6222_fu_4233_p2                                   |     |        | icmp_ln6222    | seteq     | auto                     | 0       |
|    + galois3 (ref_tmp30_assign_5_galois3_fu_268)              | 0   |        |                |           |                          |         |
|      add_ln6222_fu_4217_p2                                    |     |        | add_ln6222     | add       | fabric                   | 0       |
|      icmp_ln6222_fu_4233_p2                                   |     |        | icmp_ln6222    | seteq     | auto                     | 0       |
|    + galois3 (ref_tmp45_assign_5_galois3_fu_274)              | 0   |        |                |           |                          |         |
|      add_ln6222_fu_4217_p2                                    |     |        | add_ln6222     | add       | fabric                   | 0       |
|      icmp_ln6222_fu_4233_p2                                   |     |        | icmp_ln6222    | seteq     | auto                     | 0       |
|    + galois3 (ref_tmp54_assign_4_galois3_fu_280)              | 0   |        |                |           |                          |         |
|      add_ln6222_fu_4217_p2                                    |     |        | add_ln6222     | add       | fabric                   | 0       |
|      icmp_ln6222_fu_4233_p2                                   |     |        | icmp_ln6222    | seteq     | auto                     | 0       |
|    + galois3 (ref_tmp15_assign_4_galois3_fu_286)              | 0   |        |                |           |                          |         |
|      add_ln6222_fu_4217_p2                                    |     |        | add_ln6222     | add       | fabric                   | 0       |
|      icmp_ln6222_fu_4233_p2                                   |     |        | icmp_ln6222    | seteq     | auto                     | 0       |
|    + galois3 (ref_tmp30_assign_4_galois3_fu_292)              | 0   |        |                |           |                          |         |
|      add_ln6222_fu_4217_p2                                    |     |        | add_ln6222     | add       | fabric                   | 0       |
|      icmp_ln6222_fu_4233_p2                                   |     |        | icmp_ln6222    | seteq     | auto                     | 0       |
|    + galois3 (ref_tmp45_assign_4_galois3_fu_298)              | 0   |        |                |           |                          |         |
|      add_ln6222_fu_4217_p2                                    |     |        | add_ln6222     | add       | fabric                   | 0       |
|      icmp_ln6222_fu_4233_p2                                   |     |        | icmp_ln6222    | seteq     | auto                     | 0       |
|    + galois3 (ref_tmp54_assign_3_galois3_fu_304)              | 0   |        |                |           |                          |         |
|      add_ln6222_fu_4217_p2                                    |     |        | add_ln6222     | add       | fabric                   | 0       |
|      icmp_ln6222_fu_4233_p2                                   |     |        | icmp_ln6222    | seteq     | auto                     | 0       |
|    + galois3 (ref_tmp15_assign_3_galois3_fu_310)              | 0   |        |                |           |                          |         |
|      add_ln6222_fu_4217_p2                                    |     |        | add_ln6222     | add       | fabric                   | 0       |
|      icmp_ln6222_fu_4233_p2                                   |     |        | icmp_ln6222    | seteq     | auto                     | 0       |
|    + galois3 (ref_tmp30_assign_3_galois3_fu_316)              | 0   |        |                |           |                          |         |
|      add_ln6222_fu_4217_p2                                    |     |        | add_ln6222     | add       | fabric                   | 0       |
|      icmp_ln6222_fu_4233_p2                                   |     |        | icmp_ln6222    | seteq     | auto                     | 0       |
|    + galois3 (ref_tmp45_assign_3_galois3_fu_322)              | 0   |        |                |           |                          |         |
|      add_ln6222_fu_4217_p2                                    |     |        | add_ln6222     | add       | fabric                   | 0       |
|      icmp_ln6222_fu_4233_p2                                   |     |        | icmp_ln6222    | seteq     | auto                     | 0       |
|   + mix_columns (call_ret11_mix_columns_fu_2446)              | 0   |        |                |           |                          |         |
|     xor_ln117_fu_328_p2                                       |     |        | xor_ln117      | xor       | auto                     | 0       |
|     xor_ln117_1_fu_334_p2                                     |     |        | xor_ln117_1    | xor       | auto                     | 0       |
|     xor_ln117_2_fu_340_p2                                     |     |        | xor_ln117_2    | xor       | auto                     | 0       |
|     xor_ln118_fu_346_p2                                       |     |        | xor_ln118      | xor       | auto                     | 0       |
|     xor_ln118_1_fu_352_p2                                     |     |        | xor_ln118_1    | xor       | auto                     | 0       |
|     xor_ln118_2_fu_358_p2                                     |     |        | xor_ln118_2    | xor       | auto                     | 0       |
|     xor_ln119_fu_364_p2                                       |     |        | xor_ln119      | xor       | auto                     | 0       |
|     xor_ln119_1_fu_370_p2                                     |     |        | xor_ln119_1    | xor       | auto                     | 0       |
|     xor_ln119_2_fu_376_p2                                     |     |        | xor_ln119_2    | xor       | auto                     | 0       |
|     xor_ln120_fu_382_p2                                       |     |        | xor_ln120      | xor       | auto                     | 0       |
|     xor_ln120_1_fu_388_p2                                     |     |        | xor_ln120_1    | xor       | auto                     | 0       |
|     xor_ln120_2_fu_394_p2                                     |     |        | xor_ln120_2    | xor       | auto                     | 0       |
|     xor_ln117_3_fu_400_p2                                     |     |        | xor_ln117_3    | xor       | auto                     | 0       |
|     xor_ln117_4_fu_406_p2                                     |     |        | xor_ln117_4    | xor       | auto                     | 0       |
|     xor_ln117_5_fu_412_p2                                     |     |        | xor_ln117_5    | xor       | auto                     | 0       |
|     xor_ln118_3_fu_418_p2                                     |     |        | xor_ln118_3    | xor       | auto                     | 0       |
|     xor_ln118_4_fu_424_p2                                     |     |        | xor_ln118_4    | xor       | auto                     | 0       |
|     xor_ln118_5_fu_430_p2                                     |     |        | xor_ln118_5    | xor       | auto                     | 0       |
|     xor_ln119_3_fu_436_p2                                     |     |        | xor_ln119_3    | xor       | auto                     | 0       |
|     xor_ln119_4_fu_442_p2                                     |     |        | xor_ln119_4    | xor       | auto                     | 0       |
|     xor_ln119_5_fu_448_p2                                     |     |        | xor_ln119_5    | xor       | auto                     | 0       |
|     xor_ln120_3_fu_454_p2                                     |     |        | xor_ln120_3    | xor       | auto                     | 0       |
|     xor_ln120_4_fu_460_p2                                     |     |        | xor_ln120_4    | xor       | auto                     | 0       |
|     xor_ln120_5_fu_466_p2                                     |     |        | xor_ln120_5    | xor       | auto                     | 0       |
|     xor_ln117_6_fu_472_p2                                     |     |        | xor_ln117_6    | xor       | auto                     | 0       |
|     xor_ln117_7_fu_478_p2                                     |     |        | xor_ln117_7    | xor       | auto                     | 0       |
|     xor_ln117_8_fu_484_p2                                     |     |        | xor_ln117_8    | xor       | auto                     | 0       |
|     xor_ln118_6_fu_490_p2                                     |     |        | xor_ln118_6    | xor       | auto                     | 0       |
|     xor_ln118_7_fu_496_p2                                     |     |        | xor_ln118_7    | xor       | auto                     | 0       |
|     xor_ln118_8_fu_502_p2                                     |     |        | xor_ln118_8    | xor       | auto                     | 0       |
|     xor_ln119_6_fu_508_p2                                     |     |        | xor_ln119_6    | xor       | auto                     | 0       |
|     xor_ln119_7_fu_514_p2                                     |     |        | xor_ln119_7    | xor       | auto                     | 0       |
|     xor_ln119_8_fu_520_p2                                     |     |        | xor_ln119_8    | xor       | auto                     | 0       |
|     xor_ln120_6_fu_526_p2                                     |     |        | xor_ln120_6    | xor       | auto                     | 0       |
|     xor_ln120_7_fu_532_p2                                     |     |        | xor_ln120_7    | xor       | auto                     | 0       |
|     xor_ln120_8_fu_538_p2                                     |     |        | xor_ln120_8    | xor       | auto                     | 0       |
|     xor_ln117_9_fu_544_p2                                     |     |        | xor_ln117_9    | xor       | auto                     | 0       |
|     xor_ln117_10_fu_550_p2                                    |     |        | xor_ln117_10   | xor       | auto                     | 0       |
|     xor_ln117_11_fu_556_p2                                    |     |        | xor_ln117_11   | xor       | auto                     | 0       |
|     xor_ln118_9_fu_562_p2                                     |     |        | xor_ln118_9    | xor       | auto                     | 0       |
|     xor_ln118_10_fu_568_p2                                    |     |        | xor_ln118_10   | xor       | auto                     | 0       |
|     xor_ln118_11_fu_574_p2                                    |     |        | xor_ln118_11   | xor       | auto                     | 0       |
|     xor_ln119_9_fu_580_p2                                     |     |        | xor_ln119_9    | xor       | auto                     | 0       |
|     xor_ln119_10_fu_586_p2                                    |     |        | xor_ln119_10   | xor       | auto                     | 0       |
|     xor_ln119_11_fu_592_p2                                    |     |        | xor_ln119_11   | xor       | auto                     | 0       |
|     xor_ln120_9_fu_598_p2                                     |     |        | xor_ln120_9    | xor       | auto                     | 0       |
|     xor_ln120_10_fu_604_p2                                    |     |        | xor_ln120_10   | xor       | auto                     | 0       |
|     xor_ln120_11_fu_610_p2                                    |     |        | xor_ln120_11   | xor       | auto                     | 0       |
|    + galois3 (ref_tmp15_assign_6_galois3_fu_232)              | 0   |        |                |           |                          |         |
|      add_ln6222_fu_4217_p2                                    |     |        | add_ln6222     | add       | fabric                   | 0       |
|      icmp_ln6222_fu_4233_p2                                   |     |        | icmp_ln6222    | seteq     | auto                     | 0       |
|    + galois3 (ref_tmp30_assign_6_galois3_fu_238)              | 0   |        |                |           |                          |         |
|      add_ln6222_fu_4217_p2                                    |     |        | add_ln6222     | add       | fabric                   | 0       |
|      icmp_ln6222_fu_4233_p2                                   |     |        | icmp_ln6222    | seteq     | auto                     | 0       |
|    + galois3 (ref_tmp45_assign_6_galois3_fu_244)              | 0   |        |                |           |                          |         |
|      add_ln6222_fu_4217_p2                                    |     |        | add_ln6222     | add       | fabric                   | 0       |
|      icmp_ln6222_fu_4233_p2                                   |     |        | icmp_ln6222    | seteq     | auto                     | 0       |
|    + galois3 (ref_tmp54_assign_6_galois3_fu_250)              | 0   |        |                |           |                          |         |
|      add_ln6222_fu_4217_p2                                    |     |        | add_ln6222     | add       | fabric                   | 0       |
|      icmp_ln6222_fu_4233_p2                                   |     |        | icmp_ln6222    | seteq     | auto                     | 0       |
|    + galois3 (ref_tmp54_assign_5_galois3_fu_256)              | 0   |        |                |           |                          |         |
|      add_ln6222_fu_4217_p2                                    |     |        | add_ln6222     | add       | fabric                   | 0       |
|      icmp_ln6222_fu_4233_p2                                   |     |        | icmp_ln6222    | seteq     | auto                     | 0       |
|    + galois3 (ref_tmp15_assign_5_galois3_fu_262)              | 0   |        |                |           |                          |         |
|      add_ln6222_fu_4217_p2                                    |     |        | add_ln6222     | add       | fabric                   | 0       |
|      icmp_ln6222_fu_4233_p2                                   |     |        | icmp_ln6222    | seteq     | auto                     | 0       |
|    + galois3 (ref_tmp30_assign_5_galois3_fu_268)              | 0   |        |                |           |                          |         |
|      add_ln6222_fu_4217_p2                                    |     |        | add_ln6222     | add       | fabric                   | 0       |
|      icmp_ln6222_fu_4233_p2                                   |     |        | icmp_ln6222    | seteq     | auto                     | 0       |
|    + galois3 (ref_tmp45_assign_5_galois3_fu_274)              | 0   |        |                |           |                          |         |
|      add_ln6222_fu_4217_p2                                    |     |        | add_ln6222     | add       | fabric                   | 0       |
|      icmp_ln6222_fu_4233_p2                                   |     |        | icmp_ln6222    | seteq     | auto                     | 0       |
|    + galois3 (ref_tmp54_assign_4_galois3_fu_280)              | 0   |        |                |           |                          |         |
|      add_ln6222_fu_4217_p2                                    |     |        | add_ln6222     | add       | fabric                   | 0       |
|      icmp_ln6222_fu_4233_p2                                   |     |        | icmp_ln6222    | seteq     | auto                     | 0       |
|    + galois3 (ref_tmp15_assign_4_galois3_fu_286)              | 0   |        |                |           |                          |         |
|      add_ln6222_fu_4217_p2                                    |     |        | add_ln6222     | add       | fabric                   | 0       |
|      icmp_ln6222_fu_4233_p2                                   |     |        | icmp_ln6222    | seteq     | auto                     | 0       |
|    + galois3 (ref_tmp30_assign_4_galois3_fu_292)              | 0   |        |                |           |                          |         |
|      add_ln6222_fu_4217_p2                                    |     |        | add_ln6222     | add       | fabric                   | 0       |
|      icmp_ln6222_fu_4233_p2                                   |     |        | icmp_ln6222    | seteq     | auto                     | 0       |
|    + galois3 (ref_tmp45_assign_4_galois3_fu_298)              | 0   |        |                |           |                          |         |
|      add_ln6222_fu_4217_p2                                    |     |        | add_ln6222     | add       | fabric                   | 0       |
|      icmp_ln6222_fu_4233_p2                                   |     |        | icmp_ln6222    | seteq     | auto                     | 0       |
|    + galois3 (ref_tmp54_assign_3_galois3_fu_304)              | 0   |        |                |           |                          |         |
|      add_ln6222_fu_4217_p2                                    |     |        | add_ln6222     | add       | fabric                   | 0       |
|      icmp_ln6222_fu_4233_p2                                   |     |        | icmp_ln6222    | seteq     | auto                     | 0       |
|    + galois3 (ref_tmp15_assign_3_galois3_fu_310)              | 0   |        |                |           |                          |         |
|      add_ln6222_fu_4217_p2                                    |     |        | add_ln6222     | add       | fabric                   | 0       |
|      icmp_ln6222_fu_4233_p2                                   |     |        | icmp_ln6222    | seteq     | auto                     | 0       |
|    + galois3 (ref_tmp30_assign_3_galois3_fu_316)              | 0   |        |                |           |                          |         |
|      add_ln6222_fu_4217_p2                                    |     |        | add_ln6222     | add       | fabric                   | 0       |
|      icmp_ln6222_fu_4233_p2                                   |     |        | icmp_ln6222    | seteq     | auto                     | 0       |
|    + galois3 (ref_tmp45_assign_3_galois3_fu_322)              | 0   |        |                |           |                          |         |
|      add_ln6222_fu_4217_p2                                    |     |        | add_ln6222     | add       | fabric                   | 0       |
|      icmp_ln6222_fu_4233_p2                                   |     |        | icmp_ln6222    | seteq     | auto                     | 0       |
|   + mix_columns (call_ret13_mix_columns_fu_2466)              | 0   |        |                |           |                          |         |
|     xor_ln117_fu_328_p2                                       |     |        | xor_ln117      | xor       | auto                     | 0       |
|     xor_ln117_1_fu_334_p2                                     |     |        | xor_ln117_1    | xor       | auto                     | 0       |
|     xor_ln117_2_fu_340_p2                                     |     |        | xor_ln117_2    | xor       | auto                     | 0       |
|     xor_ln118_fu_346_p2                                       |     |        | xor_ln118      | xor       | auto                     | 0       |
|     xor_ln118_1_fu_352_p2                                     |     |        | xor_ln118_1    | xor       | auto                     | 0       |
|     xor_ln118_2_fu_358_p2                                     |     |        | xor_ln118_2    | xor       | auto                     | 0       |
|     xor_ln119_fu_364_p2                                       |     |        | xor_ln119      | xor       | auto                     | 0       |
|     xor_ln119_1_fu_370_p2                                     |     |        | xor_ln119_1    | xor       | auto                     | 0       |
|     xor_ln119_2_fu_376_p2                                     |     |        | xor_ln119_2    | xor       | auto                     | 0       |
|     xor_ln120_fu_382_p2                                       |     |        | xor_ln120      | xor       | auto                     | 0       |
|     xor_ln120_1_fu_388_p2                                     |     |        | xor_ln120_1    | xor       | auto                     | 0       |
|     xor_ln120_2_fu_394_p2                                     |     |        | xor_ln120_2    | xor       | auto                     | 0       |
|     xor_ln117_3_fu_400_p2                                     |     |        | xor_ln117_3    | xor       | auto                     | 0       |
|     xor_ln117_4_fu_406_p2                                     |     |        | xor_ln117_4    | xor       | auto                     | 0       |
|     xor_ln117_5_fu_412_p2                                     |     |        | xor_ln117_5    | xor       | auto                     | 0       |
|     xor_ln118_3_fu_418_p2                                     |     |        | xor_ln118_3    | xor       | auto                     | 0       |
|     xor_ln118_4_fu_424_p2                                     |     |        | xor_ln118_4    | xor       | auto                     | 0       |
|     xor_ln118_5_fu_430_p2                                     |     |        | xor_ln118_5    | xor       | auto                     | 0       |
|     xor_ln119_3_fu_436_p2                                     |     |        | xor_ln119_3    | xor       | auto                     | 0       |
|     xor_ln119_4_fu_442_p2                                     |     |        | xor_ln119_4    | xor       | auto                     | 0       |
|     xor_ln119_5_fu_448_p2                                     |     |        | xor_ln119_5    | xor       | auto                     | 0       |
|     xor_ln120_3_fu_454_p2                                     |     |        | xor_ln120_3    | xor       | auto                     | 0       |
|     xor_ln120_4_fu_460_p2                                     |     |        | xor_ln120_4    | xor       | auto                     | 0       |
|     xor_ln120_5_fu_466_p2                                     |     |        | xor_ln120_5    | xor       | auto                     | 0       |
|     xor_ln117_6_fu_472_p2                                     |     |        | xor_ln117_6    | xor       | auto                     | 0       |
|     xor_ln117_7_fu_478_p2                                     |     |        | xor_ln117_7    | xor       | auto                     | 0       |
|     xor_ln117_8_fu_484_p2                                     |     |        | xor_ln117_8    | xor       | auto                     | 0       |
|     xor_ln118_6_fu_490_p2                                     |     |        | xor_ln118_6    | xor       | auto                     | 0       |
|     xor_ln118_7_fu_496_p2                                     |     |        | xor_ln118_7    | xor       | auto                     | 0       |
|     xor_ln118_8_fu_502_p2                                     |     |        | xor_ln118_8    | xor       | auto                     | 0       |
|     xor_ln119_6_fu_508_p2                                     |     |        | xor_ln119_6    | xor       | auto                     | 0       |
|     xor_ln119_7_fu_514_p2                                     |     |        | xor_ln119_7    | xor       | auto                     | 0       |
|     xor_ln119_8_fu_520_p2                                     |     |        | xor_ln119_8    | xor       | auto                     | 0       |
|     xor_ln120_6_fu_526_p2                                     |     |        | xor_ln120_6    | xor       | auto                     | 0       |
|     xor_ln120_7_fu_532_p2                                     |     |        | xor_ln120_7    | xor       | auto                     | 0       |
|     xor_ln120_8_fu_538_p2                                     |     |        | xor_ln120_8    | xor       | auto                     | 0       |
|     xor_ln117_9_fu_544_p2                                     |     |        | xor_ln117_9    | xor       | auto                     | 0       |
|     xor_ln117_10_fu_550_p2                                    |     |        | xor_ln117_10   | xor       | auto                     | 0       |
|     xor_ln117_11_fu_556_p2                                    |     |        | xor_ln117_11   | xor       | auto                     | 0       |
|     xor_ln118_9_fu_562_p2                                     |     |        | xor_ln118_9    | xor       | auto                     | 0       |
|     xor_ln118_10_fu_568_p2                                    |     |        | xor_ln118_10   | xor       | auto                     | 0       |
|     xor_ln118_11_fu_574_p2                                    |     |        | xor_ln118_11   | xor       | auto                     | 0       |
|     xor_ln119_9_fu_580_p2                                     |     |        | xor_ln119_9    | xor       | auto                     | 0       |
|     xor_ln119_10_fu_586_p2                                    |     |        | xor_ln119_10   | xor       | auto                     | 0       |
|     xor_ln119_11_fu_592_p2                                    |     |        | xor_ln119_11   | xor       | auto                     | 0       |
|     xor_ln120_9_fu_598_p2                                     |     |        | xor_ln120_9    | xor       | auto                     | 0       |
|     xor_ln120_10_fu_604_p2                                    |     |        | xor_ln120_10   | xor       | auto                     | 0       |
|     xor_ln120_11_fu_610_p2                                    |     |        | xor_ln120_11   | xor       | auto                     | 0       |
|    + galois3 (ref_tmp15_assign_6_galois3_fu_232)              | 0   |        |                |           |                          |         |
|      add_ln6222_fu_4217_p2                                    |     |        | add_ln6222     | add       | fabric                   | 0       |
|      icmp_ln6222_fu_4233_p2                                   |     |        | icmp_ln6222    | seteq     | auto                     | 0       |
|    + galois3 (ref_tmp30_assign_6_galois3_fu_238)              | 0   |        |                |           |                          |         |
|      add_ln6222_fu_4217_p2                                    |     |        | add_ln6222     | add       | fabric                   | 0       |
|      icmp_ln6222_fu_4233_p2                                   |     |        | icmp_ln6222    | seteq     | auto                     | 0       |
|    + galois3 (ref_tmp45_assign_6_galois3_fu_244)              | 0   |        |                |           |                          |         |
|      add_ln6222_fu_4217_p2                                    |     |        | add_ln6222     | add       | fabric                   | 0       |
|      icmp_ln6222_fu_4233_p2                                   |     |        | icmp_ln6222    | seteq     | auto                     | 0       |
|    + galois3 (ref_tmp54_assign_6_galois3_fu_250)              | 0   |        |                |           |                          |         |
|      add_ln6222_fu_4217_p2                                    |     |        | add_ln6222     | add       | fabric                   | 0       |
|      icmp_ln6222_fu_4233_p2                                   |     |        | icmp_ln6222    | seteq     | auto                     | 0       |
|    + galois3 (ref_tmp54_assign_5_galois3_fu_256)              | 0   |        |                |           |                          |         |
|      add_ln6222_fu_4217_p2                                    |     |        | add_ln6222     | add       | fabric                   | 0       |
|      icmp_ln6222_fu_4233_p2                                   |     |        | icmp_ln6222    | seteq     | auto                     | 0       |
|    + galois3 (ref_tmp15_assign_5_galois3_fu_262)              | 0   |        |                |           |                          |         |
|      add_ln6222_fu_4217_p2                                    |     |        | add_ln6222     | add       | fabric                   | 0       |
|      icmp_ln6222_fu_4233_p2                                   |     |        | icmp_ln6222    | seteq     | auto                     | 0       |
|    + galois3 (ref_tmp30_assign_5_galois3_fu_268)              | 0   |        |                |           |                          |         |
|      add_ln6222_fu_4217_p2                                    |     |        | add_ln6222     | add       | fabric                   | 0       |
|      icmp_ln6222_fu_4233_p2                                   |     |        | icmp_ln6222    | seteq     | auto                     | 0       |
|    + galois3 (ref_tmp45_assign_5_galois3_fu_274)              | 0   |        |                |           |                          |         |
|      add_ln6222_fu_4217_p2                                    |     |        | add_ln6222     | add       | fabric                   | 0       |
|      icmp_ln6222_fu_4233_p2                                   |     |        | icmp_ln6222    | seteq     | auto                     | 0       |
|    + galois3 (ref_tmp54_assign_4_galois3_fu_280)              | 0   |        |                |           |                          |         |
|      add_ln6222_fu_4217_p2                                    |     |        | add_ln6222     | add       | fabric                   | 0       |
|      icmp_ln6222_fu_4233_p2                                   |     |        | icmp_ln6222    | seteq     | auto                     | 0       |
|    + galois3 (ref_tmp15_assign_4_galois3_fu_286)              | 0   |        |                |           |                          |         |
|      add_ln6222_fu_4217_p2                                    |     |        | add_ln6222     | add       | fabric                   | 0       |
|      icmp_ln6222_fu_4233_p2                                   |     |        | icmp_ln6222    | seteq     | auto                     | 0       |
|    + galois3 (ref_tmp30_assign_4_galois3_fu_292)              | 0   |        |                |           |                          |         |
|      add_ln6222_fu_4217_p2                                    |     |        | add_ln6222     | add       | fabric                   | 0       |
|      icmp_ln6222_fu_4233_p2                                   |     |        | icmp_ln6222    | seteq     | auto                     | 0       |
|    + galois3 (ref_tmp45_assign_4_galois3_fu_298)              | 0   |        |                |           |                          |         |
|      add_ln6222_fu_4217_p2                                    |     |        | add_ln6222     | add       | fabric                   | 0       |
|      icmp_ln6222_fu_4233_p2                                   |     |        | icmp_ln6222    | seteq     | auto                     | 0       |
|    + galois3 (ref_tmp54_assign_3_galois3_fu_304)              | 0   |        |                |           |                          |         |
|      add_ln6222_fu_4217_p2                                    |     |        | add_ln6222     | add       | fabric                   | 0       |
|      icmp_ln6222_fu_4233_p2                                   |     |        | icmp_ln6222    | seteq     | auto                     | 0       |
|    + galois3 (ref_tmp15_assign_3_galois3_fu_310)              | 0   |        |                |           |                          |         |
|      add_ln6222_fu_4217_p2                                    |     |        | add_ln6222     | add       | fabric                   | 0       |
|      icmp_ln6222_fu_4233_p2                                   |     |        | icmp_ln6222    | seteq     | auto                     | 0       |
|    + galois3 (ref_tmp30_assign_3_galois3_fu_316)              | 0   |        |                |           |                          |         |
|      add_ln6222_fu_4217_p2                                    |     |        | add_ln6222     | add       | fabric                   | 0       |
|      icmp_ln6222_fu_4233_p2                                   |     |        | icmp_ln6222    | seteq     | auto                     | 0       |
|    + galois3 (ref_tmp45_assign_3_galois3_fu_322)              | 0   |        |                |           |                          |         |
|      add_ln6222_fu_4217_p2                                    |     |        | add_ln6222     | add       | fabric                   | 0       |
|      icmp_ln6222_fu_4233_p2                                   |     |        | icmp_ln6222    | seteq     | auto                     | 0       |
|   + mix_columns (call_ret15_mix_columns_fu_2486)              | 0   |        |                |           |                          |         |
|     xor_ln117_fu_328_p2                                       |     |        | xor_ln117      | xor       | auto                     | 0       |
|     xor_ln117_1_fu_334_p2                                     |     |        | xor_ln117_1    | xor       | auto                     | 0       |
|     xor_ln117_2_fu_340_p2                                     |     |        | xor_ln117_2    | xor       | auto                     | 0       |
|     xor_ln118_fu_346_p2                                       |     |        | xor_ln118      | xor       | auto                     | 0       |
|     xor_ln118_1_fu_352_p2                                     |     |        | xor_ln118_1    | xor       | auto                     | 0       |
|     xor_ln118_2_fu_358_p2                                     |     |        | xor_ln118_2    | xor       | auto                     | 0       |
|     xor_ln119_fu_364_p2                                       |     |        | xor_ln119      | xor       | auto                     | 0       |
|     xor_ln119_1_fu_370_p2                                     |     |        | xor_ln119_1    | xor       | auto                     | 0       |
|     xor_ln119_2_fu_376_p2                                     |     |        | xor_ln119_2    | xor       | auto                     | 0       |
|     xor_ln120_fu_382_p2                                       |     |        | xor_ln120      | xor       | auto                     | 0       |
|     xor_ln120_1_fu_388_p2                                     |     |        | xor_ln120_1    | xor       | auto                     | 0       |
|     xor_ln120_2_fu_394_p2                                     |     |        | xor_ln120_2    | xor       | auto                     | 0       |
|     xor_ln117_3_fu_400_p2                                     |     |        | xor_ln117_3    | xor       | auto                     | 0       |
|     xor_ln117_4_fu_406_p2                                     |     |        | xor_ln117_4    | xor       | auto                     | 0       |
|     xor_ln117_5_fu_412_p2                                     |     |        | xor_ln117_5    | xor       | auto                     | 0       |
|     xor_ln118_3_fu_418_p2                                     |     |        | xor_ln118_3    | xor       | auto                     | 0       |
|     xor_ln118_4_fu_424_p2                                     |     |        | xor_ln118_4    | xor       | auto                     | 0       |
|     xor_ln118_5_fu_430_p2                                     |     |        | xor_ln118_5    | xor       | auto                     | 0       |
|     xor_ln119_3_fu_436_p2                                     |     |        | xor_ln119_3    | xor       | auto                     | 0       |
|     xor_ln119_4_fu_442_p2                                     |     |        | xor_ln119_4    | xor       | auto                     | 0       |
|     xor_ln119_5_fu_448_p2                                     |     |        | xor_ln119_5    | xor       | auto                     | 0       |
|     xor_ln120_3_fu_454_p2                                     |     |        | xor_ln120_3    | xor       | auto                     | 0       |
|     xor_ln120_4_fu_460_p2                                     |     |        | xor_ln120_4    | xor       | auto                     | 0       |
|     xor_ln120_5_fu_466_p2                                     |     |        | xor_ln120_5    | xor       | auto                     | 0       |
|     xor_ln117_6_fu_472_p2                                     |     |        | xor_ln117_6    | xor       | auto                     | 0       |
|     xor_ln117_7_fu_478_p2                                     |     |        | xor_ln117_7    | xor       | auto                     | 0       |
|     xor_ln117_8_fu_484_p2                                     |     |        | xor_ln117_8    | xor       | auto                     | 0       |
|     xor_ln118_6_fu_490_p2                                     |     |        | xor_ln118_6    | xor       | auto                     | 0       |
|     xor_ln118_7_fu_496_p2                                     |     |        | xor_ln118_7    | xor       | auto                     | 0       |
|     xor_ln118_8_fu_502_p2                                     |     |        | xor_ln118_8    | xor       | auto                     | 0       |
|     xor_ln119_6_fu_508_p2                                     |     |        | xor_ln119_6    | xor       | auto                     | 0       |
|     xor_ln119_7_fu_514_p2                                     |     |        | xor_ln119_7    | xor       | auto                     | 0       |
|     xor_ln119_8_fu_520_p2                                     |     |        | xor_ln119_8    | xor       | auto                     | 0       |
|     xor_ln120_6_fu_526_p2                                     |     |        | xor_ln120_6    | xor       | auto                     | 0       |
|     xor_ln120_7_fu_532_p2                                     |     |        | xor_ln120_7    | xor       | auto                     | 0       |
|     xor_ln120_8_fu_538_p2                                     |     |        | xor_ln120_8    | xor       | auto                     | 0       |
|     xor_ln117_9_fu_544_p2                                     |     |        | xor_ln117_9    | xor       | auto                     | 0       |
|     xor_ln117_10_fu_550_p2                                    |     |        | xor_ln117_10   | xor       | auto                     | 0       |
|     xor_ln117_11_fu_556_p2                                    |     |        | xor_ln117_11   | xor       | auto                     | 0       |
|     xor_ln118_9_fu_562_p2                                     |     |        | xor_ln118_9    | xor       | auto                     | 0       |
|     xor_ln118_10_fu_568_p2                                    |     |        | xor_ln118_10   | xor       | auto                     | 0       |
|     xor_ln118_11_fu_574_p2                                    |     |        | xor_ln118_11   | xor       | auto                     | 0       |
|     xor_ln119_9_fu_580_p2                                     |     |        | xor_ln119_9    | xor       | auto                     | 0       |
|     xor_ln119_10_fu_586_p2                                    |     |        | xor_ln119_10   | xor       | auto                     | 0       |
|     xor_ln119_11_fu_592_p2                                    |     |        | xor_ln119_11   | xor       | auto                     | 0       |
|     xor_ln120_9_fu_598_p2                                     |     |        | xor_ln120_9    | xor       | auto                     | 0       |
|     xor_ln120_10_fu_604_p2                                    |     |        | xor_ln120_10   | xor       | auto                     | 0       |
|     xor_ln120_11_fu_610_p2                                    |     |        | xor_ln120_11   | xor       | auto                     | 0       |
|    + galois3 (ref_tmp15_assign_6_galois3_fu_232)              | 0   |        |                |           |                          |         |
|      add_ln6222_fu_4217_p2                                    |     |        | add_ln6222     | add       | fabric                   | 0       |
|      icmp_ln6222_fu_4233_p2                                   |     |        | icmp_ln6222    | seteq     | auto                     | 0       |
|    + galois3 (ref_tmp30_assign_6_galois3_fu_238)              | 0   |        |                |           |                          |         |
|      add_ln6222_fu_4217_p2                                    |     |        | add_ln6222     | add       | fabric                   | 0       |
|      icmp_ln6222_fu_4233_p2                                   |     |        | icmp_ln6222    | seteq     | auto                     | 0       |
|    + galois3 (ref_tmp45_assign_6_galois3_fu_244)              | 0   |        |                |           |                          |         |
|      add_ln6222_fu_4217_p2                                    |     |        | add_ln6222     | add       | fabric                   | 0       |
|      icmp_ln6222_fu_4233_p2                                   |     |        | icmp_ln6222    | seteq     | auto                     | 0       |
|    + galois3 (ref_tmp54_assign_6_galois3_fu_250)              | 0   |        |                |           |                          |         |
|      add_ln6222_fu_4217_p2                                    |     |        | add_ln6222     | add       | fabric                   | 0       |
|      icmp_ln6222_fu_4233_p2                                   |     |        | icmp_ln6222    | seteq     | auto                     | 0       |
|    + galois3 (ref_tmp54_assign_5_galois3_fu_256)              | 0   |        |                |           |                          |         |
|      add_ln6222_fu_4217_p2                                    |     |        | add_ln6222     | add       | fabric                   | 0       |
|      icmp_ln6222_fu_4233_p2                                   |     |        | icmp_ln6222    | seteq     | auto                     | 0       |
|    + galois3 (ref_tmp15_assign_5_galois3_fu_262)              | 0   |        |                |           |                          |         |
|      add_ln6222_fu_4217_p2                                    |     |        | add_ln6222     | add       | fabric                   | 0       |
|      icmp_ln6222_fu_4233_p2                                   |     |        | icmp_ln6222    | seteq     | auto                     | 0       |
|    + galois3 (ref_tmp30_assign_5_galois3_fu_268)              | 0   |        |                |           |                          |         |
|      add_ln6222_fu_4217_p2                                    |     |        | add_ln6222     | add       | fabric                   | 0       |
|      icmp_ln6222_fu_4233_p2                                   |     |        | icmp_ln6222    | seteq     | auto                     | 0       |
|    + galois3 (ref_tmp45_assign_5_galois3_fu_274)              | 0   |        |                |           |                          |         |
|      add_ln6222_fu_4217_p2                                    |     |        | add_ln6222     | add       | fabric                   | 0       |
|      icmp_ln6222_fu_4233_p2                                   |     |        | icmp_ln6222    | seteq     | auto                     | 0       |
|    + galois3 (ref_tmp54_assign_4_galois3_fu_280)              | 0   |        |                |           |                          |         |
|      add_ln6222_fu_4217_p2                                    |     |        | add_ln6222     | add       | fabric                   | 0       |
|      icmp_ln6222_fu_4233_p2                                   |     |        | icmp_ln6222    | seteq     | auto                     | 0       |
|    + galois3 (ref_tmp15_assign_4_galois3_fu_286)              | 0   |        |                |           |                          |         |
|      add_ln6222_fu_4217_p2                                    |     |        | add_ln6222     | add       | fabric                   | 0       |
|      icmp_ln6222_fu_4233_p2                                   |     |        | icmp_ln6222    | seteq     | auto                     | 0       |
|    + galois3 (ref_tmp30_assign_4_galois3_fu_292)              | 0   |        |                |           |                          |         |
|      add_ln6222_fu_4217_p2                                    |     |        | add_ln6222     | add       | fabric                   | 0       |
|      icmp_ln6222_fu_4233_p2                                   |     |        | icmp_ln6222    | seteq     | auto                     | 0       |
|    + galois3 (ref_tmp45_assign_4_galois3_fu_298)              | 0   |        |                |           |                          |         |
|      add_ln6222_fu_4217_p2                                    |     |        | add_ln6222     | add       | fabric                   | 0       |
|      icmp_ln6222_fu_4233_p2                                   |     |        | icmp_ln6222    | seteq     | auto                     | 0       |
|    + galois3 (ref_tmp54_assign_3_galois3_fu_304)              | 0   |        |                |           |                          |         |
|      add_ln6222_fu_4217_p2                                    |     |        | add_ln6222     | add       | fabric                   | 0       |
|      icmp_ln6222_fu_4233_p2                                   |     |        | icmp_ln6222    | seteq     | auto                     | 0       |
|    + galois3 (ref_tmp15_assign_3_galois3_fu_310)              | 0   |        |                |           |                          |         |
|      add_ln6222_fu_4217_p2                                    |     |        | add_ln6222     | add       | fabric                   | 0       |
|      icmp_ln6222_fu_4233_p2                                   |     |        | icmp_ln6222    | seteq     | auto                     | 0       |
|    + galois3 (ref_tmp30_assign_3_galois3_fu_316)              | 0   |        |                |           |                          |         |
|      add_ln6222_fu_4217_p2                                    |     |        | add_ln6222     | add       | fabric                   | 0       |
|      icmp_ln6222_fu_4233_p2                                   |     |        | icmp_ln6222    | seteq     | auto                     | 0       |
|    + galois3 (ref_tmp45_assign_3_galois3_fu_322)              | 0   |        |                |           |                          |         |
|      add_ln6222_fu_4217_p2                                    |     |        | add_ln6222     | add       | fabric                   | 0       |
|      icmp_ln6222_fu_4233_p2                                   |     |        | icmp_ln6222    | seteq     | auto                     | 0       |
|   + mix_columns (call_ret17_mix_columns_fu_2506)              | 0   |        |                |           |                          |         |
|     xor_ln117_fu_328_p2                                       |     |        | xor_ln117      | xor       | auto                     | 0       |
|     xor_ln117_1_fu_334_p2                                     |     |        | xor_ln117_1    | xor       | auto                     | 0       |
|     xor_ln117_2_fu_340_p2                                     |     |        | xor_ln117_2    | xor       | auto                     | 0       |
|     xor_ln118_fu_346_p2                                       |     |        | xor_ln118      | xor       | auto                     | 0       |
|     xor_ln118_1_fu_352_p2                                     |     |        | xor_ln118_1    | xor       | auto                     | 0       |
|     xor_ln118_2_fu_358_p2                                     |     |        | xor_ln118_2    | xor       | auto                     | 0       |
|     xor_ln119_fu_364_p2                                       |     |        | xor_ln119      | xor       | auto                     | 0       |
|     xor_ln119_1_fu_370_p2                                     |     |        | xor_ln119_1    | xor       | auto                     | 0       |
|     xor_ln119_2_fu_376_p2                                     |     |        | xor_ln119_2    | xor       | auto                     | 0       |
|     xor_ln120_fu_382_p2                                       |     |        | xor_ln120      | xor       | auto                     | 0       |
|     xor_ln120_1_fu_388_p2                                     |     |        | xor_ln120_1    | xor       | auto                     | 0       |
|     xor_ln120_2_fu_394_p2                                     |     |        | xor_ln120_2    | xor       | auto                     | 0       |
|     xor_ln117_3_fu_400_p2                                     |     |        | xor_ln117_3    | xor       | auto                     | 0       |
|     xor_ln117_4_fu_406_p2                                     |     |        | xor_ln117_4    | xor       | auto                     | 0       |
|     xor_ln117_5_fu_412_p2                                     |     |        | xor_ln117_5    | xor       | auto                     | 0       |
|     xor_ln118_3_fu_418_p2                                     |     |        | xor_ln118_3    | xor       | auto                     | 0       |
|     xor_ln118_4_fu_424_p2                                     |     |        | xor_ln118_4    | xor       | auto                     | 0       |
|     xor_ln118_5_fu_430_p2                                     |     |        | xor_ln118_5    | xor       | auto                     | 0       |
|     xor_ln119_3_fu_436_p2                                     |     |        | xor_ln119_3    | xor       | auto                     | 0       |
|     xor_ln119_4_fu_442_p2                                     |     |        | xor_ln119_4    | xor       | auto                     | 0       |
|     xor_ln119_5_fu_448_p2                                     |     |        | xor_ln119_5    | xor       | auto                     | 0       |
|     xor_ln120_3_fu_454_p2                                     |     |        | xor_ln120_3    | xor       | auto                     | 0       |
|     xor_ln120_4_fu_460_p2                                     |     |        | xor_ln120_4    | xor       | auto                     | 0       |
|     xor_ln120_5_fu_466_p2                                     |     |        | xor_ln120_5    | xor       | auto                     | 0       |
|     xor_ln117_6_fu_472_p2                                     |     |        | xor_ln117_6    | xor       | auto                     | 0       |
|     xor_ln117_7_fu_478_p2                                     |     |        | xor_ln117_7    | xor       | auto                     | 0       |
|     xor_ln117_8_fu_484_p2                                     |     |        | xor_ln117_8    | xor       | auto                     | 0       |
|     xor_ln118_6_fu_490_p2                                     |     |        | xor_ln118_6    | xor       | auto                     | 0       |
|     xor_ln118_7_fu_496_p2                                     |     |        | xor_ln118_7    | xor       | auto                     | 0       |
|     xor_ln118_8_fu_502_p2                                     |     |        | xor_ln118_8    | xor       | auto                     | 0       |
|     xor_ln119_6_fu_508_p2                                     |     |        | xor_ln119_6    | xor       | auto                     | 0       |
|     xor_ln119_7_fu_514_p2                                     |     |        | xor_ln119_7    | xor       | auto                     | 0       |
|     xor_ln119_8_fu_520_p2                                     |     |        | xor_ln119_8    | xor       | auto                     | 0       |
|     xor_ln120_6_fu_526_p2                                     |     |        | xor_ln120_6    | xor       | auto                     | 0       |
|     xor_ln120_7_fu_532_p2                                     |     |        | xor_ln120_7    | xor       | auto                     | 0       |
|     xor_ln120_8_fu_538_p2                                     |     |        | xor_ln120_8    | xor       | auto                     | 0       |
|     xor_ln117_9_fu_544_p2                                     |     |        | xor_ln117_9    | xor       | auto                     | 0       |
|     xor_ln117_10_fu_550_p2                                    |     |        | xor_ln117_10   | xor       | auto                     | 0       |
|     xor_ln117_11_fu_556_p2                                    |     |        | xor_ln117_11   | xor       | auto                     | 0       |
|     xor_ln118_9_fu_562_p2                                     |     |        | xor_ln118_9    | xor       | auto                     | 0       |
|     xor_ln118_10_fu_568_p2                                    |     |        | xor_ln118_10   | xor       | auto                     | 0       |
|     xor_ln118_11_fu_574_p2                                    |     |        | xor_ln118_11   | xor       | auto                     | 0       |
|     xor_ln119_9_fu_580_p2                                     |     |        | xor_ln119_9    | xor       | auto                     | 0       |
|     xor_ln119_10_fu_586_p2                                    |     |        | xor_ln119_10   | xor       | auto                     | 0       |
|     xor_ln119_11_fu_592_p2                                    |     |        | xor_ln119_11   | xor       | auto                     | 0       |
|     xor_ln120_9_fu_598_p2                                     |     |        | xor_ln120_9    | xor       | auto                     | 0       |
|     xor_ln120_10_fu_604_p2                                    |     |        | xor_ln120_10   | xor       | auto                     | 0       |
|     xor_ln120_11_fu_610_p2                                    |     |        | xor_ln120_11   | xor       | auto                     | 0       |
|    + galois3 (ref_tmp15_assign_6_galois3_fu_232)              | 0   |        |                |           |                          |         |
|      add_ln6222_fu_4217_p2                                    |     |        | add_ln6222     | add       | fabric                   | 0       |
|      icmp_ln6222_fu_4233_p2                                   |     |        | icmp_ln6222    | seteq     | auto                     | 0       |
|    + galois3 (ref_tmp30_assign_6_galois3_fu_238)              | 0   |        |                |           |                          |         |
|      add_ln6222_fu_4217_p2                                    |     |        | add_ln6222     | add       | fabric                   | 0       |
|      icmp_ln6222_fu_4233_p2                                   |     |        | icmp_ln6222    | seteq     | auto                     | 0       |
|    + galois3 (ref_tmp45_assign_6_galois3_fu_244)              | 0   |        |                |           |                          |         |
|      add_ln6222_fu_4217_p2                                    |     |        | add_ln6222     | add       | fabric                   | 0       |
|      icmp_ln6222_fu_4233_p2                                   |     |        | icmp_ln6222    | seteq     | auto                     | 0       |
|    + galois3 (ref_tmp54_assign_6_galois3_fu_250)              | 0   |        |                |           |                          |         |
|      add_ln6222_fu_4217_p2                                    |     |        | add_ln6222     | add       | fabric                   | 0       |
|      icmp_ln6222_fu_4233_p2                                   |     |        | icmp_ln6222    | seteq     | auto                     | 0       |
|    + galois3 (ref_tmp54_assign_5_galois3_fu_256)              | 0   |        |                |           |                          |         |
|      add_ln6222_fu_4217_p2                                    |     |        | add_ln6222     | add       | fabric                   | 0       |
|      icmp_ln6222_fu_4233_p2                                   |     |        | icmp_ln6222    | seteq     | auto                     | 0       |
|    + galois3 (ref_tmp15_assign_5_galois3_fu_262)              | 0   |        |                |           |                          |         |
|      add_ln6222_fu_4217_p2                                    |     |        | add_ln6222     | add       | fabric                   | 0       |
|      icmp_ln6222_fu_4233_p2                                   |     |        | icmp_ln6222    | seteq     | auto                     | 0       |
|    + galois3 (ref_tmp30_assign_5_galois3_fu_268)              | 0   |        |                |           |                          |         |
|      add_ln6222_fu_4217_p2                                    |     |        | add_ln6222     | add       | fabric                   | 0       |
|      icmp_ln6222_fu_4233_p2                                   |     |        | icmp_ln6222    | seteq     | auto                     | 0       |
|    + galois3 (ref_tmp45_assign_5_galois3_fu_274)              | 0   |        |                |           |                          |         |
|      add_ln6222_fu_4217_p2                                    |     |        | add_ln6222     | add       | fabric                   | 0       |
|      icmp_ln6222_fu_4233_p2                                   |     |        | icmp_ln6222    | seteq     | auto                     | 0       |
|    + galois3 (ref_tmp54_assign_4_galois3_fu_280)              | 0   |        |                |           |                          |         |
|      add_ln6222_fu_4217_p2                                    |     |        | add_ln6222     | add       | fabric                   | 0       |
|      icmp_ln6222_fu_4233_p2                                   |     |        | icmp_ln6222    | seteq     | auto                     | 0       |
|    + galois3 (ref_tmp15_assign_4_galois3_fu_286)              | 0   |        |                |           |                          |         |
|      add_ln6222_fu_4217_p2                                    |     |        | add_ln6222     | add       | fabric                   | 0       |
|      icmp_ln6222_fu_4233_p2                                   |     |        | icmp_ln6222    | seteq     | auto                     | 0       |
|    + galois3 (ref_tmp30_assign_4_galois3_fu_292)              | 0   |        |                |           |                          |         |
|      add_ln6222_fu_4217_p2                                    |     |        | add_ln6222     | add       | fabric                   | 0       |
|      icmp_ln6222_fu_4233_p2                                   |     |        | icmp_ln6222    | seteq     | auto                     | 0       |
|    + galois3 (ref_tmp45_assign_4_galois3_fu_298)              | 0   |        |                |           |                          |         |
|      add_ln6222_fu_4217_p2                                    |     |        | add_ln6222     | add       | fabric                   | 0       |
|      icmp_ln6222_fu_4233_p2                                   |     |        | icmp_ln6222    | seteq     | auto                     | 0       |
|    + galois3 (ref_tmp54_assign_3_galois3_fu_304)              | 0   |        |                |           |                          |         |
|      add_ln6222_fu_4217_p2                                    |     |        | add_ln6222     | add       | fabric                   | 0       |
|      icmp_ln6222_fu_4233_p2                                   |     |        | icmp_ln6222    | seteq     | auto                     | 0       |
|    + galois3 (ref_tmp15_assign_3_galois3_fu_310)              | 0   |        |                |           |                          |         |
|      add_ln6222_fu_4217_p2                                    |     |        | add_ln6222     | add       | fabric                   | 0       |
|      icmp_ln6222_fu_4233_p2                                   |     |        | icmp_ln6222    | seteq     | auto                     | 0       |
|    + galois3 (ref_tmp30_assign_3_galois3_fu_316)              | 0   |        |                |           |                          |         |
|      add_ln6222_fu_4217_p2                                    |     |        | add_ln6222     | add       | fabric                   | 0       |
|      icmp_ln6222_fu_4233_p2                                   |     |        | icmp_ln6222    | seteq     | auto                     | 0       |
|    + galois3 (ref_tmp45_assign_3_galois3_fu_322)              | 0   |        |                |           |                          |         |
|      add_ln6222_fu_4217_p2                                    |     |        | add_ln6222     | add       | fabric                   | 0       |
|      icmp_ln6222_fu_4233_p2                                   |     |        | icmp_ln6222    | seteq     | auto                     | 0       |
|   + mix_columns (call_ret19_mix_columns_fu_2526)              | 0   |        |                |           |                          |         |
|     xor_ln117_fu_328_p2                                       |     |        | xor_ln117      | xor       | auto                     | 0       |
|     xor_ln117_1_fu_334_p2                                     |     |        | xor_ln117_1    | xor       | auto                     | 0       |
|     xor_ln117_2_fu_340_p2                                     |     |        | xor_ln117_2    | xor       | auto                     | 0       |
|     xor_ln118_fu_346_p2                                       |     |        | xor_ln118      | xor       | auto                     | 0       |
|     xor_ln118_1_fu_352_p2                                     |     |        | xor_ln118_1    | xor       | auto                     | 0       |
|     xor_ln118_2_fu_358_p2                                     |     |        | xor_ln118_2    | xor       | auto                     | 0       |
|     xor_ln119_fu_364_p2                                       |     |        | xor_ln119      | xor       | auto                     | 0       |
|     xor_ln119_1_fu_370_p2                                     |     |        | xor_ln119_1    | xor       | auto                     | 0       |
|     xor_ln119_2_fu_376_p2                                     |     |        | xor_ln119_2    | xor       | auto                     | 0       |
|     xor_ln120_fu_382_p2                                       |     |        | xor_ln120      | xor       | auto                     | 0       |
|     xor_ln120_1_fu_388_p2                                     |     |        | xor_ln120_1    | xor       | auto                     | 0       |
|     xor_ln120_2_fu_394_p2                                     |     |        | xor_ln120_2    | xor       | auto                     | 0       |
|     xor_ln117_3_fu_400_p2                                     |     |        | xor_ln117_3    | xor       | auto                     | 0       |
|     xor_ln117_4_fu_406_p2                                     |     |        | xor_ln117_4    | xor       | auto                     | 0       |
|     xor_ln117_5_fu_412_p2                                     |     |        | xor_ln117_5    | xor       | auto                     | 0       |
|     xor_ln118_3_fu_418_p2                                     |     |        | xor_ln118_3    | xor       | auto                     | 0       |
|     xor_ln118_4_fu_424_p2                                     |     |        | xor_ln118_4    | xor       | auto                     | 0       |
|     xor_ln118_5_fu_430_p2                                     |     |        | xor_ln118_5    | xor       | auto                     | 0       |
|     xor_ln119_3_fu_436_p2                                     |     |        | xor_ln119_3    | xor       | auto                     | 0       |
|     xor_ln119_4_fu_442_p2                                     |     |        | xor_ln119_4    | xor       | auto                     | 0       |
|     xor_ln119_5_fu_448_p2                                     |     |        | xor_ln119_5    | xor       | auto                     | 0       |
|     xor_ln120_3_fu_454_p2                                     |     |        | xor_ln120_3    | xor       | auto                     | 0       |
|     xor_ln120_4_fu_460_p2                                     |     |        | xor_ln120_4    | xor       | auto                     | 0       |
|     xor_ln120_5_fu_466_p2                                     |     |        | xor_ln120_5    | xor       | auto                     | 0       |
|     xor_ln117_6_fu_472_p2                                     |     |        | xor_ln117_6    | xor       | auto                     | 0       |
|     xor_ln117_7_fu_478_p2                                     |     |        | xor_ln117_7    | xor       | auto                     | 0       |
|     xor_ln117_8_fu_484_p2                                     |     |        | xor_ln117_8    | xor       | auto                     | 0       |
|     xor_ln118_6_fu_490_p2                                     |     |        | xor_ln118_6    | xor       | auto                     | 0       |
|     xor_ln118_7_fu_496_p2                                     |     |        | xor_ln118_7    | xor       | auto                     | 0       |
|     xor_ln118_8_fu_502_p2                                     |     |        | xor_ln118_8    | xor       | auto                     | 0       |
|     xor_ln119_6_fu_508_p2                                     |     |        | xor_ln119_6    | xor       | auto                     | 0       |
|     xor_ln119_7_fu_514_p2                                     |     |        | xor_ln119_7    | xor       | auto                     | 0       |
|     xor_ln119_8_fu_520_p2                                     |     |        | xor_ln119_8    | xor       | auto                     | 0       |
|     xor_ln120_6_fu_526_p2                                     |     |        | xor_ln120_6    | xor       | auto                     | 0       |
|     xor_ln120_7_fu_532_p2                                     |     |        | xor_ln120_7    | xor       | auto                     | 0       |
|     xor_ln120_8_fu_538_p2                                     |     |        | xor_ln120_8    | xor       | auto                     | 0       |
|     xor_ln117_9_fu_544_p2                                     |     |        | xor_ln117_9    | xor       | auto                     | 0       |
|     xor_ln117_10_fu_550_p2                                    |     |        | xor_ln117_10   | xor       | auto                     | 0       |
|     xor_ln117_11_fu_556_p2                                    |     |        | xor_ln117_11   | xor       | auto                     | 0       |
|     xor_ln118_9_fu_562_p2                                     |     |        | xor_ln118_9    | xor       | auto                     | 0       |
|     xor_ln118_10_fu_568_p2                                    |     |        | xor_ln118_10   | xor       | auto                     | 0       |
|     xor_ln118_11_fu_574_p2                                    |     |        | xor_ln118_11   | xor       | auto                     | 0       |
|     xor_ln119_9_fu_580_p2                                     |     |        | xor_ln119_9    | xor       | auto                     | 0       |
|     xor_ln119_10_fu_586_p2                                    |     |        | xor_ln119_10   | xor       | auto                     | 0       |
|     xor_ln119_11_fu_592_p2                                    |     |        | xor_ln119_11   | xor       | auto                     | 0       |
|     xor_ln120_9_fu_598_p2                                     |     |        | xor_ln120_9    | xor       | auto                     | 0       |
|     xor_ln120_10_fu_604_p2                                    |     |        | xor_ln120_10   | xor       | auto                     | 0       |
|     xor_ln120_11_fu_610_p2                                    |     |        | xor_ln120_11   | xor       | auto                     | 0       |
|    + galois3 (ref_tmp15_assign_6_galois3_fu_232)              | 0   |        |                |           |                          |         |
|      add_ln6222_fu_4217_p2                                    |     |        | add_ln6222     | add       | fabric                   | 0       |
|      icmp_ln6222_fu_4233_p2                                   |     |        | icmp_ln6222    | seteq     | auto                     | 0       |
|    + galois3 (ref_tmp30_assign_6_galois3_fu_238)              | 0   |        |                |           |                          |         |
|      add_ln6222_fu_4217_p2                                    |     |        | add_ln6222     | add       | fabric                   | 0       |
|      icmp_ln6222_fu_4233_p2                                   |     |        | icmp_ln6222    | seteq     | auto                     | 0       |
|    + galois3 (ref_tmp45_assign_6_galois3_fu_244)              | 0   |        |                |           |                          |         |
|      add_ln6222_fu_4217_p2                                    |     |        | add_ln6222     | add       | fabric                   | 0       |
|      icmp_ln6222_fu_4233_p2                                   |     |        | icmp_ln6222    | seteq     | auto                     | 0       |
|    + galois3 (ref_tmp54_assign_6_galois3_fu_250)              | 0   |        |                |           |                          |         |
|      add_ln6222_fu_4217_p2                                    |     |        | add_ln6222     | add       | fabric                   | 0       |
|      icmp_ln6222_fu_4233_p2                                   |     |        | icmp_ln6222    | seteq     | auto                     | 0       |
|    + galois3 (ref_tmp54_assign_5_galois3_fu_256)              | 0   |        |                |           |                          |         |
|      add_ln6222_fu_4217_p2                                    |     |        | add_ln6222     | add       | fabric                   | 0       |
|      icmp_ln6222_fu_4233_p2                                   |     |        | icmp_ln6222    | seteq     | auto                     | 0       |
|    + galois3 (ref_tmp15_assign_5_galois3_fu_262)              | 0   |        |                |           |                          |         |
|      add_ln6222_fu_4217_p2                                    |     |        | add_ln6222     | add       | fabric                   | 0       |
|      icmp_ln6222_fu_4233_p2                                   |     |        | icmp_ln6222    | seteq     | auto                     | 0       |
|    + galois3 (ref_tmp30_assign_5_galois3_fu_268)              | 0   |        |                |           |                          |         |
|      add_ln6222_fu_4217_p2                                    |     |        | add_ln6222     | add       | fabric                   | 0       |
|      icmp_ln6222_fu_4233_p2                                   |     |        | icmp_ln6222    | seteq     | auto                     | 0       |
|    + galois3 (ref_tmp45_assign_5_galois3_fu_274)              | 0   |        |                |           |                          |         |
|      add_ln6222_fu_4217_p2                                    |     |        | add_ln6222     | add       | fabric                   | 0       |
|      icmp_ln6222_fu_4233_p2                                   |     |        | icmp_ln6222    | seteq     | auto                     | 0       |
|    + galois3 (ref_tmp54_assign_4_galois3_fu_280)              | 0   |        |                |           |                          |         |
|      add_ln6222_fu_4217_p2                                    |     |        | add_ln6222     | add       | fabric                   | 0       |
|      icmp_ln6222_fu_4233_p2                                   |     |        | icmp_ln6222    | seteq     | auto                     | 0       |
|    + galois3 (ref_tmp15_assign_4_galois3_fu_286)              | 0   |        |                |           |                          |         |
|      add_ln6222_fu_4217_p2                                    |     |        | add_ln6222     | add       | fabric                   | 0       |
|      icmp_ln6222_fu_4233_p2                                   |     |        | icmp_ln6222    | seteq     | auto                     | 0       |
|    + galois3 (ref_tmp30_assign_4_galois3_fu_292)              | 0   |        |                |           |                          |         |
|      add_ln6222_fu_4217_p2                                    |     |        | add_ln6222     | add       | fabric                   | 0       |
|      icmp_ln6222_fu_4233_p2                                   |     |        | icmp_ln6222    | seteq     | auto                     | 0       |
|    + galois3 (ref_tmp45_assign_4_galois3_fu_298)              | 0   |        |                |           |                          |         |
|      add_ln6222_fu_4217_p2                                    |     |        | add_ln6222     | add       | fabric                   | 0       |
|      icmp_ln6222_fu_4233_p2                                   |     |        | icmp_ln6222    | seteq     | auto                     | 0       |
|    + galois3 (ref_tmp54_assign_3_galois3_fu_304)              | 0   |        |                |           |                          |         |
|      add_ln6222_fu_4217_p2                                    |     |        | add_ln6222     | add       | fabric                   | 0       |
|      icmp_ln6222_fu_4233_p2                                   |     |        | icmp_ln6222    | seteq     | auto                     | 0       |
|    + galois3 (ref_tmp15_assign_3_galois3_fu_310)              | 0   |        |                |           |                          |         |
|      add_ln6222_fu_4217_p2                                    |     |        | add_ln6222     | add       | fabric                   | 0       |
|      icmp_ln6222_fu_4233_p2                                   |     |        | icmp_ln6222    | seteq     | auto                     | 0       |
|    + galois3 (ref_tmp30_assign_3_galois3_fu_316)              | 0   |        |                |           |                          |         |
|      add_ln6222_fu_4217_p2                                    |     |        | add_ln6222     | add       | fabric                   | 0       |
|      icmp_ln6222_fu_4233_p2                                   |     |        | icmp_ln6222    | seteq     | auto                     | 0       |
|    + galois3 (ref_tmp45_assign_3_galois3_fu_322)              | 0   |        |                |           |                          |         |
|      add_ln6222_fu_4217_p2                                    |     |        | add_ln6222     | add       | fabric                   | 0       |
|      icmp_ln6222_fu_4233_p2                                   |     |        | icmp_ln6222    | seteq     | auto                     | 0       |
|   + mix_columns (call_ret21_mix_columns_fu_2546)              | 0   |        |                |           |                          |         |
|     xor_ln117_fu_328_p2                                       |     |        | xor_ln117      | xor       | auto                     | 0       |
|     xor_ln117_1_fu_334_p2                                     |     |        | xor_ln117_1    | xor       | auto                     | 0       |
|     xor_ln117_2_fu_340_p2                                     |     |        | xor_ln117_2    | xor       | auto                     | 0       |
|     xor_ln118_fu_346_p2                                       |     |        | xor_ln118      | xor       | auto                     | 0       |
|     xor_ln118_1_fu_352_p2                                     |     |        | xor_ln118_1    | xor       | auto                     | 0       |
|     xor_ln118_2_fu_358_p2                                     |     |        | xor_ln118_2    | xor       | auto                     | 0       |
|     xor_ln119_fu_364_p2                                       |     |        | xor_ln119      | xor       | auto                     | 0       |
|     xor_ln119_1_fu_370_p2                                     |     |        | xor_ln119_1    | xor       | auto                     | 0       |
|     xor_ln119_2_fu_376_p2                                     |     |        | xor_ln119_2    | xor       | auto                     | 0       |
|     xor_ln120_fu_382_p2                                       |     |        | xor_ln120      | xor       | auto                     | 0       |
|     xor_ln120_1_fu_388_p2                                     |     |        | xor_ln120_1    | xor       | auto                     | 0       |
|     xor_ln120_2_fu_394_p2                                     |     |        | xor_ln120_2    | xor       | auto                     | 0       |
|     xor_ln117_3_fu_400_p2                                     |     |        | xor_ln117_3    | xor       | auto                     | 0       |
|     xor_ln117_4_fu_406_p2                                     |     |        | xor_ln117_4    | xor       | auto                     | 0       |
|     xor_ln117_5_fu_412_p2                                     |     |        | xor_ln117_5    | xor       | auto                     | 0       |
|     xor_ln118_3_fu_418_p2                                     |     |        | xor_ln118_3    | xor       | auto                     | 0       |
|     xor_ln118_4_fu_424_p2                                     |     |        | xor_ln118_4    | xor       | auto                     | 0       |
|     xor_ln118_5_fu_430_p2                                     |     |        | xor_ln118_5    | xor       | auto                     | 0       |
|     xor_ln119_3_fu_436_p2                                     |     |        | xor_ln119_3    | xor       | auto                     | 0       |
|     xor_ln119_4_fu_442_p2                                     |     |        | xor_ln119_4    | xor       | auto                     | 0       |
|     xor_ln119_5_fu_448_p2                                     |     |        | xor_ln119_5    | xor       | auto                     | 0       |
|     xor_ln120_3_fu_454_p2                                     |     |        | xor_ln120_3    | xor       | auto                     | 0       |
|     xor_ln120_4_fu_460_p2                                     |     |        | xor_ln120_4    | xor       | auto                     | 0       |
|     xor_ln120_5_fu_466_p2                                     |     |        | xor_ln120_5    | xor       | auto                     | 0       |
|     xor_ln117_6_fu_472_p2                                     |     |        | xor_ln117_6    | xor       | auto                     | 0       |
|     xor_ln117_7_fu_478_p2                                     |     |        | xor_ln117_7    | xor       | auto                     | 0       |
|     xor_ln117_8_fu_484_p2                                     |     |        | xor_ln117_8    | xor       | auto                     | 0       |
|     xor_ln118_6_fu_490_p2                                     |     |        | xor_ln118_6    | xor       | auto                     | 0       |
|     xor_ln118_7_fu_496_p2                                     |     |        | xor_ln118_7    | xor       | auto                     | 0       |
|     xor_ln118_8_fu_502_p2                                     |     |        | xor_ln118_8    | xor       | auto                     | 0       |
|     xor_ln119_6_fu_508_p2                                     |     |        | xor_ln119_6    | xor       | auto                     | 0       |
|     xor_ln119_7_fu_514_p2                                     |     |        | xor_ln119_7    | xor       | auto                     | 0       |
|     xor_ln119_8_fu_520_p2                                     |     |        | xor_ln119_8    | xor       | auto                     | 0       |
|     xor_ln120_6_fu_526_p2                                     |     |        | xor_ln120_6    | xor       | auto                     | 0       |
|     xor_ln120_7_fu_532_p2                                     |     |        | xor_ln120_7    | xor       | auto                     | 0       |
|     xor_ln120_8_fu_538_p2                                     |     |        | xor_ln120_8    | xor       | auto                     | 0       |
|     xor_ln117_9_fu_544_p2                                     |     |        | xor_ln117_9    | xor       | auto                     | 0       |
|     xor_ln117_10_fu_550_p2                                    |     |        | xor_ln117_10   | xor       | auto                     | 0       |
|     xor_ln117_11_fu_556_p2                                    |     |        | xor_ln117_11   | xor       | auto                     | 0       |
|     xor_ln118_9_fu_562_p2                                     |     |        | xor_ln118_9    | xor       | auto                     | 0       |
|     xor_ln118_10_fu_568_p2                                    |     |        | xor_ln118_10   | xor       | auto                     | 0       |
|     xor_ln118_11_fu_574_p2                                    |     |        | xor_ln118_11   | xor       | auto                     | 0       |
|     xor_ln119_9_fu_580_p2                                     |     |        | xor_ln119_9    | xor       | auto                     | 0       |
|     xor_ln119_10_fu_586_p2                                    |     |        | xor_ln119_10   | xor       | auto                     | 0       |
|     xor_ln119_11_fu_592_p2                                    |     |        | xor_ln119_11   | xor       | auto                     | 0       |
|     xor_ln120_9_fu_598_p2                                     |     |        | xor_ln120_9    | xor       | auto                     | 0       |
|     xor_ln120_10_fu_604_p2                                    |     |        | xor_ln120_10   | xor       | auto                     | 0       |
|     xor_ln120_11_fu_610_p2                                    |     |        | xor_ln120_11   | xor       | auto                     | 0       |
|    + galois3 (ref_tmp15_assign_6_galois3_fu_232)              | 0   |        |                |           |                          |         |
|      add_ln6222_fu_4217_p2                                    |     |        | add_ln6222     | add       | fabric                   | 0       |
|      icmp_ln6222_fu_4233_p2                                   |     |        | icmp_ln6222    | seteq     | auto                     | 0       |
|    + galois3 (ref_tmp30_assign_6_galois3_fu_238)              | 0   |        |                |           |                          |         |
|      add_ln6222_fu_4217_p2                                    |     |        | add_ln6222     | add       | fabric                   | 0       |
|      icmp_ln6222_fu_4233_p2                                   |     |        | icmp_ln6222    | seteq     | auto                     | 0       |
|    + galois3 (ref_tmp45_assign_6_galois3_fu_244)              | 0   |        |                |           |                          |         |
|      add_ln6222_fu_4217_p2                                    |     |        | add_ln6222     | add       | fabric                   | 0       |
|      icmp_ln6222_fu_4233_p2                                   |     |        | icmp_ln6222    | seteq     | auto                     | 0       |
|    + galois3 (ref_tmp54_assign_6_galois3_fu_250)              | 0   |        |                |           |                          |         |
|      add_ln6222_fu_4217_p2                                    |     |        | add_ln6222     | add       | fabric                   | 0       |
|      icmp_ln6222_fu_4233_p2                                   |     |        | icmp_ln6222    | seteq     | auto                     | 0       |
|    + galois3 (ref_tmp54_assign_5_galois3_fu_256)              | 0   |        |                |           |                          |         |
|      add_ln6222_fu_4217_p2                                    |     |        | add_ln6222     | add       | fabric                   | 0       |
|      icmp_ln6222_fu_4233_p2                                   |     |        | icmp_ln6222    | seteq     | auto                     | 0       |
|    + galois3 (ref_tmp15_assign_5_galois3_fu_262)              | 0   |        |                |           |                          |         |
|      add_ln6222_fu_4217_p2                                    |     |        | add_ln6222     | add       | fabric                   | 0       |
|      icmp_ln6222_fu_4233_p2                                   |     |        | icmp_ln6222    | seteq     | auto                     | 0       |
|    + galois3 (ref_tmp30_assign_5_galois3_fu_268)              | 0   |        |                |           |                          |         |
|      add_ln6222_fu_4217_p2                                    |     |        | add_ln6222     | add       | fabric                   | 0       |
|      icmp_ln6222_fu_4233_p2                                   |     |        | icmp_ln6222    | seteq     | auto                     | 0       |
|    + galois3 (ref_tmp45_assign_5_galois3_fu_274)              | 0   |        |                |           |                          |         |
|      add_ln6222_fu_4217_p2                                    |     |        | add_ln6222     | add       | fabric                   | 0       |
|      icmp_ln6222_fu_4233_p2                                   |     |        | icmp_ln6222    | seteq     | auto                     | 0       |
|    + galois3 (ref_tmp54_assign_4_galois3_fu_280)              | 0   |        |                |           |                          |         |
|      add_ln6222_fu_4217_p2                                    |     |        | add_ln6222     | add       | fabric                   | 0       |
|      icmp_ln6222_fu_4233_p2                                   |     |        | icmp_ln6222    | seteq     | auto                     | 0       |
|    + galois3 (ref_tmp15_assign_4_galois3_fu_286)              | 0   |        |                |           |                          |         |
|      add_ln6222_fu_4217_p2                                    |     |        | add_ln6222     | add       | fabric                   | 0       |
|      icmp_ln6222_fu_4233_p2                                   |     |        | icmp_ln6222    | seteq     | auto                     | 0       |
|    + galois3 (ref_tmp30_assign_4_galois3_fu_292)              | 0   |        |                |           |                          |         |
|      add_ln6222_fu_4217_p2                                    |     |        | add_ln6222     | add       | fabric                   | 0       |
|      icmp_ln6222_fu_4233_p2                                   |     |        | icmp_ln6222    | seteq     | auto                     | 0       |
|    + galois3 (ref_tmp45_assign_4_galois3_fu_298)              | 0   |        |                |           |                          |         |
|      add_ln6222_fu_4217_p2                                    |     |        | add_ln6222     | add       | fabric                   | 0       |
|      icmp_ln6222_fu_4233_p2                                   |     |        | icmp_ln6222    | seteq     | auto                     | 0       |
|    + galois3 (ref_tmp54_assign_3_galois3_fu_304)              | 0   |        |                |           |                          |         |
|      add_ln6222_fu_4217_p2                                    |     |        | add_ln6222     | add       | fabric                   | 0       |
|      icmp_ln6222_fu_4233_p2                                   |     |        | icmp_ln6222    | seteq     | auto                     | 0       |
|    + galois3 (ref_tmp15_assign_3_galois3_fu_310)              | 0   |        |                |           |                          |         |
|      add_ln6222_fu_4217_p2                                    |     |        | add_ln6222     | add       | fabric                   | 0       |
|      icmp_ln6222_fu_4233_p2                                   |     |        | icmp_ln6222    | seteq     | auto                     | 0       |
|    + galois3 (ref_tmp30_assign_3_galois3_fu_316)              | 0   |        |                |           |                          |         |
|      add_ln6222_fu_4217_p2                                    |     |        | add_ln6222     | add       | fabric                   | 0       |
|      icmp_ln6222_fu_4233_p2                                   |     |        | icmp_ln6222    | seteq     | auto                     | 0       |
|    + galois3 (ref_tmp45_assign_3_galois3_fu_322)              | 0   |        |                |           |                          |         |
|      add_ln6222_fu_4217_p2                                    |     |        | add_ln6222     | add       | fabric                   | 0       |
|      icmp_ln6222_fu_4233_p2                                   |     |        | icmp_ln6222    | seteq     | auto                     | 0       |
|   + mix_columns (call_ret23_mix_columns_fu_2566)              | 0   |        |                |           |                          |         |
|     xor_ln117_fu_328_p2                                       |     |        | xor_ln117      | xor       | auto                     | 0       |
|     xor_ln117_1_fu_334_p2                                     |     |        | xor_ln117_1    | xor       | auto                     | 0       |
|     xor_ln117_2_fu_340_p2                                     |     |        | xor_ln117_2    | xor       | auto                     | 0       |
|     xor_ln118_fu_346_p2                                       |     |        | xor_ln118      | xor       | auto                     | 0       |
|     xor_ln118_1_fu_352_p2                                     |     |        | xor_ln118_1    | xor       | auto                     | 0       |
|     xor_ln118_2_fu_358_p2                                     |     |        | xor_ln118_2    | xor       | auto                     | 0       |
|     xor_ln119_fu_364_p2                                       |     |        | xor_ln119      | xor       | auto                     | 0       |
|     xor_ln119_1_fu_370_p2                                     |     |        | xor_ln119_1    | xor       | auto                     | 0       |
|     xor_ln119_2_fu_376_p2                                     |     |        | xor_ln119_2    | xor       | auto                     | 0       |
|     xor_ln120_fu_382_p2                                       |     |        | xor_ln120      | xor       | auto                     | 0       |
|     xor_ln120_1_fu_388_p2                                     |     |        | xor_ln120_1    | xor       | auto                     | 0       |
|     xor_ln120_2_fu_394_p2                                     |     |        | xor_ln120_2    | xor       | auto                     | 0       |
|     xor_ln117_3_fu_400_p2                                     |     |        | xor_ln117_3    | xor       | auto                     | 0       |
|     xor_ln117_4_fu_406_p2                                     |     |        | xor_ln117_4    | xor       | auto                     | 0       |
|     xor_ln117_5_fu_412_p2                                     |     |        | xor_ln117_5    | xor       | auto                     | 0       |
|     xor_ln118_3_fu_418_p2                                     |     |        | xor_ln118_3    | xor       | auto                     | 0       |
|     xor_ln118_4_fu_424_p2                                     |     |        | xor_ln118_4    | xor       | auto                     | 0       |
|     xor_ln118_5_fu_430_p2                                     |     |        | xor_ln118_5    | xor       | auto                     | 0       |
|     xor_ln119_3_fu_436_p2                                     |     |        | xor_ln119_3    | xor       | auto                     | 0       |
|     xor_ln119_4_fu_442_p2                                     |     |        | xor_ln119_4    | xor       | auto                     | 0       |
|     xor_ln119_5_fu_448_p2                                     |     |        | xor_ln119_5    | xor       | auto                     | 0       |
|     xor_ln120_3_fu_454_p2                                     |     |        | xor_ln120_3    | xor       | auto                     | 0       |
|     xor_ln120_4_fu_460_p2                                     |     |        | xor_ln120_4    | xor       | auto                     | 0       |
|     xor_ln120_5_fu_466_p2                                     |     |        | xor_ln120_5    | xor       | auto                     | 0       |
|     xor_ln117_6_fu_472_p2                                     |     |        | xor_ln117_6    | xor       | auto                     | 0       |
|     xor_ln117_7_fu_478_p2                                     |     |        | xor_ln117_7    | xor       | auto                     | 0       |
|     xor_ln117_8_fu_484_p2                                     |     |        | xor_ln117_8    | xor       | auto                     | 0       |
|     xor_ln118_6_fu_490_p2                                     |     |        | xor_ln118_6    | xor       | auto                     | 0       |
|     xor_ln118_7_fu_496_p2                                     |     |        | xor_ln118_7    | xor       | auto                     | 0       |
|     xor_ln118_8_fu_502_p2                                     |     |        | xor_ln118_8    | xor       | auto                     | 0       |
|     xor_ln119_6_fu_508_p2                                     |     |        | xor_ln119_6    | xor       | auto                     | 0       |
|     xor_ln119_7_fu_514_p2                                     |     |        | xor_ln119_7    | xor       | auto                     | 0       |
|     xor_ln119_8_fu_520_p2                                     |     |        | xor_ln119_8    | xor       | auto                     | 0       |
|     xor_ln120_6_fu_526_p2                                     |     |        | xor_ln120_6    | xor       | auto                     | 0       |
|     xor_ln120_7_fu_532_p2                                     |     |        | xor_ln120_7    | xor       | auto                     | 0       |
|     xor_ln120_8_fu_538_p2                                     |     |        | xor_ln120_8    | xor       | auto                     | 0       |
|     xor_ln117_9_fu_544_p2                                     |     |        | xor_ln117_9    | xor       | auto                     | 0       |
|     xor_ln117_10_fu_550_p2                                    |     |        | xor_ln117_10   | xor       | auto                     | 0       |
|     xor_ln117_11_fu_556_p2                                    |     |        | xor_ln117_11   | xor       | auto                     | 0       |
|     xor_ln118_9_fu_562_p2                                     |     |        | xor_ln118_9    | xor       | auto                     | 0       |
|     xor_ln118_10_fu_568_p2                                    |     |        | xor_ln118_10   | xor       | auto                     | 0       |
|     xor_ln118_11_fu_574_p2                                    |     |        | xor_ln118_11   | xor       | auto                     | 0       |
|     xor_ln119_9_fu_580_p2                                     |     |        | xor_ln119_9    | xor       | auto                     | 0       |
|     xor_ln119_10_fu_586_p2                                    |     |        | xor_ln119_10   | xor       | auto                     | 0       |
|     xor_ln119_11_fu_592_p2                                    |     |        | xor_ln119_11   | xor       | auto                     | 0       |
|     xor_ln120_9_fu_598_p2                                     |     |        | xor_ln120_9    | xor       | auto                     | 0       |
|     xor_ln120_10_fu_604_p2                                    |     |        | xor_ln120_10   | xor       | auto                     | 0       |
|     xor_ln120_11_fu_610_p2                                    |     |        | xor_ln120_11   | xor       | auto                     | 0       |
|    + galois3 (ref_tmp15_assign_6_galois3_fu_232)              | 0   |        |                |           |                          |         |
|      add_ln6222_fu_4217_p2                                    |     |        | add_ln6222     | add       | fabric                   | 0       |
|      icmp_ln6222_fu_4233_p2                                   |     |        | icmp_ln6222    | seteq     | auto                     | 0       |
|    + galois3 (ref_tmp30_assign_6_galois3_fu_238)              | 0   |        |                |           |                          |         |
|      add_ln6222_fu_4217_p2                                    |     |        | add_ln6222     | add       | fabric                   | 0       |
|      icmp_ln6222_fu_4233_p2                                   |     |        | icmp_ln6222    | seteq     | auto                     | 0       |
|    + galois3 (ref_tmp45_assign_6_galois3_fu_244)              | 0   |        |                |           |                          |         |
|      add_ln6222_fu_4217_p2                                    |     |        | add_ln6222     | add       | fabric                   | 0       |
|      icmp_ln6222_fu_4233_p2                                   |     |        | icmp_ln6222    | seteq     | auto                     | 0       |
|    + galois3 (ref_tmp54_assign_6_galois3_fu_250)              | 0   |        |                |           |                          |         |
|      add_ln6222_fu_4217_p2                                    |     |        | add_ln6222     | add       | fabric                   | 0       |
|      icmp_ln6222_fu_4233_p2                                   |     |        | icmp_ln6222    | seteq     | auto                     | 0       |
|    + galois3 (ref_tmp54_assign_5_galois3_fu_256)              | 0   |        |                |           |                          |         |
|      add_ln6222_fu_4217_p2                                    |     |        | add_ln6222     | add       | fabric                   | 0       |
|      icmp_ln6222_fu_4233_p2                                   |     |        | icmp_ln6222    | seteq     | auto                     | 0       |
|    + galois3 (ref_tmp15_assign_5_galois3_fu_262)              | 0   |        |                |           |                          |         |
|      add_ln6222_fu_4217_p2                                    |     |        | add_ln6222     | add       | fabric                   | 0       |
|      icmp_ln6222_fu_4233_p2                                   |     |        | icmp_ln6222    | seteq     | auto                     | 0       |
|    + galois3 (ref_tmp30_assign_5_galois3_fu_268)              | 0   |        |                |           |                          |         |
|      add_ln6222_fu_4217_p2                                    |     |        | add_ln6222     | add       | fabric                   | 0       |
|      icmp_ln6222_fu_4233_p2                                   |     |        | icmp_ln6222    | seteq     | auto                     | 0       |
|    + galois3 (ref_tmp45_assign_5_galois3_fu_274)              | 0   |        |                |           |                          |         |
|      add_ln6222_fu_4217_p2                                    |     |        | add_ln6222     | add       | fabric                   | 0       |
|      icmp_ln6222_fu_4233_p2                                   |     |        | icmp_ln6222    | seteq     | auto                     | 0       |
|    + galois3 (ref_tmp54_assign_4_galois3_fu_280)              | 0   |        |                |           |                          |         |
|      add_ln6222_fu_4217_p2                                    |     |        | add_ln6222     | add       | fabric                   | 0       |
|      icmp_ln6222_fu_4233_p2                                   |     |        | icmp_ln6222    | seteq     | auto                     | 0       |
|    + galois3 (ref_tmp15_assign_4_galois3_fu_286)              | 0   |        |                |           |                          |         |
|      add_ln6222_fu_4217_p2                                    |     |        | add_ln6222     | add       | fabric                   | 0       |
|      icmp_ln6222_fu_4233_p2                                   |     |        | icmp_ln6222    | seteq     | auto                     | 0       |
|    + galois3 (ref_tmp30_assign_4_galois3_fu_292)              | 0   |        |                |           |                          |         |
|      add_ln6222_fu_4217_p2                                    |     |        | add_ln6222     | add       | fabric                   | 0       |
|      icmp_ln6222_fu_4233_p2                                   |     |        | icmp_ln6222    | seteq     | auto                     | 0       |
|    + galois3 (ref_tmp45_assign_4_galois3_fu_298)              | 0   |        |                |           |                          |         |
|      add_ln6222_fu_4217_p2                                    |     |        | add_ln6222     | add       | fabric                   | 0       |
|      icmp_ln6222_fu_4233_p2                                   |     |        | icmp_ln6222    | seteq     | auto                     | 0       |
|    + galois3 (ref_tmp54_assign_3_galois3_fu_304)              | 0   |        |                |           |                          |         |
|      add_ln6222_fu_4217_p2                                    |     |        | add_ln6222     | add       | fabric                   | 0       |
|      icmp_ln6222_fu_4233_p2                                   |     |        | icmp_ln6222    | seteq     | auto                     | 0       |
|    + galois3 (ref_tmp15_assign_3_galois3_fu_310)              | 0   |        |                |           |                          |         |
|      add_ln6222_fu_4217_p2                                    |     |        | add_ln6222     | add       | fabric                   | 0       |
|      icmp_ln6222_fu_4233_p2                                   |     |        | icmp_ln6222    | seteq     | auto                     | 0       |
|    + galois3 (ref_tmp30_assign_3_galois3_fu_316)              | 0   |        |                |           |                          |         |
|      add_ln6222_fu_4217_p2                                    |     |        | add_ln6222     | add       | fabric                   | 0       |
|      icmp_ln6222_fu_4233_p2                                   |     |        | icmp_ln6222    | seteq     | auto                     | 0       |
|    + galois3 (ref_tmp45_assign_3_galois3_fu_322)              | 0   |        |                |           |                          |         |
|      add_ln6222_fu_4217_p2                                    |     |        | add_ln6222     | add       | fabric                   | 0       |
|      icmp_ln6222_fu_4233_p2                                   |     |        | icmp_ln6222    | seteq     | auto                     | 0       |
|   + mix_columns (call_ret25_mix_columns_fu_2586)              | 0   |        |                |           |                          |         |
|     xor_ln117_fu_328_p2                                       |     |        | xor_ln117      | xor       | auto                     | 0       |
|     xor_ln117_1_fu_334_p2                                     |     |        | xor_ln117_1    | xor       | auto                     | 0       |
|     xor_ln117_2_fu_340_p2                                     |     |        | xor_ln117_2    | xor       | auto                     | 0       |
|     xor_ln118_fu_346_p2                                       |     |        | xor_ln118      | xor       | auto                     | 0       |
|     xor_ln118_1_fu_352_p2                                     |     |        | xor_ln118_1    | xor       | auto                     | 0       |
|     xor_ln118_2_fu_358_p2                                     |     |        | xor_ln118_2    | xor       | auto                     | 0       |
|     xor_ln119_fu_364_p2                                       |     |        | xor_ln119      | xor       | auto                     | 0       |
|     xor_ln119_1_fu_370_p2                                     |     |        | xor_ln119_1    | xor       | auto                     | 0       |
|     xor_ln119_2_fu_376_p2                                     |     |        | xor_ln119_2    | xor       | auto                     | 0       |
|     xor_ln120_fu_382_p2                                       |     |        | xor_ln120      | xor       | auto                     | 0       |
|     xor_ln120_1_fu_388_p2                                     |     |        | xor_ln120_1    | xor       | auto                     | 0       |
|     xor_ln120_2_fu_394_p2                                     |     |        | xor_ln120_2    | xor       | auto                     | 0       |
|     xor_ln117_3_fu_400_p2                                     |     |        | xor_ln117_3    | xor       | auto                     | 0       |
|     xor_ln117_4_fu_406_p2                                     |     |        | xor_ln117_4    | xor       | auto                     | 0       |
|     xor_ln117_5_fu_412_p2                                     |     |        | xor_ln117_5    | xor       | auto                     | 0       |
|     xor_ln118_3_fu_418_p2                                     |     |        | xor_ln118_3    | xor       | auto                     | 0       |
|     xor_ln118_4_fu_424_p2                                     |     |        | xor_ln118_4    | xor       | auto                     | 0       |
|     xor_ln118_5_fu_430_p2                                     |     |        | xor_ln118_5    | xor       | auto                     | 0       |
|     xor_ln119_3_fu_436_p2                                     |     |        | xor_ln119_3    | xor       | auto                     | 0       |
|     xor_ln119_4_fu_442_p2                                     |     |        | xor_ln119_4    | xor       | auto                     | 0       |
|     xor_ln119_5_fu_448_p2                                     |     |        | xor_ln119_5    | xor       | auto                     | 0       |
|     xor_ln120_3_fu_454_p2                                     |     |        | xor_ln120_3    | xor       | auto                     | 0       |
|     xor_ln120_4_fu_460_p2                                     |     |        | xor_ln120_4    | xor       | auto                     | 0       |
|     xor_ln120_5_fu_466_p2                                     |     |        | xor_ln120_5    | xor       | auto                     | 0       |
|     xor_ln117_6_fu_472_p2                                     |     |        | xor_ln117_6    | xor       | auto                     | 0       |
|     xor_ln117_7_fu_478_p2                                     |     |        | xor_ln117_7    | xor       | auto                     | 0       |
|     xor_ln117_8_fu_484_p2                                     |     |        | xor_ln117_8    | xor       | auto                     | 0       |
|     xor_ln118_6_fu_490_p2                                     |     |        | xor_ln118_6    | xor       | auto                     | 0       |
|     xor_ln118_7_fu_496_p2                                     |     |        | xor_ln118_7    | xor       | auto                     | 0       |
|     xor_ln118_8_fu_502_p2                                     |     |        | xor_ln118_8    | xor       | auto                     | 0       |
|     xor_ln119_6_fu_508_p2                                     |     |        | xor_ln119_6    | xor       | auto                     | 0       |
|     xor_ln119_7_fu_514_p2                                     |     |        | xor_ln119_7    | xor       | auto                     | 0       |
|     xor_ln119_8_fu_520_p2                                     |     |        | xor_ln119_8    | xor       | auto                     | 0       |
|     xor_ln120_6_fu_526_p2                                     |     |        | xor_ln120_6    | xor       | auto                     | 0       |
|     xor_ln120_7_fu_532_p2                                     |     |        | xor_ln120_7    | xor       | auto                     | 0       |
|     xor_ln120_8_fu_538_p2                                     |     |        | xor_ln120_8    | xor       | auto                     | 0       |
|     xor_ln117_9_fu_544_p2                                     |     |        | xor_ln117_9    | xor       | auto                     | 0       |
|     xor_ln117_10_fu_550_p2                                    |     |        | xor_ln117_10   | xor       | auto                     | 0       |
|     xor_ln117_11_fu_556_p2                                    |     |        | xor_ln117_11   | xor       | auto                     | 0       |
|     xor_ln118_9_fu_562_p2                                     |     |        | xor_ln118_9    | xor       | auto                     | 0       |
|     xor_ln118_10_fu_568_p2                                    |     |        | xor_ln118_10   | xor       | auto                     | 0       |
|     xor_ln118_11_fu_574_p2                                    |     |        | xor_ln118_11   | xor       | auto                     | 0       |
|     xor_ln119_9_fu_580_p2                                     |     |        | xor_ln119_9    | xor       | auto                     | 0       |
|     xor_ln119_10_fu_586_p2                                    |     |        | xor_ln119_10   | xor       | auto                     | 0       |
|     xor_ln119_11_fu_592_p2                                    |     |        | xor_ln119_11   | xor       | auto                     | 0       |
|     xor_ln120_9_fu_598_p2                                     |     |        | xor_ln120_9    | xor       | auto                     | 0       |
|     xor_ln120_10_fu_604_p2                                    |     |        | xor_ln120_10   | xor       | auto                     | 0       |
|     xor_ln120_11_fu_610_p2                                    |     |        | xor_ln120_11   | xor       | auto                     | 0       |
|    + galois3 (ref_tmp15_assign_6_galois3_fu_232)              | 0   |        |                |           |                          |         |
|      add_ln6222_fu_4217_p2                                    |     |        | add_ln6222     | add       | fabric                   | 0       |
|      icmp_ln6222_fu_4233_p2                                   |     |        | icmp_ln6222    | seteq     | auto                     | 0       |
|    + galois3 (ref_tmp30_assign_6_galois3_fu_238)              | 0   |        |                |           |                          |         |
|      add_ln6222_fu_4217_p2                                    |     |        | add_ln6222     | add       | fabric                   | 0       |
|      icmp_ln6222_fu_4233_p2                                   |     |        | icmp_ln6222    | seteq     | auto                     | 0       |
|    + galois3 (ref_tmp45_assign_6_galois3_fu_244)              | 0   |        |                |           |                          |         |
|      add_ln6222_fu_4217_p2                                    |     |        | add_ln6222     | add       | fabric                   | 0       |
|      icmp_ln6222_fu_4233_p2                                   |     |        | icmp_ln6222    | seteq     | auto                     | 0       |
|    + galois3 (ref_tmp54_assign_6_galois3_fu_250)              | 0   |        |                |           |                          |         |
|      add_ln6222_fu_4217_p2                                    |     |        | add_ln6222     | add       | fabric                   | 0       |
|      icmp_ln6222_fu_4233_p2                                   |     |        | icmp_ln6222    | seteq     | auto                     | 0       |
|    + galois3 (ref_tmp54_assign_5_galois3_fu_256)              | 0   |        |                |           |                          |         |
|      add_ln6222_fu_4217_p2                                    |     |        | add_ln6222     | add       | fabric                   | 0       |
|      icmp_ln6222_fu_4233_p2                                   |     |        | icmp_ln6222    | seteq     | auto                     | 0       |
|    + galois3 (ref_tmp15_assign_5_galois3_fu_262)              | 0   |        |                |           |                          |         |
|      add_ln6222_fu_4217_p2                                    |     |        | add_ln6222     | add       | fabric                   | 0       |
|      icmp_ln6222_fu_4233_p2                                   |     |        | icmp_ln6222    | seteq     | auto                     | 0       |
|    + galois3 (ref_tmp30_assign_5_galois3_fu_268)              | 0   |        |                |           |                          |         |
|      add_ln6222_fu_4217_p2                                    |     |        | add_ln6222     | add       | fabric                   | 0       |
|      icmp_ln6222_fu_4233_p2                                   |     |        | icmp_ln6222    | seteq     | auto                     | 0       |
|    + galois3 (ref_tmp45_assign_5_galois3_fu_274)              | 0   |        |                |           |                          |         |
|      add_ln6222_fu_4217_p2                                    |     |        | add_ln6222     | add       | fabric                   | 0       |
|      icmp_ln6222_fu_4233_p2                                   |     |        | icmp_ln6222    | seteq     | auto                     | 0       |
|    + galois3 (ref_tmp54_assign_4_galois3_fu_280)              | 0   |        |                |           |                          |         |
|      add_ln6222_fu_4217_p2                                    |     |        | add_ln6222     | add       | fabric                   | 0       |
|      icmp_ln6222_fu_4233_p2                                   |     |        | icmp_ln6222    | seteq     | auto                     | 0       |
|    + galois3 (ref_tmp15_assign_4_galois3_fu_286)              | 0   |        |                |           |                          |         |
|      add_ln6222_fu_4217_p2                                    |     |        | add_ln6222     | add       | fabric                   | 0       |
|      icmp_ln6222_fu_4233_p2                                   |     |        | icmp_ln6222    | seteq     | auto                     | 0       |
|    + galois3 (ref_tmp30_assign_4_galois3_fu_292)              | 0   |        |                |           |                          |         |
|      add_ln6222_fu_4217_p2                                    |     |        | add_ln6222     | add       | fabric                   | 0       |
|      icmp_ln6222_fu_4233_p2                                   |     |        | icmp_ln6222    | seteq     | auto                     | 0       |
|    + galois3 (ref_tmp45_assign_4_galois3_fu_298)              | 0   |        |                |           |                          |         |
|      add_ln6222_fu_4217_p2                                    |     |        | add_ln6222     | add       | fabric                   | 0       |
|      icmp_ln6222_fu_4233_p2                                   |     |        | icmp_ln6222    | seteq     | auto                     | 0       |
|    + galois3 (ref_tmp54_assign_3_galois3_fu_304)              | 0   |        |                |           |                          |         |
|      add_ln6222_fu_4217_p2                                    |     |        | add_ln6222     | add       | fabric                   | 0       |
|      icmp_ln6222_fu_4233_p2                                   |     |        | icmp_ln6222    | seteq     | auto                     | 0       |
|    + galois3 (ref_tmp15_assign_3_galois3_fu_310)              | 0   |        |                |           |                          |         |
|      add_ln6222_fu_4217_p2                                    |     |        | add_ln6222     | add       | fabric                   | 0       |
|      icmp_ln6222_fu_4233_p2                                   |     |        | icmp_ln6222    | seteq     | auto                     | 0       |
|    + galois3 (ref_tmp30_assign_3_galois3_fu_316)              | 0   |        |                |           |                          |         |
|      add_ln6222_fu_4217_p2                                    |     |        | add_ln6222     | add       | fabric                   | 0       |
|      icmp_ln6222_fu_4233_p2                                   |     |        | icmp_ln6222    | seteq     | auto                     | 0       |
|    + galois3 (ref_tmp45_assign_3_galois3_fu_322)              | 0   |        |                |           |                          |         |
|      add_ln6222_fu_4217_p2                                    |     |        | add_ln6222     | add       | fabric                   | 0       |
|      icmp_ln6222_fu_4233_p2                                   |     |        | icmp_ln6222    | seteq     | auto                     | 0       |
|  + aes_encrypt_Pipeline_3                                     | 0   |        |                |           |                          |         |
|    exitcond776138_fu_228_p2                                   |     |        | exitcond776138 | seteq     | auto                     | 0       |
|    empty_fu_234_p2                                            |     |        | empty          | add       | fabric                   | 0       |
|    sparsemux_33_4_8_1_1_U718                                  |     |        | tmp            | sparsemux | compactencoding_dontcare | 0       |
|  + aes_encrypt_Pipeline_4                                     | 0   |        |                |           |                          |         |
|    exitcond777139_fu_507_p2                                   |     |        | exitcond777139 | seteq     | auto                     | 0       |
|    empty_107_fu_513_p2                                        |     |        | empty_107      | add       | fabric                   | 0       |
|  + aes_encrypt_Pipeline_5                                     | 0   |        |                |           |                          |         |
|    exitcond779140_fu_228_p2                                   |     |        | exitcond779140 | seteq     | auto                     | 0       |
|    empty_fu_234_p2                                            |     |        | empty          | add       | fabric                   | 0       |
|    sparsemux_33_4_8_1_1_U770                                  |     |        | tmp_s          | sparsemux | compactencoding_dontcare | 0       |
|  + aes_encrypt_Pipeline_6                                     | 0   |        |                |           |                          |         |
|    exitcond780141_fu_507_p2                                   |     |        | exitcond780141 | seteq     | auto                     | 0       |
|    empty_86_fu_513_p2                                         |     |        | empty_86       | add       | fabric                   | 0       |
|  + aes_encrypt_Pipeline_7                                     | 0   |        |                |           |                          |         |
|    exitcond782142_fu_228_p2                                   |     |        | exitcond782142 | seteq     | auto                     | 0       |
|    empty_fu_234_p2                                            |     |        | empty          | add       | fabric                   | 0       |
|    sparsemux_33_4_8_1_1_U821                                  |     |        | tmp_112        | sparsemux | compactencoding_dontcare | 0       |
|  + aes_encrypt_Pipeline_8                                     | 0   |        |                |           |                          |         |
|    exitcond783143_fu_507_p2                                   |     |        | exitcond783143 | seteq     | auto                     | 0       |
|    empty_65_fu_513_p2                                         |     |        | empty_65       | add       | fabric                   | 0       |
|  + aes_encrypt_Pipeline_9                                     | 0   |        |                |           |                          |         |
|    exitcond785144_fu_228_p2                                   |     |        | exitcond785144 | seteq     | auto                     | 0       |
|    empty_fu_234_p2                                            |     |        | empty          | add       | fabric                   | 0       |
|    sparsemux_33_4_8_1_1_U872                                  |     |        | tmp_113        | sparsemux | compactencoding_dontcare | 0       |
+---------------------------------------------------------------+-----+--------+----------------+-----------+--------------------------+---------+


================================================================
== Storage Report
================================================================
+-------------------+-----------+-----------+------+------+--------+----------+------+---------+------------------+
| Name              | Usage     | Type      | BRAM | URAM | Pragma | Variable | Impl | Latency | Bitwidth, Depth, |
|                   |           |           |      |      |        |          |      |         | Banks            |
+-------------------+-----------+-----------+------+------+--------+----------+------+---------+------------------+
| + aes_encrypt     |           |           | 15   | 0    |        |          |      |         |                  |
|   control_s_axi_U | interface | s_axilite |      |      |        |          |      |         |                  |
|   gmem_m_axi_U    | interface | m_axi     | 15   |      |        |          |      |         |                  |
+-------------------+-----------+-----------+------+------+--------+----------+------+---------+------------------+


================================================================
== Pragma Report
================================================================
* Inferred Pragmas
+----------+---------+---------------------------------------------------------------------------------------------------------------------------------------------------------------------------------+-------------------------------+
| Type     | Options | Location                                                                                                                                                                        | Inferred From                 |
+----------+---------+---------------------------------------------------------------------------------------------------------------------------------------------------------------------------------+-------------------------------+
| PIPELINE |         | loop key_expansion (AES-Accelerator-hls/code/key_expand_flexible_input_size/aes.cpp:35:5) in get_round_key (AES-Accelerator-hls/code/key_expand_flexible_input_size/aes.cpp:35) | syn.compile.pipeline_loops=64 |
| PIPELINE |         | loop anonymous (AES-Accelerator-hls/code/key_expand_flexible_input_size/aes.cpp:166:5) in aes_encrypt (AES-Accelerator-hls/code/key_expand_flexible_input_size/aes.cpp:166)     | syn.compile.pipeline_loops=64 |
| PIPELINE |         | loop anonymous (AES-Accelerator-hls/code/key_expand_flexible_input_size/aes.cpp:213:9) in aes_encrypt (AES-Accelerator-hls/code/key_expand_flexible_input_size/aes.cpp:213)     | syn.compile.pipeline_loops=64 |
| PIPELINE |         | loop anonymous (AES-Accelerator-hls/code/key_expand_flexible_input_size/aes.cpp:184:5) in aes_encrypt (AES-Accelerator-hls/code/key_expand_flexible_input_size/aes.cpp:184)     | syn.compile.pipeline_loops=64 |
+----------+---------+---------------------------------------------------------------------------------------------------------------------------------------------------------------------------------+-------------------------------+

* Valid Pragma Syntax
+----------------------+-----------------------------------------------+--------------------------------------------------------------------------------------------------------+
| Type                 | Options                                       | Location                                                                                               |
+----------------------+-----------------------------------------------+--------------------------------------------------------------------------------------------------------+
| INLINE               | off                                           | in get_round_key (../../AES-Accelerator-hls/code/key_expand_flexible_input_size/aes.cpp:32)            |
| FUNCTION_INSTANTIATE | variable = round                              | in get_round_key (../../AES-Accelerator-hls/code/key_expand_flexible_input_size/aes.cpp:33)            |
| UNROLL               |                                               | in get_round_key (../../AES-Accelerator-hls/code/key_expand_flexible_input_size/aes.cpp:44)            |
| UNROLL               |                                               | in get_round_key (../../AES-Accelerator-hls/code/key_expand_flexible_input_size/aes.cpp:60)            |
| UNROLL               |                                               | in get_round_key (../../AES-Accelerator-hls/code/key_expand_flexible_input_size/aes.cpp:67)            |
| INLINE               | off                                           | in shift_rows_and_sub_bytes (../../AES-Accelerator-hls/code/key_expand_flexible_input_size/aes.cpp:75) |
| INLINE               | off                                           | in mix_columns (../../AES-Accelerator-hls/code/key_expand_flexible_input_size/aes.cpp:107)             |
| UNROLL               |                                               | in mix_columns (../../AES-Accelerator-hls/code/key_expand_flexible_input_size/aes.cpp:111)             |
| UNROLL               |                                               | in mix_columns (../../AES-Accelerator-hls/code/key_expand_flexible_input_size/aes.cpp:113)             |
| UNROLL               |                                               | in add_round_key (../../AES-Accelerator-hls/code/key_expand_flexible_input_size/aes.cpp:127)           |
| UNROLL               |                                               | in add_round_key (../../AES-Accelerator-hls/code/key_expand_flexible_input_size/aes.cpp:129)           |
| INLINE               | off                                           | in cipher_encrypt_block (../../AES-Accelerator-hls/code/key_expand_flexible_input_size/aes.cpp:136)    |
| PIPELINE             | II = 1                                        | in cipher_encrypt_block (../../AES-Accelerator-hls/code/key_expand_flexible_input_size/aes.cpp:137)    |
| UNROLL               |                                               | in cipher_encrypt_block (../../AES-Accelerator-hls/code/key_expand_flexible_input_size/aes.cpp:141)    |
| ARRAY_PARTITION      | variable = roundKeys type = complete          | in aes_encrypt (../../AES-Accelerator-hls/code/key_expand_flexible_input_size/aes.cpp:164)             |
| ARRAY_PARTITION      | variable = keyin type = complete              | in aes_encrypt (../../AES-Accelerator-hls/code/key_expand_flexible_input_size/aes.cpp:165)             |
| UNROLL               |                                               | in aes_encrypt (../../AES-Accelerator-hls/code/key_expand_flexible_input_size/aes.cpp:168)             |
| PIPELINE             | off                                           | in aes_encrypt (../../AES-Accelerator-hls/code/key_expand_flexible_input_size/aes.cpp:172)             |
| UNROLL               | factor = 4                                    | in aes_encrypt (../../AES-Accelerator-hls/code/key_expand_flexible_input_size/aes.cpp:178)             |
| PIPELINE             | off                                           | in aes_encrypt (../../AES-Accelerator-hls/code/key_expand_flexible_input_size/aes.cpp:179)             |
| ARRAY_PARTITION      | variable = state type = complete              | in aes_encrypt (../../AES-Accelerator-hls/code/key_expand_flexible_input_size/aes.cpp:181)             |
| ARRAY_PARTITION      | variable = plaintext_copied type = complete   | in aes_encrypt (../../AES-Accelerator-hls/code/key_expand_flexible_input_size/aes.cpp:183)             |
| UNROLL               |                                               | in aes_encrypt (../../AES-Accelerator-hls/code/key_expand_flexible_input_size/aes.cpp:188)             |
| UNROLL               |                                               | in aes_encrypt (../../AES-Accelerator-hls/code/key_expand_flexible_input_size/aes.cpp:190)             |
| ARRAY_PARTITION      | variable = keyin type = complete              | in aes_encrypt (../../AES-Accelerator-hls/code/key_expand_flexible_input_size/aes.cpp:198)             |
| ARRAY_PARTITION      | variable = ciphertext_precopy type = complete | in aes_encrypt (../../AES-Accelerator-hls/code/key_expand_flexible_input_size/aes.cpp:205)             |
| UNROLL               |                                               | in aes_encrypt (../../AES-Accelerator-hls/code/key_expand_flexible_input_size/aes.cpp:208)             |
| UNROLL               |                                               | in aes_encrypt (../../AES-Accelerator-hls/code/key_expand_flexible_input_size/aes.cpp:210)             |
+----------------------+-----------------------------------------------+--------------------------------------------------------------------------------------------------------+


