

================================================================
== Vitis HLS Report for 'get_round_key'
================================================================
* Date:           Tue Aug 11 14:22:20 2026

* Version:        2025.2 (Build 6295257 on Nov 14 2025)
* Project:        key_expanded
* Solution:       hls (Vitis Kernel Flow Target)
* Product family: zynquplus
* Target device:  xck26-sfvc784-2LV-c


================================================================
== Performance Estimates
================================================================
+ Timing: 
    * Summary: 
    +--------+----------+----------+------------+
    |  Clock |  Target  | Estimated| Uncertainty|
    +--------+----------+----------+------------+
    |ap_clk  |  10.00 ns|  6.263 ns|     2.70 ns|
    +--------+----------+----------+------------+

+ Latency: 
    * Summary: 
    +---------+---------+-----------+-----------+-----+-----+-------------------+
    |  Latency (cycles) |   Latency (absolute)  |  Interval |      Pipeline     |
    |   min   |   max   |    min    |    max    | min | max |        Type       |
    +---------+---------+-----------+-----------+-----+-----+-------------------+
    |        6|        6|  60.000 ns|  60.000 ns|    0|    0|  loop pipeline stp|
    +---------+---------+-----------+-----------+-----+-----+-------------------+

    + Detail: 
        * Instance: 
        +---------------------------+-------+---------+---------+----------+----------+-----+-----+---------+
        |                           |       |  Latency (cycles) |  Latency (absolute) |  Interval | Pipeline|
        |          Instance         | Module|   min   |   max   |    min   |    max   | min | max |   Type  |
        +---------------------------+-------+---------+---------+----------+----------+-----+-----+---------+
        |grp_sbox_fu_3040           |sbox   |        0|        0|      0 ns|      0 ns|    1|    1|      yes|
        |grp_sbox_fu_3046           |sbox   |        0|        0|      0 ns|      0 ns|    1|    1|      yes|
        |grp_sbox_fu_3051           |sbox   |        0|        0|      0 ns|      0 ns|    1|    1|      yes|
        |temp_word_6_sbox_fu_3057   |sbox   |        0|        0|      0 ns|      0 ns|    1|    1|      yes|
        |temp_word_15_sbox_fu_3069  |sbox   |        0|        0|      0 ns|      0 ns|    1|    1|      yes|
        +---------------------------+-------+---------+---------+----------+----------+-----+-----+---------+

        * Loop: 
        +-----------------+---------+---------+----------+-----------+-----------+------+----------+
        |                 |  Latency (cycles) | Iteration|  Initiation Interval  | Trip |          |
        |    Loop Name    |   min   |   max   |  Latency |  achieved |   target  | Count| Pipelined|
        +-----------------+---------+---------+----------+-----------+-----------+------+----------+
        |- key_expansion  |        4|        4|         1|          1|          1|     4|       yes|
        +-----------------+---------+---------+----------+-----------+-----------+------+----------+



================================================================
== Utilization Estimates
================================================================
* Summary: 
+-----------------+---------+------+--------+--------+-----+
|       Name      | BRAM_18K|  DSP |   FF   |   LUT  | URAM|
+-----------------+---------+------+--------+--------+-----+
|DSP              |        -|     -|       -|       -|    -|
|Expression       |        -|     -|       0|     769|    -|
|FIFO             |        -|     -|       -|       -|    -|
|Instance         |        -|     -|       0|    3240|    -|
|Memory           |        -|     -|       -|       -|    -|
|Multiplexer      |        -|     -|       0|    2206|    -|
|Register         |        -|     -|    1808|       -|    -|
+-----------------+---------+------+--------+--------+-----+
|Total            |        0|     0|    1808|    6215|    0|
+-----------------+---------+------+--------+--------+-----+
|Available        |      288|  1248|  234240|  117120|   64|
+-----------------+---------+------+--------+--------+-----+
|Utilization (%)  |        0|     0|      ~0|       5|    0|
+-----------------+---------+------+--------+--------+-----+

+ Detail: 
    * Instance: 
    +---------------------------+----------------------+---------+----+---+-----+-----+
    |          Instance         |        Module        | BRAM_18K| DSP| FF| LUT | URAM|
    +---------------------------+----------------------+---------+----+---+-----+-----+
    |grp_sbox_fu_3040           |sbox                  |        0|   0|  0|  112|    0|
    |grp_sbox_fu_3046           |sbox                  |        0|   0|  0|  112|    0|
    |grp_sbox_fu_3051           |sbox                  |        0|   0|  0|  112|    0|
    |temp_word_6_sbox_fu_3057   |sbox                  |        0|   0|  0|  112|    0|
    |temp_word_15_sbox_fu_3069  |sbox                  |        0|   0|  0|  112|    0|
    |sparsemux_27_4_8_1_1_U108  |sparsemux_27_4_8_1_1  |        0|   0|  0|   65|    0|
    |sparsemux_27_4_8_1_1_U122  |sparsemux_27_4_8_1_1  |        0|   0|  0|   65|    0|
    |sparsemux_27_4_8_1_1_U136  |sparsemux_27_4_8_1_1  |        0|   0|  0|   65|    0|
    |sparsemux_27_4_8_1_1_U150  |sparsemux_27_4_8_1_1  |        0|   0|  0|   65|    0|
    |sparsemux_29_4_8_1_1_U49   |sparsemux_29_4_8_1_1  |        0|   0|  0|   65|    0|
    |sparsemux_29_4_8_1_1_U64   |sparsemux_29_4_8_1_1  |        0|   0|  0|   65|    0|
    |sparsemux_29_4_8_1_1_U79   |sparsemux_29_4_8_1_1  |        0|   0|  0|   65|    0|
    |sparsemux_29_4_8_1_1_U94   |sparsemux_29_4_8_1_1  |        0|   0|  0|   65|    0|
    |sparsemux_9_4_8_1_1_U35    |sparsemux_9_4_8_1_1   |        0|   0|  0|   20|    0|
    |sparsemux_9_4_8_1_1_U36    |sparsemux_9_4_8_1_1   |        0|   0|  0|   20|    0|
    |sparsemux_9_4_8_1_1_U37    |sparsemux_9_4_8_1_1   |        0|   0|  0|   20|    0|
    |sparsemux_9_4_8_1_1_U38    |sparsemux_9_4_8_1_1   |        0|   0|  0|   20|    0|
    |sparsemux_9_4_8_1_1_U39    |sparsemux_9_4_8_1_1   |        0|   0|  0|   20|    0|
    |sparsemux_9_4_8_1_1_U40    |sparsemux_9_4_8_1_1   |        0|   0|  0|   20|    0|
    |sparsemux_9_4_8_1_1_U41    |sparsemux_9_4_8_1_1   |        0|   0|  0|   20|    0|
    |sparsemux_9_4_8_1_1_U42    |sparsemux_9_4_8_1_1   |        0|   0|  0|   20|    0|
    |sparsemux_9_4_8_1_1_U43    |sparsemux_9_4_8_1_1   |        0|   0|  0|   20|    0|
    |sparsemux_9_4_8_1_1_U44    |sparsemux_9_4_8_1_1   |        0|   0|  0|   20|    0|
    |sparsemux_9_4_8_1_1_U45    |sparsemux_9_4_8_1_1   |        0|   0|  0|   20|    0|
    |sparsemux_9_4_8_1_1_U46    |sparsemux_9_4_8_1_1   |        0|   0|  0|   20|    0|
    |sparsemux_9_4_8_1_1_U47    |sparsemux_9_4_8_1_1   |        0|   0|  0|   20|    0|
    |sparsemux_9_4_8_1_1_U48    |sparsemux_9_4_8_1_1   |        0|   0|  0|   20|    0|
    |sparsemux_9_4_8_1_1_U50    |sparsemux_9_4_8_1_1   |        0|   0|  0|   20|    0|
    |sparsemux_9_4_8_1_1_U51    |sparsemux_9_4_8_1_1   |        0|   0|  0|   20|    0|
    |sparsemux_9_4_8_1_1_U52    |sparsemux_9_4_8_1_1   |        0|   0|  0|   20|    0|
    |sparsemux_9_4_8_1_1_U53    |sparsemux_9_4_8_1_1   |        0|   0|  0|   20|    0|
    |sparsemux_9_4_8_1_1_U54    |sparsemux_9_4_8_1_1   |        0|   0|  0|   20|    0|
    |sparsemux_9_4_8_1_1_U55    |sparsemux_9_4_8_1_1   |        0|   0|  0|   20|    0|
    |sparsemux_9_4_8_1_1_U56    |sparsemux_9_4_8_1_1   |        0|   0|  0|   20|    0|
    |sparsemux_9_4_8_1_1_U57    |sparsemux_9_4_8_1_1   |        0|   0|  0|   20|    0|
    |sparsemux_9_4_8_1_1_U58    |sparsemux_9_4_8_1_1   |        0|   0|  0|   20|    0|
    |sparsemux_9_4_8_1_1_U59    |sparsemux_9_4_8_1_1   |        0|   0|  0|   20|    0|
    |sparsemux_9_4_8_1_1_U60    |sparsemux_9_4_8_1_1   |        0|   0|  0|   20|    0|
    |sparsemux_9_4_8_1_1_U61    |sparsemux_9_4_8_1_1   |        0|   0|  0|   20|    0|
    |sparsemux_9_4_8_1_1_U62    |sparsemux_9_4_8_1_1   |        0|   0|  0|   20|    0|
    |sparsemux_9_4_8_1_1_U63    |sparsemux_9_4_8_1_1   |        0|   0|  0|   20|    0|
    |sparsemux_9_4_8_1_1_U65    |sparsemux_9_4_8_1_1   |        0|   0|  0|   20|    0|
    |sparsemux_9_4_8_1_1_U66    |sparsemux_9_4_8_1_1   |        0|   0|  0|   20|    0|
    |sparsemux_9_4_8_1_1_U67    |sparsemux_9_4_8_1_1   |        0|   0|  0|   20|    0|
    |sparsemux_9_4_8_1_1_U68    |sparsemux_9_4_8_1_1   |        0|   0|  0|   20|    0|
    |sparsemux_9_4_8_1_1_U69    |sparsemux_9_4_8_1_1   |        0|   0|  0|   20|    0|
    |sparsemux_9_4_8_1_1_U70    |sparsemux_9_4_8_1_1   |        0|   0|  0|   20|    0|
    |sparsemux_9_4_8_1_1_U71    |sparsemux_9_4_8_1_1   |        0|   0|  0|   20|    0|
    |sparsemux_9_4_8_1_1_U72    |sparsemux_9_4_8_1_1   |        0|   0|  0|   20|    0|
    |sparsemux_9_4_8_1_1_U73    |sparsemux_9_4_8_1_1   |        0|   0|  0|   20|    0|
    |sparsemux_9_4_8_1_1_U74    |sparsemux_9_4_8_1_1   |        0|   0|  0|   20|    0|
    |sparsemux_9_4_8_1_1_U75    |sparsemux_9_4_8_1_1   |        0|   0|  0|   20|    0|
    |sparsemux_9_4_8_1_1_U76    |sparsemux_9_4_8_1_1   |        0|   0|  0|   20|    0|
    |sparsemux_9_4_8_1_1_U77    |sparsemux_9_4_8_1_1   |        0|   0|  0|   20|    0|
    |sparsemux_9_4_8_1_1_U78    |sparsemux_9_4_8_1_1   |        0|   0|  0|   20|    0|
    |sparsemux_9_4_8_1_1_U80    |sparsemux_9_4_8_1_1   |        0|   0|  0|   20|    0|
    |sparsemux_9_4_8_1_1_U81    |sparsemux_9_4_8_1_1   |        0|   0|  0|   20|    0|
    |sparsemux_9_4_8_1_1_U82    |sparsemux_9_4_8_1_1   |        0|   0|  0|   20|    0|
    |sparsemux_9_4_8_1_1_U83    |sparsemux_9_4_8_1_1   |        0|   0|  0|   20|    0|
    |sparsemux_9_4_8_1_1_U84    |sparsemux_9_4_8_1_1   |        0|   0|  0|   20|    0|
    |sparsemux_9_4_8_1_1_U85    |sparsemux_9_4_8_1_1   |        0|   0|  0|   20|    0|
    |sparsemux_9_4_8_1_1_U86    |sparsemux_9_4_8_1_1   |        0|   0|  0|   20|    0|
    |sparsemux_9_4_8_1_1_U87    |sparsemux_9_4_8_1_1   |        0|   0|  0|   20|    0|
    |sparsemux_9_4_8_1_1_U88    |sparsemux_9_4_8_1_1   |        0|   0|  0|   20|    0|
    |sparsemux_9_4_8_1_1_U89    |sparsemux_9_4_8_1_1   |        0|   0|  0|   20|    0|
    |sparsemux_9_4_8_1_1_U90    |sparsemux_9_4_8_1_1   |        0|   0|  0|   20|    0|
    |sparsemux_9_4_8_1_1_U91    |sparsemux_9_4_8_1_1   |        0|   0|  0|   20|    0|
    |sparsemux_9_4_8_1_1_U92    |sparsemux_9_4_8_1_1   |        0|   0|  0|   20|    0|
    |sparsemux_9_4_8_1_1_U93    |sparsemux_9_4_8_1_1   |        0|   0|  0|   20|    0|
    |sparsemux_9_4_8_1_1_U95    |sparsemux_9_4_8_1_1   |        0|   0|  0|   20|    0|
    |sparsemux_9_4_8_1_1_U96    |sparsemux_9_4_8_1_1   |        0|   0|  0|   20|    0|
    |sparsemux_9_4_8_1_1_U97    |sparsemux_9_4_8_1_1   |        0|   0|  0|   20|    0|
    |sparsemux_9_4_8_1_1_U98    |sparsemux_9_4_8_1_1   |        0|   0|  0|   20|    0|
    |sparsemux_9_4_8_1_1_U99    |sparsemux_9_4_8_1_1   |        0|   0|  0|   20|    0|
    |sparsemux_9_4_8_1_1_U100   |sparsemux_9_4_8_1_1   |        0|   0|  0|   20|    0|
    |sparsemux_9_4_8_1_1_U101   |sparsemux_9_4_8_1_1   |        0|   0|  0|   20|    0|
    |sparsemux_9_4_8_1_1_U102   |sparsemux_9_4_8_1_1   |        0|   0|  0|   20|    0|
    |sparsemux_9_4_8_1_1_U103   |sparsemux_9_4_8_1_1   |        0|   0|  0|   20|    0|
    |sparsemux_9_4_8_1_1_U104   |sparsemux_9_4_8_1_1   |        0|   0|  0|   20|    0|
    |sparsemux_9_4_8_1_1_U105   |sparsemux_9_4_8_1_1   |        0|   0|  0|   20|    0|
    |sparsemux_9_4_8_1_1_U106   |sparsemux_9_4_8_1_1   |        0|   0|  0|   20|    0|
    |sparsemux_9_4_8_1_1_U107   |sparsemux_9_4_8_1_1   |        0|   0|  0|   20|    0|
    |sparsemux_9_4_8_1_1_U109   |sparsemux_9_4_8_1_1   |        0|   0|  0|   20|    0|
    |sparsemux_9_4_8_1_1_U110   |sparsemux_9_4_8_1_1   |        0|   0|  0|   20|    0|
    |sparsemux_9_4_8_1_1_U111   |sparsemux_9_4_8_1_1   |        0|   0|  0|   20|    0|
    |sparsemux_9_4_8_1_1_U112   |sparsemux_9_4_8_1_1   |        0|   0|  0|   20|    0|
    |sparsemux_9_4_8_1_1_U113   |sparsemux_9_4_8_1_1   |        0|   0|  0|   20|    0|
    |sparsemux_9_4_8_1_1_U114   |sparsemux_9_4_8_1_1   |        0|   0|  0|   20|    0|
    |sparsemux_9_4_8_1_1_U115   |sparsemux_9_4_8_1_1   |        0|   0|  0|   20|    0|
    |sparsemux_9_4_8_1_1_U116   |sparsemux_9_4_8_1_1   |        0|   0|  0|   20|    0|
    |sparsemux_9_4_8_1_1_U117   |sparsemux_9_4_8_1_1   |        0|   0|  0|   20|    0|
    |sparsemux_9_4_8_1_1_U118   |sparsemux_9_4_8_1_1   |        0|   0|  0|   20|    0|
    |sparsemux_9_4_8_1_1_U119   |sparsemux_9_4_8_1_1   |        0|   0|  0|   20|    0|
    |sparsemux_9_4_8_1_1_U120   |sparsemux_9_4_8_1_1   |        0|   0|  0|   20|    0|
    |sparsemux_9_4_8_1_1_U121   |sparsemux_9_4_8_1_1   |        0|   0|  0|   20|    0|
    |sparsemux_9_4_8_1_1_U123   |sparsemux_9_4_8_1_1   |        0|   0|  0|   20|    0|
    |sparsemux_9_4_8_1_1_U124   |sparsemux_9_4_8_1_1   |        0|   0|  0|   20|    0|
    |sparsemux_9_4_8_1_1_U125   |sparsemux_9_4_8_1_1   |        0|   0|  0|   20|    0|
    |sparsemux_9_4_8_1_1_U126   |sparsemux_9_4_8_1_1   |        0|   0|  0|   20|    0|
    |sparsemux_9_4_8_1_1_U127   |sparsemux_9_4_8_1_1   |        0|   0|  0|   20|    0|
    |sparsemux_9_4_8_1_1_U128   |sparsemux_9_4_8_1_1   |        0|   0|  0|   20|    0|
    |sparsemux_9_4_8_1_1_U129   |sparsemux_9_4_8_1_1   |        0|   0|  0|   20|    0|
    |sparsemux_9_4_8_1_1_U130   |sparsemux_9_4_8_1_1   |        0|   0|  0|   20|    0|
    |sparsemux_9_4_8_1_1_U131   |sparsemux_9_4_8_1_1   |        0|   0|  0|   20|    0|
    |sparsemux_9_4_8_1_1_U132   |sparsemux_9_4_8_1_1   |        0|   0|  0|   20|    0|
    |sparsemux_9_4_8_1_1_U133   |sparsemux_9_4_8_1_1   |        0|   0|  0|   20|    0|
    |sparsemux_9_4_8_1_1_U134   |sparsemux_9_4_8_1_1   |        0|   0|  0|   20|    0|
    |sparsemux_9_4_8_1_1_U135   |sparsemux_9_4_8_1_1   |        0|   0|  0|   20|    0|
    |sparsemux_9_4_8_1_1_U137   |sparsemux_9_4_8_1_1   |        0|   0|  0|   20|    0|
    |sparsemux_9_4_8_1_1_U138   |sparsemux_9_4_8_1_1   |        0|   0|  0|   20|    0|
    |sparsemux_9_4_8_1_1_U139   |sparsemux_9_4_8_1_1   |        0|   0|  0|   20|    0|
    |sparsemux_9_4_8_1_1_U140   |sparsemux_9_4_8_1_1   |        0|   0|  0|   20|    0|
    |sparsemux_9_4_8_1_1_U141   |sparsemux_9_4_8_1_1   |        0|   0|  0|   20|    0|
    |sparsemux_9_4_8_1_1_U142   |sparsemux_9_4_8_1_1   |        0|   0|  0|   20|    0|
    |sparsemux_9_4_8_1_1_U143   |sparsemux_9_4_8_1_1   |        0|   0|  0|   20|    0|
    |sparsemux_9_4_8_1_1_U144   |sparsemux_9_4_8_1_1   |        0|   0|  0|   20|    0|
    |sparsemux_9_4_8_1_1_U145   |sparsemux_9_4_8_1_1   |        0|   0|  0|   20|    0|
    |sparsemux_9_4_8_1_1_U146   |sparsemux_9_4_8_1_1   |        0|   0|  0|   20|    0|
    |sparsemux_9_4_8_1_1_U147   |sparsemux_9_4_8_1_1   |        0|   0|  0|   20|    0|
    |sparsemux_9_4_8_1_1_U148   |sparsemux_9_4_8_1_1   |        0|   0|  0|   20|    0|
    |sparsemux_9_4_8_1_1_U149   |sparsemux_9_4_8_1_1   |        0|   0|  0|   20|    0|
    +---------------------------+----------------------+---------+----+---+-----+-----+
    |Total                      |                      |        0|   0|  0| 3240|    0|
    +---------------------------+----------------------+---------+----+---+-----+-----+

    * DSP: 
    N/A

    * Memory: 
    N/A

    * FIFO: 
    N/A

    * Expression: 
    +----------------------------+----------+----+---+----+------------+------------+
    |        Variable Name       | Operation| DSP| FF| LUT| Bitwidth P0| Bitwidth P1|
    +----------------------------+----------+----+---+----+------------+------------+
    |add_ln45_1_fu_4977_p2       |         +|   0|  0|  12|           4|           4|
    |add_ln45_2_fu_5385_p2       |         +|   0|  0|  12|           4|           3|
    |add_ln45_3_fu_5793_p2       |         +|   0|  0|  12|           4|           3|
    |add_ln45_4_fu_6201_p2       |         +|   0|  0|  12|           4|           2|
    |add_ln45_fu_4956_p2         |         +|   0|  0|  15|           8|           4|
    |add_ln5_fu_6619_p2          |         +|   0|  0|  12|           4|           3|
    |add_ln69_1_fu_7273_p2       |         +|   0|  0|  15|           8|           7|
    |add_ln69_2_fu_7326_p2       |         +|   0|  0|  15|           8|           7|
    |add_ln69_3_fu_7359_p2       |         +|   0|  0|  15|           8|           7|
    |add_ln69_fu_6846_p2         |         +|   0|  0|  15|           8|           7|
    |counter_3_fu_10171_p2       |         +|   0|  0|  12|           5|           3|
    |current_size_4_fu_10165_p2  |         +|   0|  0|  15|           8|           3|
    |ap_condition_120881         |       and|   0|  0|   2|           1|           1|
    |ap_condition_120883         |       and|   0|  0|   2|           1|           1|
    |ap_condition_120889         |       and|   0|  0|   2|           1|           1|
    |ap_condition_120893         |       and|   0|  0|   2|           1|           1|
    |ap_condition_120898         |       and|   0|  0|   2|           1|           1|
    |ap_condition_120903         |       and|   0|  0|   2|           1|           1|
    |ap_condition_120908         |       and|   0|  0|   2|           1|           1|
    |ap_condition_120915         |       and|   0|  0|   2|           1|           1|
    |ap_condition_120922         |       and|   0|  0|   2|           1|           1|
    |ap_condition_120929         |       and|   0|  0|   2|           1|           1|
    |ap_condition_120936         |       and|   0|  0|   2|           1|           1|
    |ap_condition_120941         |       and|   0|  0|   2|           1|           1|
    |ap_condition_120946         |       and|   0|  0|   2|           1|           1|
    |ap_condition_120951         |       and|   0|  0|   2|           1|           1|
    |ap_condition_120956         |       and|   0|  0|   2|           1|           1|
    |ap_condition_120961         |       and|   0|  0|   2|           1|           1|
    |ap_condition_120966         |       and|   0|  0|   2|           1|           1|
    |ap_condition_120971         |       and|   0|  0|   2|           1|           1|
    |ap_condition_120976         |       and|   0|  0|   2|           1|           1|
    |ap_condition_120981         |       and|   0|  0|   2|           1|           1|
    |ap_condition_120985         |       and|   0|  0|   2|           1|           1|
    |ap_condition_120989         |       and|   0|  0|   2|           1|           1|
    |ap_condition_120993         |       and|   0|  0|   2|           1|           1|
    |ap_condition_120997         |       and|   0|  0|   2|           1|           1|
    |ap_condition_121001         |       and|   0|  0|   2|           1|           1|
    |ap_condition_121005         |       and|   0|  0|   2|           1|           1|
    |ap_condition_121009         |       and|   0|  0|   2|           1|           1|
    |ap_condition_121013         |       and|   0|  0|   2|           1|           1|
    |ap_condition_121017         |       and|   0|  0|   2|           1|           1|
    |ap_condition_121021         |       and|   0|  0|   2|           1|           1|
    |ap_condition_121025         |       and|   0|  0|   2|           1|           1|
    |ap_condition_121029         |       and|   0|  0|   2|           1|           1|
    |ap_condition_121033         |       and|   0|  0|   2|           1|           1|
    |ap_condition_121037         |       and|   0|  0|   2|           1|           1|
    |ap_condition_121041         |       and|   0|  0|   2|           1|           1|
    |ap_condition_121045         |       and|   0|  0|   2|           1|           1|
    |ap_condition_121049         |       and|   0|  0|   2|           1|           1|
    |ap_condition_121053         |       and|   0|  0|   2|           1|           1|
    |ap_condition_121057         |       and|   0|  0|   2|           1|           1|
    |ap_condition_121061         |       and|   0|  0|   2|           1|           1|
    |ap_condition_121065         |       and|   0|  0|   2|           1|           1|
    |ap_condition_121069         |       and|   0|  0|   2|           1|           1|
    |ap_condition_121073         |       and|   0|  0|   2|           1|           1|
    |ap_condition_121077         |       and|   0|  0|   2|           1|           1|
    |ap_condition_121081         |       and|   0|  0|   2|           1|           1|
    |ap_condition_121085         |       and|   0|  0|   2|           1|           1|
    |ap_condition_121089         |       and|   0|  0|   2|           1|           1|
    |ap_condition_121093         |       and|   0|  0|   2|           1|           1|
    |ap_condition_121097         |       and|   0|  0|   2|           1|           1|
    |ap_condition_121101         |       and|   0|  0|   2|           1|           1|
    |ap_condition_121105         |       and|   0|  0|   2|           1|           1|
    |ap_condition_121109         |       and|   0|  0|   2|           1|           1|
    |ap_condition_121113         |       and|   0|  0|   2|           1|           1|
    |ap_condition_121117         |       and|   0|  0|   2|           1|           1|
    |ap_condition_121121         |       and|   0|  0|   2|           1|           1|
    |ap_condition_121125         |       and|   0|  0|   2|           1|           1|
    |ap_condition_121129         |       and|   0|  0|   2|           1|           1|
    |ap_condition_121133         |       and|   0|  0|   2|           1|           1|
    |ap_condition_121137         |       and|   0|  0|   2|           1|           1|
    |ap_condition_121141         |       and|   0|  0|   2|           1|           1|
    |ap_condition_121145         |       and|   0|  0|   2|           1|           1|
    |ap_condition_121149         |       and|   0|  0|   2|           1|           1|
    |ap_condition_121153         |       and|   0|  0|   2|           1|           1|
    |ap_condition_121157         |       and|   0|  0|   2|           1|           1|
    |ap_condition_121161         |       and|   0|  0|   2|           1|           1|
    |ap_condition_121165         |       and|   0|  0|   2|           1|           1|
    |ap_condition_121169         |       and|   0|  0|   2|           1|           1|
    |ap_condition_121173         |       and|   0|  0|   2|           1|           1|
    |ap_condition_121177         |       and|   0|  0|   2|           1|           1|
    |ap_condition_121181         |       and|   0|  0|   2|           1|           1|
    |ap_condition_121185         |       and|   0|  0|   2|           1|           1|
    |ap_condition_121189         |       and|   0|  0|   2|           1|           1|
    |ap_condition_121193         |       and|   0|  0|   2|           1|           1|
    |ap_condition_121197         |       and|   0|  0|   2|           1|           1|
    |ap_condition_121201         |       and|   0|  0|   2|           1|           1|
    |ap_condition_121205         |       and|   0|  0|   2|           1|           1|
    |ap_condition_121209         |       and|   0|  0|   2|           1|           1|
    |ap_condition_121213         |       and|   0|  0|   2|           1|           1|
    |ap_condition_121217         |       and|   0|  0|   2|           1|           1|
    |ap_condition_121221         |       and|   0|  0|   2|           1|           1|
    |ap_condition_121225         |       and|   0|  0|   2|           1|           1|
    |ap_condition_121229         |       and|   0|  0|   2|           1|           1|
    |ap_condition_121233         |       and|   0|  0|   2|           1|           1|
    |ap_condition_121237         |       and|   0|  0|   2|           1|           1|
    |ap_condition_121240         |       and|   0|  0|   2|           1|           1|
    |ap_condition_121243         |       and|   0|  0|   2|           1|           1|
    |ap_condition_121246         |       and|   0|  0|   2|           1|           1|
    |ap_condition_121249         |       and|   0|  0|   2|           1|           1|
    |ap_condition_121252         |       and|   0|  0|   2|           1|           1|
    |ap_condition_121255         |       and|   0|  0|   2|           1|           1|
    |ap_condition_121258         |       and|   0|  0|   2|           1|           1|
    |ap_condition_121261         |       and|   0|  0|   2|           1|           1|
    |ap_condition_121264         |       and|   0|  0|   2|           1|           1|
    |ap_condition_121267         |       and|   0|  0|   2|           1|           1|
    |ap_condition_121270         |       and|   0|  0|   2|           1|           1|
    |ap_condition_121273         |       and|   0|  0|   2|           1|           1|
    |ap_condition_121276         |       and|   0|  0|   2|           1|           1|
    |ap_condition_121279         |       and|   0|  0|   2|           1|           1|
    |ap_condition_121282         |       and|   0|  0|   2|           1|           1|
    |ap_condition_121285         |       and|   0|  0|   2|           1|           1|
    |ap_condition_121289         |       and|   0|  0|   2|           1|           1|
    |ap_condition_121293         |       and|   0|  0|   2|           1|           1|
    |ap_condition_121297         |       and|   0|  0|   2|           1|           1|
    |ap_condition_121301         |       and|   0|  0|   2|           1|           1|
    |ap_condition_121305         |       and|   0|  0|   2|           1|           1|
    |ap_condition_121309         |       and|   0|  0|   2|           1|           1|
    |ap_condition_121313         |       and|   0|  0|   2|           1|           1|
    |ap_condition_121317         |       and|   0|  0|   2|           1|           1|
    |ap_condition_121321         |       and|   0|  0|   2|           1|           1|
    |ap_condition_121325         |       and|   0|  0|   2|           1|           1|
    |ap_condition_121329         |       and|   0|  0|   2|           1|           1|
    |ap_condition_121333         |       and|   0|  0|   2|           1|           1|
    |ap_condition_121337         |       and|   0|  0|   2|           1|           1|
    |ap_condition_121341         |       and|   0|  0|   2|           1|           1|
    |ap_condition_121345         |       and|   0|  0|   2|           1|           1|
    |ap_condition_121349         |       and|   0|  0|   2|           1|           1|
    |ap_condition_121353         |       and|   0|  0|   2|           1|           1|
    |ap_condition_121357         |       and|   0|  0|   2|           1|           1|
    |ap_condition_121361         |       and|   0|  0|   2|           1|           1|
    |ap_condition_121365         |       and|   0|  0|   2|           1|           1|
    |ap_condition_121369         |       and|   0|  0|   2|           1|           1|
    |ap_condition_121373         |       and|   0|  0|   2|           1|           1|
    |ap_condition_121377         |       and|   0|  0|   2|           1|           1|
    |ap_condition_121381         |       and|   0|  0|   2|           1|           1|
    |ap_condition_121385         |       and|   0|  0|   2|           1|           1|
    |ap_condition_121389         |       and|   0|  0|   2|           1|           1|
    |ap_condition_121393         |       and|   0|  0|   2|           1|           1|
    |ap_condition_121397         |       and|   0|  0|   2|           1|           1|
    |ap_condition_121401         |       and|   0|  0|   2|           1|           1|
    |ap_condition_121405         |       and|   0|  0|   2|           1|           1|
    |ap_condition_121409         |       and|   0|  0|   2|           1|           1|
    |ap_condition_121413         |       and|   0|  0|   2|           1|           1|
    |ap_condition_121417         |       and|   0|  0|   2|           1|           1|
    |ap_condition_121421         |       and|   0|  0|   2|           1|           1|
    |ap_condition_121425         |       and|   0|  0|   2|           1|           1|
    |ap_condition_121429         |       and|   0|  0|   2|           1|           1|
    |ap_condition_121433         |       and|   0|  0|   2|           1|           1|
    |ap_condition_121437         |       and|   0|  0|   2|           1|           1|
    |ap_condition_121441         |       and|   0|  0|   2|           1|           1|
    |ap_condition_121445         |       and|   0|  0|   2|           1|           1|
    |ap_condition_121449         |       and|   0|  0|   2|           1|           1|
    |ap_condition_121453         |       and|   0|  0|   2|           1|           1|
    |ap_condition_121457         |       and|   0|  0|   2|           1|           1|
    |ap_condition_121461         |       and|   0|  0|   2|           1|           1|
    |ap_condition_121465         |       and|   0|  0|   2|           1|           1|
    |ap_condition_121469         |       and|   0|  0|   2|           1|           1|
    |ap_condition_121473         |       and|   0|  0|   2|           1|           1|
    |ap_condition_121477         |       and|   0|  0|   2|           1|           1|
    |ap_condition_121481         |       and|   0|  0|   2|           1|           1|
    |ap_condition_121485         |       and|   0|  0|   2|           1|           1|
    |ap_condition_121489         |       and|   0|  0|   2|           1|           1|
    |ap_condition_121493         |       and|   0|  0|   2|           1|           1|
    |ap_condition_121497         |       and|   0|  0|   2|           1|           1|
    |ap_condition_121501         |       and|   0|  0|   2|           1|           1|
    |ap_condition_121505         |       and|   0|  0|   2|           1|           1|
    |ap_condition_121509         |       and|   0|  0|   2|           1|           1|
    |ap_condition_121513         |       and|   0|  0|   2|           1|           1|
    |ap_condition_121517         |       and|   0|  0|   2|           1|           1|
    |ap_condition_121521         |       and|   0|  0|   2|           1|           1|
    |ap_condition_121525         |       and|   0|  0|   2|           1|           1|
    |ap_condition_121529         |       and|   0|  0|   2|           1|           1|
    |ap_condition_121533         |       and|   0|  0|   2|           1|           1|
    |ap_condition_121537         |       and|   0|  0|   2|           1|           1|
    |ap_condition_121541         |       and|   0|  0|   2|           1|           1|
    |ap_condition_121545         |       and|   0|  0|   2|           1|           1|
    |ap_condition_121549         |       and|   0|  0|   2|           1|           1|
    |ap_condition_121553         |       and|   0|  0|   2|           1|           1|
    |ap_condition_121557         |       and|   0|  0|   2|           1|           1|
    |ap_condition_121561         |       and|   0|  0|   2|           1|           1|
    |ap_condition_121565         |       and|   0|  0|   2|           1|           1|
    |ap_condition_121569         |       and|   0|  0|   2|           1|           1|
    |ap_condition_121573         |       and|   0|  0|   2|           1|           1|
    |ap_condition_121577         |       and|   0|  0|   2|           1|           1|
    |ap_condition_121581         |       and|   0|  0|   2|           1|           1|
    |ap_condition_121585         |       and|   0|  0|   2|           1|           1|
    |ap_condition_121589         |       and|   0|  0|   2|           1|           1|
    |ap_condition_121593         |       and|   0|  0|   2|           1|           1|
    |ap_condition_121597         |       and|   0|  0|   2|           1|           1|
    |ap_condition_121601         |       and|   0|  0|   2|           1|           1|
    |ap_condition_121605         |       and|   0|  0|   2|           1|           1|
    |ap_condition_121609         |       and|   0|  0|   2|           1|           1|
    |ap_condition_121613         |       and|   0|  0|   2|           1|           1|
    |ap_condition_121617         |       and|   0|  0|   2|           1|           1|
    |ap_condition_121621         |       and|   0|  0|   2|           1|           1|
    |ap_condition_121625         |       and|   0|  0|   2|           1|           1|
    |ap_condition_121629         |       and|   0|  0|   2|           1|           1|
    |ap_condition_121633         |       and|   0|  0|   2|           1|           1|
    |ap_condition_121637         |       and|   0|  0|   2|           1|           1|
    |ap_condition_121641         |       and|   0|  0|   2|           1|           1|
    |ap_condition_121645         |       and|   0|  0|   2|           1|           1|
    |ap_condition_121649         |       and|   0|  0|   2|           1|           1|
    |ap_condition_121653         |       and|   0|  0|   2|           1|           1|
    |ap_condition_121657         |       and|   0|  0|   2|           1|           1|
    |ap_condition_121661         |       and|   0|  0|   2|           1|           1|
    |ap_condition_121665         |       and|   0|  0|   2|           1|           1|
    |ap_condition_121669         |       and|   0|  0|   2|           1|           1|
    |ap_condition_121673         |       and|   0|  0|   2|           1|           1|
    |ap_condition_121677         |       and|   0|  0|   2|           1|           1|
    |ap_condition_121681         |       and|   0|  0|   2|           1|           1|
    |ap_condition_121685         |       and|   0|  0|   2|           1|           1|
    |ap_condition_121689         |       and|   0|  0|   2|           1|           1|
    |ap_condition_121693         |       and|   0|  0|   2|           1|           1|
    |ap_condition_121697         |       and|   0|  0|   2|           1|           1|
    |ap_condition_121701         |       and|   0|  0|   2|           1|           1|
    |ap_condition_121705         |       and|   0|  0|   2|           1|           1|
    |ap_condition_121709         |       and|   0|  0|   2|           1|           1|
    |ap_condition_121713         |       and|   0|  0|   2|           1|           1|
    |ap_condition_121717         |       and|   0|  0|   2|           1|           1|
    |ap_condition_121721         |       and|   0|  0|   2|           1|           1|
    |ap_condition_121725         |       and|   0|  0|   2|           1|           1|
    |ap_condition_121729         |       and|   0|  0|   2|           1|           1|
    |ap_condition_121733         |       and|   0|  0|   2|           1|           1|
    |ap_condition_121737         |       and|   0|  0|   2|           1|           1|
    |ap_condition_121741         |       and|   0|  0|   2|           1|           1|
    |ap_condition_121745         |       and|   0|  0|   2|           1|           1|
    |ap_condition_121749         |       and|   0|  0|   2|           1|           1|
    |ap_condition_121753         |       and|   0|  0|   2|           1|           1|
    |ap_condition_121757         |       and|   0|  0|   2|           1|           1|
    |ap_condition_121761         |       and|   0|  0|   2|           1|           1|
    |ap_condition_121765         |       and|   0|  0|   2|           1|           1|
    |ap_condition_121769         |       and|   0|  0|   2|           1|           1|
    |ap_condition_121773         |       and|   0|  0|   2|           1|           1|
    |ap_condition_121777         |       and|   0|  0|   2|           1|           1|
    |ap_condition_121781         |       and|   0|  0|   2|           1|           1|
    |ap_condition_121785         |       and|   0|  0|   2|           1|           1|
    |ap_condition_121789         |       and|   0|  0|   2|           1|           1|
    |ap_condition_121793         |       and|   0|  0|   2|           1|           1|
    |ap_condition_121797         |       and|   0|  0|   2|           1|           1|
    |icmp_ln115_fu_6655_p2       |      icmp|   0|  0|  10|           3|           3|
    |icmp_ln137_fu_6661_p2       |      icmp|   0|  0|  10|           3|           2|
    |icmp_ln27_fu_6631_p2        |      icmp|   0|  0|  10|           3|           2|
    |icmp_ln40_fu_4278_p2        |      icmp|   0|  0|  10|           3|           1|
    |icmp_ln48_fu_6609_p2        |      icmp|   0|  0|  12|           5|           1|
    |icmp_ln49_fu_6637_p2        |      icmp|   0|  0|  10|           3|           2|
    |icmp_ln58_fu_6696_p2        |      icmp|   0|  0|  13|           5|           6|
    |icmp_ln71_fu_6643_p2        |      icmp|   0|  0|  12|           3|           4|
    |icmp_ln93_fu_6649_p2        |      icmp|   0|  0|  10|           3|           3|
    |return_value_fu_6625_p2     |      icmp|   0|  0|  12|           4|           3|
    |ap_enable_pp0               |       xor|   0|  0|   2|           1|           2|
    |temp_word_4_fu_6689_p2      |       xor|   0|  0|   8|           8|           8|
    |xor_ln69_1_fu_8196_p2       |       xor|   0|  0|   8|           8|           8|
    |xor_ln69_2_fu_9023_p2       |       xor|   0|  0|   8|           8|           8|
    |xor_ln69_3_fu_9850_p2       |       xor|   0|  0|   8|           8|           8|
    |xor_ln69_fu_7230_p2         |       xor|   0|  0|   8|           8|           8|
    +----------------------------+----------+----+---+----+------------+------------+
    |Total                       |          |   0|  0| 769|         377|         350|
    +----------------------------+----------+----+---+----+------------+------------+

    * Multiplexer: 
    +----------------------------------------+----+-----------+-----+-----------+
    |                  Name                  | LUT| Input Size| Bits| Total Bits|
    +----------------------------------------+----+-----------+-----+-----------+
    |ap_done_int                             |   9|          2|    1|          2|
    |ap_enable_reg_pp0_iter1                 |   9|          2|    1|          2|
    |ap_phi_mux_temp_word_10_phi_fu_2976_p4  |  14|          3|    8|         24|
    |ap_phi_mux_temp_word_11_phi_fu_2967_p4  |  14|          3|    8|         24|
    |ap_phi_mux_temp_word_16_phi_fu_3033_p4  |  14|          3|    8|         24|
    |ap_phi_mux_temp_word_17_phi_fu_3023_p4  |  14|          3|    8|         24|
    |ap_phi_mux_temp_word_18_phi_fu_3013_p4  |  14|          3|    8|         24|
    |ap_phi_mux_temp_word_19_phi_fu_3003_p4  |  14|          3|    8|         24|
    |ap_phi_mux_temp_word_8_phi_fu_2994_p4   |  14|          3|    8|         24|
    |ap_phi_mux_temp_word_9_phi_fu_2985_p4   |  14|          3|    8|         24|
    |counter_fu_614                          |   9|          2|    5|         10|
    |current_size_1_fu_618                   |   9|          2|    8|         16|
    |grp_sbox_fu_3040_input_r                |  14|          3|    8|         24|
    |grp_sbox_fu_3046_input_r                |  14|          3|    8|         24|
    |grp_sbox_fu_3051_input_r                |  14|          3|    8|         24|
    |key_10_0_0_fu_938                       |   9|          2|    8|         16|
    |key_10_10_0_fu_898                      |   9|          2|    8|         16|
    |key_10_11_0_fu_894                      |   9|          2|    8|         16|
    |key_10_12_0_fu_890                      |   9|          2|    8|         16|
    |key_10_13_0_fu_886                      |   9|          2|    8|         16|
    |key_10_14_0_fu_882                      |   9|          2|    8|         16|
    |key_10_15_0_fu_878                      |   9|          2|    8|         16|
    |key_10_1_0_fu_934                       |   9|          2|    8|         16|
    |key_10_2_0_fu_930                       |   9|          2|    8|         16|
    |key_10_3_0_fu_926                       |   9|          2|    8|         16|
    |key_10_4_0_fu_922                       |   9|          2|    8|         16|
    |key_10_5_0_fu_918                       |   9|          2|    8|         16|
    |key_10_6_0_fu_914                       |   9|          2|    8|         16|
    |key_10_7_0_fu_910                       |   9|          2|    8|         16|
    |key_10_8_0_fu_906                       |   9|          2|    8|         16|
    |key_10_9_0_fu_902                       |   9|          2|    8|         16|
    |key_11_0_0_fu_874                       |   9|          2|    8|         16|
    |key_11_10_0_fu_834                      |   9|          2|    8|         16|
    |key_11_11_0_fu_830                      |   9|          2|    8|         16|
    |key_11_12_0_fu_826                      |   9|          2|    8|         16|
    |key_11_13_0_fu_822                      |   9|          2|    8|         16|
    |key_11_14_0_fu_818                      |   9|          2|    8|         16|
    |key_11_15_0_fu_814                      |   9|          2|    8|         16|
    |key_11_1_0_fu_870                       |   9|          2|    8|         16|
    |key_11_2_0_fu_866                       |   9|          2|    8|         16|
    |key_11_3_0_fu_862                       |   9|          2|    8|         16|
    |key_11_4_0_fu_858                       |   9|          2|    8|         16|
    |key_11_5_0_fu_854                       |   9|          2|    8|         16|
    |key_11_6_0_fu_850                       |   9|          2|    8|         16|
    |key_11_7_0_fu_846                       |   9|          2|    8|         16|
    |key_11_8_0_fu_842                       |   9|          2|    8|         16|
    |key_11_9_0_fu_838                       |   9|          2|    8|         16|
    |key_12_0_0_fu_810                       |   9|          2|    8|         16|
    |key_12_10_0_fu_770                      |   9|          2|    8|         16|
    |key_12_11_0_fu_766                      |   9|          2|    8|         16|
    |key_12_12_0_fu_762                      |   9|          2|    8|         16|
    |key_12_13_0_fu_758                      |   9|          2|    8|         16|
    |key_12_14_0_fu_754                      |   9|          2|    8|         16|
    |key_12_15_0_fu_750                      |   9|          2|    8|         16|
    |key_12_1_0_fu_806                       |   9|          2|    8|         16|
    |key_12_2_0_fu_802                       |   9|          2|    8|         16|
    |key_12_3_0_fu_798                       |   9|          2|    8|         16|
    |key_12_4_0_fu_794                       |   9|          2|    8|         16|
    |key_12_5_0_fu_790                       |   9|          2|    8|         16|
    |key_12_6_0_fu_786                       |   9|          2|    8|         16|
    |key_12_7_0_fu_782                       |   9|          2|    8|         16|
    |key_12_8_0_fu_778                       |   9|          2|    8|         16|
    |key_12_9_0_fu_774                       |   9|          2|    8|         16|
    |key_13_0_0_fu_746                       |   9|          2|    8|         16|
    |key_13_10_0_fu_706                      |   9|          2|    8|         16|
    |key_13_11_0_fu_702                      |   9|          2|    8|         16|
    |key_13_12_0_fu_698                      |   9|          2|    8|         16|
    |key_13_13_0_fu_694                      |   9|          2|    8|         16|
    |key_13_14_0_fu_690                      |   9|          2|    8|         16|
    |key_13_15_0_fu_686                      |   9|          2|    8|         16|
    |key_13_1_0_fu_742                       |   9|          2|    8|         16|
    |key_13_2_0_fu_738                       |   9|          2|    8|         16|
    |key_13_3_0_fu_734                       |   9|          2|    8|         16|
    |key_13_4_0_fu_730                       |   9|          2|    8|         16|
    |key_13_5_0_fu_726                       |   9|          2|    8|         16|
    |key_13_6_0_fu_722                       |   9|          2|    8|         16|
    |key_13_7_0_fu_718                       |   9|          2|    8|         16|
    |key_13_8_0_fu_714                       |   9|          2|    8|         16|
    |key_13_9_0_fu_710                       |   9|          2|    8|         16|
    |key_14_0_0_fu_682                       |   9|          2|    8|         16|
    |key_14_10_0_fu_642                      |   9|          2|    8|         16|
    |key_14_11_0_fu_638                      |   9|          2|    8|         16|
    |key_14_12_0_fu_634                      |   9|          2|    8|         16|
    |key_14_13_0_fu_630                      |   9|          2|    8|         16|
    |key_14_14_0_fu_626                      |   9|          2|    8|         16|
    |key_14_15_0_fu_622                      |   9|          2|    8|         16|
    |key_14_1_0_fu_678                       |   9|          2|    8|         16|
    |key_14_2_0_fu_674                       |   9|          2|    8|         16|
    |key_14_3_0_fu_670                       |   9|          2|    8|         16|
    |key_14_4_0_fu_666                       |   9|          2|    8|         16|
    |key_14_5_0_fu_662                       |   9|          2|    8|         16|
    |key_14_6_0_fu_658                       |   9|          2|    8|         16|
    |key_14_7_0_fu_654                       |   9|          2|    8|         16|
    |key_14_8_0_fu_650                       |   9|          2|    8|         16|
    |key_14_9_0_fu_646                       |   9|          2|    8|         16|
    |key_1_0_0_fu_1514                       |   9|          2|    8|         16|
    |key_1_10_0_fu_1474                      |   9|          2|    8|         16|
    |key_1_11_0_fu_1470                      |   9|          2|    8|         16|
    |key_1_12_0_fu_1466                      |   9|          2|    8|         16|
    |key_1_13_0_fu_1462                      |   9|          2|    8|         16|
    |key_1_14_0_fu_1458                      |   9|          2|    8|         16|
    |key_1_15_0_fu_1454                      |   9|          2|    8|         16|
    |key_1_1_0_fu_1510                       |   9|          2|    8|         16|
    |key_1_2_0_fu_1506                       |   9|          2|    8|         16|
    |key_1_3_0_fu_1502                       |   9|          2|    8|         16|
    |key_1_4_0_fu_1498                       |   9|          2|    8|         16|
    |key_1_5_0_fu_1494                       |   9|          2|    8|         16|
    |key_1_6_0_fu_1490                       |   9|          2|    8|         16|
    |key_1_7_0_fu_1486                       |   9|          2|    8|         16|
    |key_1_8_0_fu_1482                       |   9|          2|    8|         16|
    |key_1_9_0_fu_1478                       |   9|          2|    8|         16|
    |key_2_0_0_fu_1450                       |   9|          2|    8|         16|
    |key_2_10_0_fu_1410                      |   9|          2|    8|         16|
    |key_2_11_0_fu_1406                      |   9|          2|    8|         16|
    |key_2_12_0_fu_1402                      |   9|          2|    8|         16|
    |key_2_13_0_fu_1398                      |   9|          2|    8|         16|
    |key_2_14_0_fu_1394                      |   9|          2|    8|         16|
    |key_2_15_0_fu_1390                      |   9|          2|    8|         16|
    |key_2_1_0_fu_1446                       |   9|          2|    8|         16|
    |key_2_2_0_fu_1442                       |   9|          2|    8|         16|
    |key_2_3_0_fu_1438                       |   9|          2|    8|         16|
    |key_2_4_0_fu_1434                       |   9|          2|    8|         16|
    |key_2_5_0_fu_1430                       |   9|          2|    8|         16|
    |key_2_6_0_fu_1426                       |   9|          2|    8|         16|
    |key_2_7_0_fu_1422                       |   9|          2|    8|         16|
    |key_2_8_0_fu_1418                       |   9|          2|    8|         16|
    |key_2_9_0_fu_1414                       |   9|          2|    8|         16|
    |key_3_0_0_fu_1386                       |   9|          2|    8|         16|
    |key_3_10_0_fu_1346                      |   9|          2|    8|         16|
    |key_3_11_0_fu_1342                      |   9|          2|    8|         16|
    |key_3_12_0_fu_1338                      |   9|          2|    8|         16|
    |key_3_13_0_fu_1334                      |   9|          2|    8|         16|
    |key_3_14_0_fu_1330                      |   9|          2|    8|         16|
    |key_3_15_0_fu_1326                      |   9|          2|    8|         16|
    |key_3_1_0_fu_1382                       |   9|          2|    8|         16|
    |key_3_2_0_fu_1378                       |   9|          2|    8|         16|
    |key_3_3_0_fu_1374                       |   9|          2|    8|         16|
    |key_3_4_0_fu_1370                       |   9|          2|    8|         16|
    |key_3_5_0_fu_1366                       |   9|          2|    8|         16|
    |key_3_6_0_fu_1362                       |   9|          2|    8|         16|
    |key_3_7_0_fu_1358                       |   9|          2|    8|         16|
    |key_3_8_0_fu_1354                       |   9|          2|    8|         16|
    |key_3_9_0_fu_1350                       |   9|          2|    8|         16|
    |key_4_0_0_fu_1322                       |   9|          2|    8|         16|
    |key_4_10_0_fu_1282                      |   9|          2|    8|         16|
    |key_4_11_0_fu_1278                      |   9|          2|    8|         16|
    |key_4_12_0_fu_1274                      |   9|          2|    8|         16|
    |key_4_13_0_fu_1270                      |   9|          2|    8|         16|
    |key_4_14_0_fu_1266                      |   9|          2|    8|         16|
    |key_4_15_0_fu_1262                      |   9|          2|    8|         16|
    |key_4_1_0_fu_1318                       |   9|          2|    8|         16|
    |key_4_2_0_fu_1314                       |   9|          2|    8|         16|
    |key_4_3_0_fu_1310                       |   9|          2|    8|         16|
    |key_4_4_0_fu_1306                       |   9|          2|    8|         16|
    |key_4_5_0_fu_1302                       |   9|          2|    8|         16|
    |key_4_6_0_fu_1298                       |   9|          2|    8|         16|
    |key_4_7_0_fu_1294                       |   9|          2|    8|         16|
    |key_4_8_0_fu_1290                       |   9|          2|    8|         16|
    |key_4_9_0_fu_1286                       |   9|          2|    8|         16|
    |key_5_0_0_fu_1258                       |   9|          2|    8|         16|
    |key_5_10_0_fu_1218                      |   9|          2|    8|         16|
    |key_5_11_0_fu_1214                      |   9|          2|    8|         16|
    |key_5_12_0_fu_1210                      |   9|          2|    8|         16|
    |key_5_13_0_fu_1206                      |   9|          2|    8|         16|
    |key_5_14_0_fu_1202                      |   9|          2|    8|         16|
    |key_5_15_0_fu_1198                      |   9|          2|    8|         16|
    |key_5_1_0_fu_1254                       |   9|          2|    8|         16|
    |key_5_2_0_fu_1250                       |   9|          2|    8|         16|
    |key_5_3_0_fu_1246                       |   9|          2|    8|         16|
    |key_5_4_0_fu_1242                       |   9|          2|    8|         16|
    |key_5_5_0_fu_1238                       |   9|          2|    8|         16|
    |key_5_6_0_fu_1234                       |   9|          2|    8|         16|
    |key_5_7_0_fu_1230                       |   9|          2|    8|         16|
    |key_5_8_0_fu_1226                       |   9|          2|    8|         16|
    |key_5_9_0_fu_1222                       |   9|          2|    8|         16|
    |key_6_0_0_fu_1194                       |   9|          2|    8|         16|
    |key_6_10_0_fu_1154                      |   9|          2|    8|         16|
    |key_6_11_0_fu_1150                      |   9|          2|    8|         16|
    |key_6_12_0_fu_1146                      |   9|          2|    8|         16|
    |key_6_13_0_fu_1142                      |   9|          2|    8|         16|
    |key_6_14_0_fu_1138                      |   9|          2|    8|         16|
    |key_6_15_0_fu_1134                      |   9|          2|    8|         16|
    |key_6_1_0_fu_1190                       |   9|          2|    8|         16|
    |key_6_2_0_fu_1186                       |   9|          2|    8|         16|
    |key_6_3_0_fu_1182                       |   9|          2|    8|         16|
    |key_6_4_0_fu_1178                       |   9|          2|    8|         16|
    |key_6_5_0_fu_1174                       |   9|          2|    8|         16|
    |key_6_6_0_fu_1170                       |   9|          2|    8|         16|
    |key_6_7_0_fu_1166                       |   9|          2|    8|         16|
    |key_6_8_0_fu_1162                       |   9|          2|    8|         16|
    |key_6_9_0_fu_1158                       |   9|          2|    8|         16|
    |key_7_0_0_fu_1130                       |   9|          2|    8|         16|
    |key_7_10_0_fu_1090                      |   9|          2|    8|         16|
    |key_7_11_0_fu_1086                      |   9|          2|    8|         16|
    |key_7_12_0_fu_1082                      |   9|          2|    8|         16|
    |key_7_13_0_fu_1078                      |   9|          2|    8|         16|
    |key_7_14_0_fu_1074                      |   9|          2|    8|         16|
    |key_7_15_0_fu_1070                      |   9|          2|    8|         16|
    |key_7_1_0_fu_1126                       |   9|          2|    8|         16|
    |key_7_2_0_fu_1122                       |   9|          2|    8|         16|
    |key_7_3_0_fu_1118                       |   9|          2|    8|         16|
    |key_7_4_0_fu_1114                       |   9|          2|    8|         16|
    |key_7_5_0_fu_1110                       |   9|          2|    8|         16|
    |key_7_6_0_fu_1106                       |   9|          2|    8|         16|
    |key_7_7_0_fu_1102                       |   9|          2|    8|         16|
    |key_7_8_0_fu_1098                       |   9|          2|    8|         16|
    |key_7_9_0_fu_1094                       |   9|          2|    8|         16|
    |key_8_0_0_fu_1066                       |   9|          2|    8|         16|
    |key_8_10_0_fu_1026                      |   9|          2|    8|         16|
    |key_8_11_0_fu_1022                      |   9|          2|    8|         16|
    |key_8_12_0_fu_1018                      |   9|          2|    8|         16|
    |key_8_13_0_fu_1014                      |   9|          2|    8|         16|
    |key_8_14_0_fu_1010                      |   9|          2|    8|         16|
    |key_8_15_0_fu_1006                      |   9|          2|    8|         16|
    |key_8_1_0_fu_1062                       |   9|          2|    8|         16|
    |key_8_2_0_fu_1058                       |   9|          2|    8|         16|
    |key_8_3_0_fu_1054                       |   9|          2|    8|         16|
    |key_8_4_0_fu_1050                       |   9|          2|    8|         16|
    |key_8_5_0_fu_1046                       |   9|          2|    8|         16|
    |key_8_6_0_fu_1042                       |   9|          2|    8|         16|
    |key_8_7_0_fu_1038                       |   9|          2|    8|         16|
    |key_8_8_0_fu_1034                       |   9|          2|    8|         16|
    |key_8_9_0_fu_1030                       |   9|          2|    8|         16|
    |key_9_0_0_fu_1002                       |   9|          2|    8|         16|
    |key_9_10_0_fu_962                       |   9|          2|    8|         16|
    |key_9_11_0_fu_958                       |   9|          2|    8|         16|
    |key_9_12_0_fu_954                       |   9|          2|    8|         16|
    |key_9_13_0_fu_950                       |   9|          2|    8|         16|
    |key_9_14_0_fu_946                       |   9|          2|    8|         16|
    |key_9_15_0_fu_942                       |   9|          2|    8|         16|
    |key_9_1_0_fu_998                        |   9|          2|    8|         16|
    |key_9_2_0_fu_994                        |   9|          2|    8|         16|
    |key_9_3_0_fu_990                        |   9|          2|    8|         16|
    |key_9_4_0_fu_986                        |   9|          2|    8|         16|
    |key_9_5_0_fu_982                        |   9|          2|    8|         16|
    |key_9_6_0_fu_978                        |   9|          2|    8|         16|
    |key_9_7_0_fu_974                        |   9|          2|    8|         16|
    |key_9_8_0_fu_970                        |   9|          2|    8|         16|
    |key_9_9_0_fu_966                        |   9|          2|    8|         16|
    +----------------------------------------+----+-----------+-----+-----------+
    |Total                                   |2206|        489| 1895|       3878|
    +----------------------------------------+----+-----------+-----+-----------+

    * Register: 
    +-------------------------+----+----+-----+-----------+
    |           Name          | FF | LUT| Bits| Const Bits|
    +-------------------------+----+----+-----+-----------+
    |ap_CS_fsm                |   1|   0|    1|          0|
    |ap_done_reg              |   1|   0|    1|          0|
    |ap_enable_reg_pp0_iter1  |   1|   0|    1|          0|
    |counter_fu_614           |   5|   0|    5|          0|
    |current_size_1_fu_618    |   8|   0|    8|          0|
    |key_10_0_0_fu_938        |   8|   0|    8|          0|
    |key_10_10_0_fu_898       |   8|   0|    8|          0|
    |key_10_11_0_fu_894       |   8|   0|    8|          0|
    |key_10_12_0_fu_890       |   8|   0|    8|          0|
    |key_10_13_0_fu_886       |   8|   0|    8|          0|
    |key_10_14_0_fu_882       |   8|   0|    8|          0|
    |key_10_15_0_fu_878       |   8|   0|    8|          0|
    |key_10_1_0_fu_934        |   8|   0|    8|          0|
    |key_10_2_0_fu_930        |   8|   0|    8|          0|
    |key_10_3_0_fu_926        |   8|   0|    8|          0|
    |key_10_4_0_fu_922        |   8|   0|    8|          0|
    |key_10_5_0_fu_918        |   8|   0|    8|          0|
    |key_10_6_0_fu_914        |   8|   0|    8|          0|
    |key_10_7_0_fu_910        |   8|   0|    8|          0|
    |key_10_8_0_fu_906        |   8|   0|    8|          0|
    |key_10_9_0_fu_902        |   8|   0|    8|          0|
    |key_11_0_0_fu_874        |   8|   0|    8|          0|
    |key_11_10_0_fu_834       |   8|   0|    8|          0|
    |key_11_11_0_fu_830       |   8|   0|    8|          0|
    |key_11_12_0_fu_826       |   8|   0|    8|          0|
    |key_11_13_0_fu_822       |   8|   0|    8|          0|
    |key_11_14_0_fu_818       |   8|   0|    8|          0|
    |key_11_15_0_fu_814       |   8|   0|    8|          0|
    |key_11_1_0_fu_870        |   8|   0|    8|          0|
    |key_11_2_0_fu_866        |   8|   0|    8|          0|
    |key_11_3_0_fu_862        |   8|   0|    8|          0|
    |key_11_4_0_fu_858        |   8|   0|    8|          0|
    |key_11_5_0_fu_854        |   8|   0|    8|          0|
    |key_11_6_0_fu_850        |   8|   0|    8|          0|
    |key_11_7_0_fu_846        |   8|   0|    8|          0|
    |key_11_8_0_fu_842        |   8|   0|    8|          0|
    |key_11_9_0_fu_838        |   8|   0|    8|          0|
    |key_12_0_0_fu_810        |   8|   0|    8|          0|
    |key_12_10_0_fu_770       |   8|   0|    8|          0|
    |key_12_11_0_fu_766       |   8|   0|    8|          0|
    |key_12_12_0_fu_762       |   8|   0|    8|          0|
    |key_12_13_0_fu_758       |   8|   0|    8|          0|
    |key_12_14_0_fu_754       |   8|   0|    8|          0|
    |key_12_15_0_fu_750       |   8|   0|    8|          0|
    |key_12_1_0_fu_806        |   8|   0|    8|          0|
    |key_12_2_0_fu_802        |   8|   0|    8|          0|
    |key_12_3_0_fu_798        |   8|   0|    8|          0|
    |key_12_4_0_fu_794        |   8|   0|    8|          0|
    |key_12_5_0_fu_790        |   8|   0|    8|          0|
    |key_12_6_0_fu_786        |   8|   0|    8|          0|
    |key_12_7_0_fu_782        |   8|   0|    8|          0|
    |key_12_8_0_fu_778        |   8|   0|    8|          0|
    |key_12_9_0_fu_774        |   8|   0|    8|          0|
    |key_13_0_0_fu_746        |   8|   0|    8|          0|
    |key_13_10_0_fu_706       |   8|   0|    8|          0|
    |key_13_11_0_fu_702       |   8|   0|    8|          0|
    |key_13_12_0_fu_698       |   8|   0|    8|          0|
    |key_13_13_0_fu_694       |   8|   0|    8|          0|
    |key_13_14_0_fu_690       |   8|   0|    8|          0|
    |key_13_15_0_fu_686       |   8|   0|    8|          0|
    |key_13_1_0_fu_742        |   8|   0|    8|          0|
    |key_13_2_0_fu_738        |   8|   0|    8|          0|
    |key_13_3_0_fu_734        |   8|   0|    8|          0|
    |key_13_4_0_fu_730        |   8|   0|    8|          0|
    |key_13_5_0_fu_726        |   8|   0|    8|          0|
    |key_13_6_0_fu_722        |   8|   0|    8|          0|
    |key_13_7_0_fu_718        |   8|   0|    8|          0|
    |key_13_8_0_fu_714        |   8|   0|    8|          0|
    |key_13_9_0_fu_710        |   8|   0|    8|          0|
    |key_14_0_0_fu_682        |   8|   0|    8|          0|
    |key_14_10_0_fu_642       |   8|   0|    8|          0|
    |key_14_11_0_fu_638       |   8|   0|    8|          0|
    |key_14_12_0_fu_634       |   8|   0|    8|          0|
    |key_14_13_0_fu_630       |   8|   0|    8|          0|
    |key_14_14_0_fu_626       |   8|   0|    8|          0|
    |key_14_15_0_fu_622       |   8|   0|    8|          0|
    |key_14_1_0_fu_678        |   8|   0|    8|          0|
    |key_14_2_0_fu_674        |   8|   0|    8|          0|
    |key_14_3_0_fu_670        |   8|   0|    8|          0|
    |key_14_4_0_fu_666        |   8|   0|    8|          0|
    |key_14_5_0_fu_662        |   8|   0|    8|          0|
    |key_14_6_0_fu_658        |   8|   0|    8|          0|
    |key_14_7_0_fu_654        |   8|   0|    8|          0|
    |key_14_8_0_fu_650        |   8|   0|    8|          0|
    |key_14_9_0_fu_646        |   8|   0|    8|          0|
    |key_1_0_0_fu_1514        |   8|   0|    8|          0|
    |key_1_10_0_fu_1474       |   8|   0|    8|          0|
    |key_1_11_0_fu_1470       |   8|   0|    8|          0|
    |key_1_12_0_fu_1466       |   8|   0|    8|          0|
    |key_1_13_0_fu_1462       |   8|   0|    8|          0|
    |key_1_14_0_fu_1458       |   8|   0|    8|          0|
    |key_1_15_0_fu_1454       |   8|   0|    8|          0|
    |key_1_1_0_fu_1510        |   8|   0|    8|          0|
    |key_1_2_0_fu_1506        |   8|   0|    8|          0|
    |key_1_3_0_fu_1502        |   8|   0|    8|          0|
    |key_1_4_0_fu_1498        |   8|   0|    8|          0|
    |key_1_5_0_fu_1494        |   8|   0|    8|          0|
    |key_1_6_0_fu_1490        |   8|   0|    8|          0|
    |key_1_7_0_fu_1486        |   8|   0|    8|          0|
    |key_1_8_0_fu_1482        |   8|   0|    8|          0|
    |key_1_9_0_fu_1478        |   8|   0|    8|          0|
    |key_2_0_0_fu_1450        |   8|   0|    8|          0|
    |key_2_10_0_fu_1410       |   8|   0|    8|          0|
    |key_2_11_0_fu_1406       |   8|   0|    8|          0|
    |key_2_12_0_fu_1402       |   8|   0|    8|          0|
    |key_2_13_0_fu_1398       |   8|   0|    8|          0|
    |key_2_14_0_fu_1394       |   8|   0|    8|          0|
    |key_2_15_0_fu_1390       |   8|   0|    8|          0|
    |key_2_1_0_fu_1446        |   8|   0|    8|          0|
    |key_2_2_0_fu_1442        |   8|   0|    8|          0|
    |key_2_3_0_fu_1438        |   8|   0|    8|          0|
    |key_2_4_0_fu_1434        |   8|   0|    8|          0|
    |key_2_5_0_fu_1430        |   8|   0|    8|          0|
    |key_2_6_0_fu_1426        |   8|   0|    8|          0|
    |key_2_7_0_fu_1422        |   8|   0|    8|          0|
    |key_2_8_0_fu_1418        |   8|   0|    8|          0|
    |key_2_9_0_fu_1414        |   8|   0|    8|          0|
    |key_3_0_0_fu_1386        |   8|   0|    8|          0|
    |key_3_10_0_fu_1346       |   8|   0|    8|          0|
    |key_3_11_0_fu_1342       |   8|   0|    8|          0|
    |key_3_12_0_fu_1338       |   8|   0|    8|          0|
    |key_3_13_0_fu_1334       |   8|   0|    8|          0|
    |key_3_14_0_fu_1330       |   8|   0|    8|          0|
    |key_3_15_0_fu_1326       |   8|   0|    8|          0|
    |key_3_1_0_fu_1382        |   8|   0|    8|          0|
    |key_3_2_0_fu_1378        |   8|   0|    8|          0|
    |key_3_3_0_fu_1374        |   8|   0|    8|          0|
    |key_3_4_0_fu_1370        |   8|   0|    8|          0|
    |key_3_5_0_fu_1366        |   8|   0|    8|          0|
    |key_3_6_0_fu_1362        |   8|   0|    8|          0|
    |key_3_7_0_fu_1358        |   8|   0|    8|          0|
    |key_3_8_0_fu_1354        |   8|   0|    8|          0|
    |key_3_9_0_fu_1350        |   8|   0|    8|          0|
    |key_4_0_0_fu_1322        |   8|   0|    8|          0|
    |key_4_10_0_fu_1282       |   8|   0|    8|          0|
    |key_4_11_0_fu_1278       |   8|   0|    8|          0|
    |key_4_12_0_fu_1274       |   8|   0|    8|          0|
    |key_4_13_0_fu_1270       |   8|   0|    8|          0|
    |key_4_14_0_fu_1266       |   8|   0|    8|          0|
    |key_4_15_0_fu_1262       |   8|   0|    8|          0|
    |key_4_1_0_fu_1318        |   8|   0|    8|          0|
    |key_4_2_0_fu_1314        |   8|   0|    8|          0|
    |key_4_3_0_fu_1310        |   8|   0|    8|          0|
    |key_4_4_0_fu_1306        |   8|   0|    8|          0|
    |key_4_5_0_fu_1302        |   8|   0|    8|          0|
    |key_4_6_0_fu_1298        |   8|   0|    8|          0|
    |key_4_7_0_fu_1294        |   8|   0|    8|          0|
    |key_4_8_0_fu_1290        |   8|   0|    8|          0|
    |key_4_9_0_fu_1286        |   8|   0|    8|          0|
    |key_5_0_0_fu_1258        |   8|   0|    8|          0|
    |key_5_10_0_fu_1218       |   8|   0|    8|          0|
    |key_5_11_0_fu_1214       |   8|   0|    8|          0|
    |key_5_12_0_fu_1210       |   8|   0|    8|          0|
    |key_5_13_0_fu_1206       |   8|   0|    8|          0|
    |key_5_14_0_fu_1202       |   8|   0|    8|          0|
    |key_5_15_0_fu_1198       |   8|   0|    8|          0|
    |key_5_1_0_fu_1254        |   8|   0|    8|          0|
    |key_5_2_0_fu_1250        |   8|   0|    8|          0|
    |key_5_3_0_fu_1246        |   8|   0|    8|          0|
    |key_5_4_0_fu_1242        |   8|   0|    8|          0|
    |key_5_5_0_fu_1238        |   8|   0|    8|          0|
    |key_5_6_0_fu_1234        |   8|   0|    8|          0|
    |key_5_7_0_fu_1230        |   8|   0|    8|          0|
    |key_5_8_0_fu_1226        |   8|   0|    8|          0|
    |key_5_9_0_fu_1222        |   8|   0|    8|          0|
    |key_6_0_0_fu_1194        |   8|   0|    8|          0|
    |key_6_10_0_fu_1154       |   8|   0|    8|          0|
    |key_6_11_0_fu_1150       |   8|   0|    8|          0|
    |key_6_12_0_fu_1146       |   8|   0|    8|          0|
    |key_6_13_0_fu_1142       |   8|   0|    8|          0|
    |key_6_14_0_fu_1138       |   8|   0|    8|          0|
    |key_6_15_0_fu_1134       |   8|   0|    8|          0|
    |key_6_1_0_fu_1190        |   8|   0|    8|          0|
    |key_6_2_0_fu_1186        |   8|   0|    8|          0|
    |key_6_3_0_fu_1182        |   8|   0|    8|          0|
    |key_6_4_0_fu_1178        |   8|   0|    8|          0|
    |key_6_5_0_fu_1174        |   8|   0|    8|          0|
    |key_6_6_0_fu_1170        |   8|   0|    8|          0|
    |key_6_7_0_fu_1166        |   8|   0|    8|          0|
    |key_6_8_0_fu_1162        |   8|   0|    8|          0|
    |key_6_9_0_fu_1158        |   8|   0|    8|          0|
    |key_7_0_0_fu_1130        |   8|   0|    8|          0|
    |key_7_10_0_fu_1090       |   8|   0|    8|          0|
    |key_7_11_0_fu_1086       |   8|   0|    8|          0|
    |key_7_12_0_fu_1082       |   8|   0|    8|          0|
    |key_7_13_0_fu_1078       |   8|   0|    8|          0|
    |key_7_14_0_fu_1074       |   8|   0|    8|          0|
    |key_7_15_0_fu_1070       |   8|   0|    8|          0|
    |key_7_1_0_fu_1126        |   8|   0|    8|          0|
    |key_7_2_0_fu_1122        |   8|   0|    8|          0|
    |key_7_3_0_fu_1118        |   8|   0|    8|          0|
    |key_7_4_0_fu_1114        |   8|   0|    8|          0|
    |key_7_5_0_fu_1110        |   8|   0|    8|          0|
    |key_7_6_0_fu_1106        |   8|   0|    8|          0|
    |key_7_7_0_fu_1102        |   8|   0|    8|          0|
    |key_7_8_0_fu_1098        |   8|   0|    8|          0|
    |key_7_9_0_fu_1094        |   8|   0|    8|          0|
    |key_8_0_0_fu_1066        |   8|   0|    8|          0|
    |key_8_10_0_fu_1026       |   8|   0|    8|          0|
    |key_8_11_0_fu_1022       |   8|   0|    8|          0|
    |key_8_12_0_fu_1018       |   8|   0|    8|          0|
    |key_8_13_0_fu_1014       |   8|   0|    8|          0|
    |key_8_14_0_fu_1010       |   8|   0|    8|          0|
    |key_8_15_0_fu_1006       |   8|   0|    8|          0|
    |key_8_1_0_fu_1062        |   8|   0|    8|          0|
    |key_8_2_0_fu_1058        |   8|   0|    8|          0|
    |key_8_3_0_fu_1054        |   8|   0|    8|          0|
    |key_8_4_0_fu_1050        |   8|   0|    8|          0|
    |key_8_5_0_fu_1046        |   8|   0|    8|          0|
    |key_8_6_0_fu_1042        |   8|   0|    8|          0|
    |key_8_7_0_fu_1038        |   8|   0|    8|          0|
    |key_8_8_0_fu_1034        |   8|   0|    8|          0|
    |key_8_9_0_fu_1030        |   8|   0|    8|          0|
    |key_9_0_0_fu_1002        |   8|   0|    8|          0|
    |key_9_10_0_fu_962        |   8|   0|    8|          0|
    |key_9_11_0_fu_958        |   8|   0|    8|          0|
    |key_9_12_0_fu_954        |   8|   0|    8|          0|
    |key_9_13_0_fu_950        |   8|   0|    8|          0|
    |key_9_14_0_fu_946        |   8|   0|    8|          0|
    |key_9_15_0_fu_942        |   8|   0|    8|          0|
    |key_9_1_0_fu_998         |   8|   0|    8|          0|
    |key_9_2_0_fu_994         |   8|   0|    8|          0|
    |key_9_3_0_fu_990         |   8|   0|    8|          0|
    |key_9_4_0_fu_986         |   8|   0|    8|          0|
    |key_9_5_0_fu_982         |   8|   0|    8|          0|
    |key_9_6_0_fu_978         |   8|   0|    8|          0|
    |key_9_7_0_fu_974         |   8|   0|    8|          0|
    |key_9_8_0_fu_970         |   8|   0|    8|          0|
    |key_9_9_0_fu_966         |   8|   0|    8|          0|
    +-------------------------+----+----+-----+-----------+
    |Total                    |1808|   0| 1808|          0|
    +-------------------------+----+----+-----+-----------+



================================================================
== Interface
================================================================
* Summary: 
+---------------+-----+-----+------------+---------------+--------------+
|   RTL Ports   | Dir | Bits|  Protocol  | Source Object |    C Type    |
+---------------+-----+-----+------------+---------------+--------------+
|ap_clk         |   in|    1|  ap_ctrl_hs|  get_round_key|  return value|
|ap_rst         |   in|    1|  ap_ctrl_hs|  get_round_key|  return value|
|ap_start       |   in|    1|  ap_ctrl_hs|  get_round_key|  return value|
|ap_done        |  out|    1|  ap_ctrl_hs|  get_round_key|  return value|
|ap_idle        |  out|    1|  ap_ctrl_hs|  get_round_key|  return value|
|ap_ready       |  out|    1|  ap_ctrl_hs|  get_round_key|  return value|
|ap_return_0    |  out|    8|  ap_ctrl_hs|  get_round_key|  return value|
|ap_return_1    |  out|    8|  ap_ctrl_hs|  get_round_key|  return value|
|ap_return_2    |  out|    8|  ap_ctrl_hs|  get_round_key|  return value|
|ap_return_3    |  out|    8|  ap_ctrl_hs|  get_round_key|  return value|
|ap_return_4    |  out|    8|  ap_ctrl_hs|  get_round_key|  return value|
|ap_return_5    |  out|    8|  ap_ctrl_hs|  get_round_key|  return value|
|ap_return_6    |  out|    8|  ap_ctrl_hs|  get_round_key|  return value|
|ap_return_7    |  out|    8|  ap_ctrl_hs|  get_round_key|  return value|
|ap_return_8    |  out|    8|  ap_ctrl_hs|  get_round_key|  return value|
|ap_return_9    |  out|    8|  ap_ctrl_hs|  get_round_key|  return value|
|ap_return_10   |  out|    8|  ap_ctrl_hs|  get_round_key|  return value|
|ap_return_11   |  out|    8|  ap_ctrl_hs|  get_round_key|  return value|
|ap_return_12   |  out|    8|  ap_ctrl_hs|  get_round_key|  return value|
|ap_return_13   |  out|    8|  ap_ctrl_hs|  get_round_key|  return value|
|ap_return_14   |  out|    8|  ap_ctrl_hs|  get_round_key|  return value|
|ap_return_15   |  out|    8|  ap_ctrl_hs|  get_round_key|  return value|
|ap_return_16   |  out|    8|  ap_ctrl_hs|  get_round_key|  return value|
|ap_return_17   |  out|    8|  ap_ctrl_hs|  get_round_key|  return value|
|ap_return_18   |  out|    8|  ap_ctrl_hs|  get_round_key|  return value|
|ap_return_19   |  out|    8|  ap_ctrl_hs|  get_round_key|  return value|
|ap_return_20   |  out|    8|  ap_ctrl_hs|  get_round_key|  return value|
|ap_return_21   |  out|    8|  ap_ctrl_hs|  get_round_key|  return value|
|ap_return_22   |  out|    8|  ap_ctrl_hs|  get_round_key|  return value|
|ap_return_23   |  out|    8|  ap_ctrl_hs|  get_round_key|  return value|
|ap_return_24   |  out|    8|  ap_ctrl_hs|  get_round_key|  return value|
|ap_return_25   |  out|    8|  ap_ctrl_hs|  get_round_key|  return value|
|ap_return_26   |  out|    8|  ap_ctrl_hs|  get_round_key|  return value|
|ap_return_27   |  out|    8|  ap_ctrl_hs|  get_round_key|  return value|
|ap_return_28   |  out|    8|  ap_ctrl_hs|  get_round_key|  return value|
|ap_return_29   |  out|    8|  ap_ctrl_hs|  get_round_key|  return value|
|ap_return_30   |  out|    8|  ap_ctrl_hs|  get_round_key|  return value|
|ap_return_31   |  out|    8|  ap_ctrl_hs|  get_round_key|  return value|
|ap_return_32   |  out|    8|  ap_ctrl_hs|  get_round_key|  return value|
|ap_return_33   |  out|    8|  ap_ctrl_hs|  get_round_key|  return value|
|ap_return_34   |  out|    8|  ap_ctrl_hs|  get_round_key|  return value|
|ap_return_35   |  out|    8|  ap_ctrl_hs|  get_round_key|  return value|
|ap_return_36   |  out|    8|  ap_ctrl_hs|  get_round_key|  return value|
|ap_return_37   |  out|    8|  ap_ctrl_hs|  get_round_key|  return value|
|ap_return_38   |  out|    8|  ap_ctrl_hs|  get_round_key|  return value|
|ap_return_39   |  out|    8|  ap_ctrl_hs|  get_round_key|  return value|
|ap_return_40   |  out|    8|  ap_ctrl_hs|  get_round_key|  return value|
|ap_return_41   |  out|    8|  ap_ctrl_hs|  get_round_key|  return value|
|ap_return_42   |  out|    8|  ap_ctrl_hs|  get_round_key|  return value|
|ap_return_43   |  out|    8|  ap_ctrl_hs|  get_round_key|  return value|
|ap_return_44   |  out|    8|  ap_ctrl_hs|  get_round_key|  return value|
|ap_return_45   |  out|    8|  ap_ctrl_hs|  get_round_key|  return value|
|ap_return_46   |  out|    8|  ap_ctrl_hs|  get_round_key|  return value|
|ap_return_47   |  out|    8|  ap_ctrl_hs|  get_round_key|  return value|
|ap_return_48   |  out|    8|  ap_ctrl_hs|  get_round_key|  return value|
|ap_return_49   |  out|    8|  ap_ctrl_hs|  get_round_key|  return value|
|ap_return_50   |  out|    8|  ap_ctrl_hs|  get_round_key|  return value|
|ap_return_51   |  out|    8|  ap_ctrl_hs|  get_round_key|  return value|
|ap_return_52   |  out|    8|  ap_ctrl_hs|  get_round_key|  return value|
|ap_return_53   |  out|    8|  ap_ctrl_hs|  get_round_key|  return value|
|ap_return_54   |  out|    8|  ap_ctrl_hs|  get_round_key|  return value|
|ap_return_55   |  out|    8|  ap_ctrl_hs|  get_round_key|  return value|
|ap_return_56   |  out|    8|  ap_ctrl_hs|  get_round_key|  return value|
|ap_return_57   |  out|    8|  ap_ctrl_hs|  get_round_key|  return value|
|ap_return_58   |  out|    8|  ap_ctrl_hs|  get_round_key|  return value|
|ap_return_59   |  out|    8|  ap_ctrl_hs|  get_round_key|  return value|
|ap_return_60   |  out|    8|  ap_ctrl_hs|  get_round_key|  return value|
|ap_return_61   |  out|    8|  ap_ctrl_hs|  get_round_key|  return value|
|ap_return_62   |  out|    8|  ap_ctrl_hs|  get_round_key|  return value|
|ap_return_63   |  out|    8|  ap_ctrl_hs|  get_round_key|  return value|
|ap_return_64   |  out|    8|  ap_ctrl_hs|  get_round_key|  return value|
|ap_return_65   |  out|    8|  ap_ctrl_hs|  get_round_key|  return value|
|ap_return_66   |  out|    8|  ap_ctrl_hs|  get_round_key|  return value|
|ap_return_67   |  out|    8|  ap_ctrl_hs|  get_round_key|  return value|
|ap_return_68   |  out|    8|  ap_ctrl_hs|  get_round_key|  return value|
|ap_return_69   |  out|    8|  ap_ctrl_hs|  get_round_key|  return value|
|ap_return_70   |  out|    8|  ap_ctrl_hs|  get_round_key|  return value|
|ap_return_71   |  out|    8|  ap_ctrl_hs|  get_round_key|  return value|
|ap_return_72   |  out|    8|  ap_ctrl_hs|  get_round_key|  return value|
|ap_return_73   |  out|    8|  ap_ctrl_hs|  get_round_key|  return value|
|ap_return_74   |  out|    8|  ap_ctrl_hs|  get_round_key|  return value|
|ap_return_75   |  out|    8|  ap_ctrl_hs|  get_round_key|  return value|
|ap_return_76   |  out|    8|  ap_ctrl_hs|  get_round_key|  return value|
|ap_return_77   |  out|    8|  ap_ctrl_hs|  get_round_key|  return value|
|ap_return_78   |  out|    8|  ap_ctrl_hs|  get_round_key|  return value|
|ap_return_79   |  out|    8|  ap_ctrl_hs|  get_round_key|  return value|
|ap_return_80   |  out|    8|  ap_ctrl_hs|  get_round_key|  return value|
|ap_return_81   |  out|    8|  ap_ctrl_hs|  get_round_key|  return value|
|ap_return_82   |  out|    8|  ap_ctrl_hs|  get_round_key|  return value|
|ap_return_83   |  out|    8|  ap_ctrl_hs|  get_round_key|  return value|
|ap_return_84   |  out|    8|  ap_ctrl_hs|  get_round_key|  return value|
|ap_return_85   |  out|    8|  ap_ctrl_hs|  get_round_key|  return value|
|ap_return_86   |  out|    8|  ap_ctrl_hs|  get_round_key|  return value|
|ap_return_87   |  out|    8|  ap_ctrl_hs|  get_round_key|  return value|
|ap_return_88   |  out|    8|  ap_ctrl_hs|  get_round_key|  return value|
|ap_return_89   |  out|    8|  ap_ctrl_hs|  get_round_key|  return value|
|ap_return_90   |  out|    8|  ap_ctrl_hs|  get_round_key|  return value|
|ap_return_91   |  out|    8|  ap_ctrl_hs|  get_round_key|  return value|
|ap_return_92   |  out|    8|  ap_ctrl_hs|  get_round_key|  return value|
|ap_return_93   |  out|    8|  ap_ctrl_hs|  get_round_key|  return value|
|ap_return_94   |  out|    8|  ap_ctrl_hs|  get_round_key|  return value|
|ap_return_95   |  out|    8|  ap_ctrl_hs|  get_round_key|  return value|
|ap_return_96   |  out|    8|  ap_ctrl_hs|  get_round_key|  return value|
|ap_return_97   |  out|    8|  ap_ctrl_hs|  get_round_key|  return value|
|ap_return_98   |  out|    8|  ap_ctrl_hs|  get_round_key|  return value|
|ap_return_99   |  out|    8|  ap_ctrl_hs|  get_round_key|  return value|
|ap_return_100  |  out|    8|  ap_ctrl_hs|  get_round_key|  return value|
|ap_return_101  |  out|    8|  ap_ctrl_hs|  get_round_key|  return value|
|ap_return_102  |  out|    8|  ap_ctrl_hs|  get_round_key|  return value|
|ap_return_103  |  out|    8|  ap_ctrl_hs|  get_round_key|  return value|
|ap_return_104  |  out|    8|  ap_ctrl_hs|  get_round_key|  return value|
|ap_return_105  |  out|    8|  ap_ctrl_hs|  get_round_key|  return value|
|ap_return_106  |  out|    8|  ap_ctrl_hs|  get_round_key|  return value|
|ap_return_107  |  out|    8|  ap_ctrl_hs|  get_round_key|  return value|
|ap_return_108  |  out|    8|  ap_ctrl_hs|  get_round_key|  return value|
|ap_return_109  |  out|    8|  ap_ctrl_hs|  get_round_key|  return value|
|ap_return_110  |  out|    8|  ap_ctrl_hs|  get_round_key|  return value|
|ap_return_111  |  out|    8|  ap_ctrl_hs|  get_round_key|  return value|
|ap_return_112  |  out|    8|  ap_ctrl_hs|  get_round_key|  return value|
|ap_return_113  |  out|    8|  ap_ctrl_hs|  get_round_key|  return value|
|ap_return_114  |  out|    8|  ap_ctrl_hs|  get_round_key|  return value|
|ap_return_115  |  out|    8|  ap_ctrl_hs|  get_round_key|  return value|
|ap_return_116  |  out|    8|  ap_ctrl_hs|  get_round_key|  return value|
|ap_return_117  |  out|    8|  ap_ctrl_hs|  get_round_key|  return value|
|ap_return_118  |  out|    8|  ap_ctrl_hs|  get_round_key|  return value|
|ap_return_119  |  out|    8|  ap_ctrl_hs|  get_round_key|  return value|
|ap_return_120  |  out|    8|  ap_ctrl_hs|  get_round_key|  return value|
|ap_return_121  |  out|    8|  ap_ctrl_hs|  get_round_key|  return value|
|ap_return_122  |  out|    8|  ap_ctrl_hs|  get_round_key|  return value|
|ap_return_123  |  out|    8|  ap_ctrl_hs|  get_round_key|  return value|
|ap_return_124  |  out|    8|  ap_ctrl_hs|  get_round_key|  return value|
|ap_return_125  |  out|    8|  ap_ctrl_hs|  get_round_key|  return value|
|ap_return_126  |  out|    8|  ap_ctrl_hs|  get_round_key|  return value|
|ap_return_127  |  out|    8|  ap_ctrl_hs|  get_round_key|  return value|
|ap_return_128  |  out|    8|  ap_ctrl_hs|  get_round_key|  return value|
|ap_return_129  |  out|    8|  ap_ctrl_hs|  get_round_key|  return value|
|ap_return_130  |  out|    8|  ap_ctrl_hs|  get_round_key|  return value|
|ap_return_131  |  out|    8|  ap_ctrl_hs|  get_round_key|  return value|
|ap_return_132  |  out|    8|  ap_ctrl_hs|  get_round_key|  return value|
|ap_return_133  |  out|    8|  ap_ctrl_hs|  get_round_key|  return value|
|ap_return_134  |  out|    8|  ap_ctrl_hs|  get_round_key|  return value|
|ap_return_135  |  out|    8|  ap_ctrl_hs|  get_round_key|  return value|
|ap_return_136  |  out|    8|  ap_ctrl_hs|  get_round_key|  return value|
|ap_return_137  |  out|    8|  ap_ctrl_hs|  get_round_key|  return value|
|ap_return_138  |  out|    8|  ap_ctrl_hs|  get_round_key|  return value|
|ap_return_139  |  out|    8|  ap_ctrl_hs|  get_round_key|  return value|
|ap_return_140  |  out|    8|  ap_ctrl_hs|  get_round_key|  return value|
|ap_return_141  |  out|    8|  ap_ctrl_hs|  get_round_key|  return value|
|ap_return_142  |  out|    8|  ap_ctrl_hs|  get_round_key|  return value|
|ap_return_143  |  out|    8|  ap_ctrl_hs|  get_round_key|  return value|
|ap_return_144  |  out|    8|  ap_ctrl_hs|  get_round_key|  return value|
|ap_return_145  |  out|    8|  ap_ctrl_hs|  get_round_key|  return value|
|ap_return_146  |  out|    8|  ap_ctrl_hs|  get_round_key|  return value|
|ap_return_147  |  out|    8|  ap_ctrl_hs|  get_round_key|  return value|
|ap_return_148  |  out|    8|  ap_ctrl_hs|  get_round_key|  return value|
|ap_return_149  |  out|    8|  ap_ctrl_hs|  get_round_key|  return value|
|ap_return_150  |  out|    8|  ap_ctrl_hs|  get_round_key|  return value|
|ap_return_151  |  out|    8|  ap_ctrl_hs|  get_round_key|  return value|
|ap_return_152  |  out|    8|  ap_ctrl_hs|  get_round_key|  return value|
|ap_return_153  |  out|    8|  ap_ctrl_hs|  get_round_key|  return value|
|ap_return_154  |  out|    8|  ap_ctrl_hs|  get_round_key|  return value|
|ap_return_155  |  out|    8|  ap_ctrl_hs|  get_round_key|  return value|
|ap_return_156  |  out|    8|  ap_ctrl_hs|  get_round_key|  return value|
|ap_return_157  |  out|    8|  ap_ctrl_hs|  get_round_key|  return value|
|ap_return_158  |  out|    8|  ap_ctrl_hs|  get_round_key|  return value|
|ap_return_159  |  out|    8|  ap_ctrl_hs|  get_round_key|  return value|
|ap_return_160  |  out|    8|  ap_ctrl_hs|  get_round_key|  return value|
|ap_return_161  |  out|    8|  ap_ctrl_hs|  get_round_key|  return value|
|ap_return_162  |  out|    8|  ap_ctrl_hs|  get_round_key|  return value|
|ap_return_163  |  out|    8|  ap_ctrl_hs|  get_round_key|  return value|
|ap_return_164  |  out|    8|  ap_ctrl_hs|  get_round_key|  return value|
|ap_return_165  |  out|    8|  ap_ctrl_hs|  get_round_key|  return value|
|ap_return_166  |  out|    8|  ap_ctrl_hs|  get_round_key|  return value|
|ap_return_167  |  out|    8|  ap_ctrl_hs|  get_round_key|  return value|
|ap_return_168  |  out|    8|  ap_ctrl_hs|  get_round_key|  return value|
|ap_return_169  |  out|    8|  ap_ctrl_hs|  get_round_key|  return value|
|ap_return_170  |  out|    8|  ap_ctrl_hs|  get_round_key|  return value|
|ap_return_171  |  out|    8|  ap_ctrl_hs|  get_round_key|  return value|
|ap_return_172  |  out|    8|  ap_ctrl_hs|  get_round_key|  return value|
|ap_return_173  |  out|    8|  ap_ctrl_hs|  get_round_key|  return value|
|ap_return_174  |  out|    8|  ap_ctrl_hs|  get_round_key|  return value|
|ap_return_175  |  out|    8|  ap_ctrl_hs|  get_round_key|  return value|
|ap_return_176  |  out|    8|  ap_ctrl_hs|  get_round_key|  return value|
|ap_return_177  |  out|    8|  ap_ctrl_hs|  get_round_key|  return value|
|ap_return_178  |  out|    8|  ap_ctrl_hs|  get_round_key|  return value|
|ap_return_179  |  out|    8|  ap_ctrl_hs|  get_round_key|  return value|
|ap_return_180  |  out|    8|  ap_ctrl_hs|  get_round_key|  return value|
|ap_return_181  |  out|    8|  ap_ctrl_hs|  get_round_key|  return value|
|ap_return_182  |  out|    8|  ap_ctrl_hs|  get_round_key|  return value|
|ap_return_183  |  out|    8|  ap_ctrl_hs|  get_round_key|  return value|
|ap_return_184  |  out|    8|  ap_ctrl_hs|  get_round_key|  return value|
|ap_return_185  |  out|    8|  ap_ctrl_hs|  get_round_key|  return value|
|ap_return_186  |  out|    8|  ap_ctrl_hs|  get_round_key|  return value|
|ap_return_187  |  out|    8|  ap_ctrl_hs|  get_round_key|  return value|
|ap_return_188  |  out|    8|  ap_ctrl_hs|  get_round_key|  return value|
|ap_return_189  |  out|    8|  ap_ctrl_hs|  get_round_key|  return value|
|ap_return_190  |  out|    8|  ap_ctrl_hs|  get_round_key|  return value|
|ap_return_191  |  out|    8|  ap_ctrl_hs|  get_round_key|  return value|
|ap_return_192  |  out|    8|  ap_ctrl_hs|  get_round_key|  return value|
|ap_return_193  |  out|    8|  ap_ctrl_hs|  get_round_key|  return value|
|ap_return_194  |  out|    8|  ap_ctrl_hs|  get_round_key|  return value|
|ap_return_195  |  out|    8|  ap_ctrl_hs|  get_round_key|  return value|
|ap_return_196  |  out|    8|  ap_ctrl_hs|  get_round_key|  return value|
|ap_return_197  |  out|    8|  ap_ctrl_hs|  get_round_key|  return value|
|ap_return_198  |  out|    8|  ap_ctrl_hs|  get_round_key|  return value|
|ap_return_199  |  out|    8|  ap_ctrl_hs|  get_round_key|  return value|
|ap_return_200  |  out|    8|  ap_ctrl_hs|  get_round_key|  return value|
|ap_return_201  |  out|    8|  ap_ctrl_hs|  get_round_key|  return value|
|ap_return_202  |  out|    8|  ap_ctrl_hs|  get_round_key|  return value|
|ap_return_203  |  out|    8|  ap_ctrl_hs|  get_round_key|  return value|
|ap_return_204  |  out|    8|  ap_ctrl_hs|  get_round_key|  return value|
|ap_return_205  |  out|    8|  ap_ctrl_hs|  get_round_key|  return value|
|ap_return_206  |  out|    8|  ap_ctrl_hs|  get_round_key|  return value|
|ap_return_207  |  out|    8|  ap_ctrl_hs|  get_round_key|  return value|
|ap_return_208  |  out|    8|  ap_ctrl_hs|  get_round_key|  return value|
|ap_return_209  |  out|    8|  ap_ctrl_hs|  get_round_key|  return value|
|ap_return_210  |  out|    8|  ap_ctrl_hs|  get_round_key|  return value|
|ap_return_211  |  out|    8|  ap_ctrl_hs|  get_round_key|  return value|
|ap_return_212  |  out|    8|  ap_ctrl_hs|  get_round_key|  return value|
|ap_return_213  |  out|    8|  ap_ctrl_hs|  get_round_key|  return value|
|ap_return_214  |  out|    8|  ap_ctrl_hs|  get_round_key|  return value|
|ap_return_215  |  out|    8|  ap_ctrl_hs|  get_round_key|  return value|
|ap_return_216  |  out|    8|  ap_ctrl_hs|  get_round_key|  return value|
|ap_return_217  |  out|    8|  ap_ctrl_hs|  get_round_key|  return value|
|ap_return_218  |  out|    8|  ap_ctrl_hs|  get_round_key|  return value|
|ap_return_219  |  out|    8|  ap_ctrl_hs|  get_round_key|  return value|
|ap_return_220  |  out|    8|  ap_ctrl_hs|  get_round_key|  return value|
|ap_return_221  |  out|    8|  ap_ctrl_hs|  get_round_key|  return value|
|ap_return_222  |  out|    8|  ap_ctrl_hs|  get_round_key|  return value|
|ap_return_223  |  out|    8|  ap_ctrl_hs|  get_round_key|  return value|
|ap_return_224  |  out|    8|  ap_ctrl_hs|  get_round_key|  return value|
|ap_return_225  |  out|    8|  ap_ctrl_hs|  get_round_key|  return value|
|ap_return_226  |  out|    8|  ap_ctrl_hs|  get_round_key|  return value|
|ap_return_227  |  out|    8|  ap_ctrl_hs|  get_round_key|  return value|
|ap_return_228  |  out|    8|  ap_ctrl_hs|  get_round_key|  return value|
|ap_return_229  |  out|    8|  ap_ctrl_hs|  get_round_key|  return value|
|ap_return_230  |  out|    8|  ap_ctrl_hs|  get_round_key|  return value|
|ap_return_231  |  out|    8|  ap_ctrl_hs|  get_round_key|  return value|
|ap_return_232  |  out|    8|  ap_ctrl_hs|  get_round_key|  return value|
|ap_return_233  |  out|    8|  ap_ctrl_hs|  get_round_key|  return value|
|ap_return_234  |  out|    8|  ap_ctrl_hs|  get_round_key|  return value|
|ap_return_235  |  out|    8|  ap_ctrl_hs|  get_round_key|  return value|
|ap_return_236  |  out|    8|  ap_ctrl_hs|  get_round_key|  return value|
|ap_return_237  |  out|    8|  ap_ctrl_hs|  get_round_key|  return value|
|ap_return_238  |  out|    8|  ap_ctrl_hs|  get_round_key|  return value|
|ap_return_239  |  out|    8|  ap_ctrl_hs|  get_round_key|  return value|
|p_read         |   in|    8|     ap_none|         p_read|        scalar|
|p_read1        |   in|    8|     ap_none|        p_read1|        scalar|
|p_read2        |   in|    8|     ap_none|        p_read2|        scalar|
|p_read3        |   in|    8|     ap_none|        p_read3|        scalar|
|p_read4        |   in|    8|     ap_none|        p_read4|        scalar|
|p_read5        |   in|    8|     ap_none|        p_read5|        scalar|
|p_read6        |   in|    8|     ap_none|        p_read6|        scalar|
|p_read7        |   in|    8|     ap_none|        p_read7|        scalar|
|p_read8        |   in|    8|     ap_none|        p_read8|        scalar|
|p_read9        |   in|    8|     ap_none|        p_read9|        scalar|
|p_read10       |   in|    8|     ap_none|       p_read10|        scalar|
|p_read11       |   in|    8|     ap_none|       p_read11|        scalar|
|p_read12       |   in|    8|     ap_none|       p_read12|        scalar|
|p_read13       |   in|    8|     ap_none|       p_read13|        scalar|
|p_read14       |   in|    8|     ap_none|       p_read14|        scalar|
|p_read15       |   in|    8|     ap_none|       p_read15|        scalar|
|p_read16       |   in|    8|     ap_none|       p_read16|        scalar|
|p_read17       |   in|    8|     ap_none|       p_read17|        scalar|
|p_read18       |   in|    8|     ap_none|       p_read18|        scalar|
|p_read19       |   in|    8|     ap_none|       p_read19|        scalar|
|p_read20       |   in|    8|     ap_none|       p_read20|        scalar|
|p_read21       |   in|    8|     ap_none|       p_read21|        scalar|
|p_read22       |   in|    8|     ap_none|       p_read22|        scalar|
|p_read23       |   in|    8|     ap_none|       p_read23|        scalar|
|p_read24       |   in|    8|     ap_none|       p_read24|        scalar|
|p_read25       |   in|    8|     ap_none|       p_read25|        scalar|
|p_read26       |   in|    8|     ap_none|       p_read26|        scalar|
|p_read27       |   in|    8|     ap_none|       p_read27|        scalar|
|p_read28       |   in|    8|     ap_none|       p_read28|        scalar|
|p_read29       |   in|    8|     ap_none|       p_read29|        scalar|
|p_read30       |   in|    8|     ap_none|       p_read30|        scalar|
|p_read31       |   in|    8|     ap_none|       p_read31|        scalar|
|p_read32       |   in|    8|     ap_none|       p_read32|        scalar|
|p_read33       |   in|    8|     ap_none|       p_read33|        scalar|
|p_read34       |   in|    8|     ap_none|       p_read34|        scalar|
|p_read35       |   in|    8|     ap_none|       p_read35|        scalar|
|p_read36       |   in|    8|     ap_none|       p_read36|        scalar|
|p_read37       |   in|    8|     ap_none|       p_read37|        scalar|
|p_read38       |   in|    8|     ap_none|       p_read38|        scalar|
|p_read39       |   in|    8|     ap_none|       p_read39|        scalar|
|p_read40       |   in|    8|     ap_none|       p_read40|        scalar|
|p_read41       |   in|    8|     ap_none|       p_read41|        scalar|
|p_read42       |   in|    8|     ap_none|       p_read42|        scalar|
|p_read43       |   in|    8|     ap_none|       p_read43|        scalar|
|p_read44       |   in|    8|     ap_none|       p_read44|        scalar|
|p_read45       |   in|    8|     ap_none|       p_read45|        scalar|
|p_read46       |   in|    8|     ap_none|       p_read46|        scalar|
|p_read47       |   in|    8|     ap_none|       p_read47|        scalar|
|p_read48       |   in|    8|     ap_none|       p_read48|        scalar|
|p_read49       |   in|    8|     ap_none|       p_read49|        scalar|
|p_read50       |   in|    8|     ap_none|       p_read50|        scalar|
|p_read51       |   in|    8|     ap_none|       p_read51|        scalar|
|p_read52       |   in|    8|     ap_none|       p_read52|        scalar|
|p_read53       |   in|    8|     ap_none|       p_read53|        scalar|
|p_read54       |   in|    8|     ap_none|       p_read54|        scalar|
|p_read55       |   in|    8|     ap_none|       p_read55|        scalar|
|p_read56       |   in|    8|     ap_none|       p_read56|        scalar|
|p_read57       |   in|    8|     ap_none|       p_read57|        scalar|
|p_read58       |   in|    8|     ap_none|       p_read58|        scalar|
|p_read59       |   in|    8|     ap_none|       p_read59|        scalar|
|p_read60       |   in|    8|     ap_none|       p_read60|        scalar|
|p_read61       |   in|    8|     ap_none|       p_read61|        scalar|
|p_read62       |   in|    8|     ap_none|       p_read62|        scalar|
|p_read63       |   in|    8|     ap_none|       p_read63|        scalar|
|p_read64       |   in|    8|     ap_none|       p_read64|        scalar|
|p_read65       |   in|    8|     ap_none|       p_read65|        scalar|
|p_read66       |   in|    8|     ap_none|       p_read66|        scalar|
|p_read67       |   in|    8|     ap_none|       p_read67|        scalar|
|p_read68       |   in|    8|     ap_none|       p_read68|        scalar|
|p_read69       |   in|    8|     ap_none|       p_read69|        scalar|
|p_read70       |   in|    8|     ap_none|       p_read70|        scalar|
|p_read71       |   in|    8|     ap_none|       p_read71|        scalar|
|p_read72       |   in|    8|     ap_none|       p_read72|        scalar|
|p_read73       |   in|    8|     ap_none|       p_read73|        scalar|
|p_read74       |   in|    8|     ap_none|       p_read74|        scalar|
|p_read75       |   in|    8|     ap_none|       p_read75|        scalar|
|p_read76       |   in|    8|     ap_none|       p_read76|        scalar|
|p_read77       |   in|    8|     ap_none|       p_read77|        scalar|
|p_read78       |   in|    8|     ap_none|       p_read78|        scalar|
|p_read79       |   in|    8|     ap_none|       p_read79|        scalar|
|p_read80       |   in|    8|     ap_none|       p_read80|        scalar|
|p_read81       |   in|    8|     ap_none|       p_read81|        scalar|
|p_read82       |   in|    8|     ap_none|       p_read82|        scalar|
|p_read83       |   in|    8|     ap_none|       p_read83|        scalar|
|p_read84       |   in|    8|     ap_none|       p_read84|        scalar|
|p_read85       |   in|    8|     ap_none|       p_read85|        scalar|
|p_read86       |   in|    8|     ap_none|       p_read86|        scalar|
|p_read87       |   in|    8|     ap_none|       p_read87|        scalar|
|p_read88       |   in|    8|     ap_none|       p_read88|        scalar|
|p_read89       |   in|    8|     ap_none|       p_read89|        scalar|
|p_read90       |   in|    8|     ap_none|       p_read90|        scalar|
|p_read91       |   in|    8|     ap_none|       p_read91|        scalar|
|p_read92       |   in|    8|     ap_none|       p_read92|        scalar|
|p_read93       |   in|    8|     ap_none|       p_read93|        scalar|
|p_read94       |   in|    8|     ap_none|       p_read94|        scalar|
|p_read95       |   in|    8|     ap_none|       p_read95|        scalar|
|p_read96       |   in|    8|     ap_none|       p_read96|        scalar|
|p_read97       |   in|    8|     ap_none|       p_read97|        scalar|
|p_read98       |   in|    8|     ap_none|       p_read98|        scalar|
|p_read99       |   in|    8|     ap_none|       p_read99|        scalar|
|p_read100      |   in|    8|     ap_none|      p_read100|        scalar|
|p_read101      |   in|    8|     ap_none|      p_read101|        scalar|
|p_read102      |   in|    8|     ap_none|      p_read102|        scalar|
|p_read103      |   in|    8|     ap_none|      p_read103|        scalar|
|p_read104      |   in|    8|     ap_none|      p_read104|        scalar|
|p_read105      |   in|    8|     ap_none|      p_read105|        scalar|
|p_read106      |   in|    8|     ap_none|      p_read106|        scalar|
|p_read107      |   in|    8|     ap_none|      p_read107|        scalar|
|p_read108      |   in|    8|     ap_none|      p_read108|        scalar|
|p_read109      |   in|    8|     ap_none|      p_read109|        scalar|
|p_read110      |   in|    8|     ap_none|      p_read110|        scalar|
|p_read111      |   in|    8|     ap_none|      p_read111|        scalar|
|p_read112      |   in|    8|     ap_none|      p_read112|        scalar|
|p_read113      |   in|    8|     ap_none|      p_read113|        scalar|
|p_read114      |   in|    8|     ap_none|      p_read114|        scalar|
|p_read115      |   in|    8|     ap_none|      p_read115|        scalar|
|p_read116      |   in|    8|     ap_none|      p_read116|        scalar|
|p_read117      |   in|    8|     ap_none|      p_read117|        scalar|
|p_read118      |   in|    8|     ap_none|      p_read118|        scalar|
|p_read119      |   in|    8|     ap_none|      p_read119|        scalar|
|p_read120      |   in|    8|     ap_none|      p_read120|        scalar|
|p_read121      |   in|    8|     ap_none|      p_read121|        scalar|
|p_read122      |   in|    8|     ap_none|      p_read122|        scalar|
|p_read123      |   in|    8|     ap_none|      p_read123|        scalar|
|p_read124      |   in|    8|     ap_none|      p_read124|        scalar|
|p_read125      |   in|    8|     ap_none|      p_read125|        scalar|
|p_read126      |   in|    8|     ap_none|      p_read126|        scalar|
|p_read127      |   in|    8|     ap_none|      p_read127|        scalar|
|p_read128      |   in|    8|     ap_none|      p_read128|        scalar|
|p_read129      |   in|    8|     ap_none|      p_read129|        scalar|
|p_read130      |   in|    8|     ap_none|      p_read130|        scalar|
|p_read131      |   in|    8|     ap_none|      p_read131|        scalar|
|p_read132      |   in|    8|     ap_none|      p_read132|        scalar|
|p_read133      |   in|    8|     ap_none|      p_read133|        scalar|
|p_read134      |   in|    8|     ap_none|      p_read134|        scalar|
|p_read135      |   in|    8|     ap_none|      p_read135|        scalar|
|p_read136      |   in|    8|     ap_none|      p_read136|        scalar|
|p_read137      |   in|    8|     ap_none|      p_read137|        scalar|
|p_read138      |   in|    8|     ap_none|      p_read138|        scalar|
|p_read139      |   in|    8|     ap_none|      p_read139|        scalar|
|p_read140      |   in|    8|     ap_none|      p_read140|        scalar|
|p_read141      |   in|    8|     ap_none|      p_read141|        scalar|
|p_read142      |   in|    8|     ap_none|      p_read142|        scalar|
|p_read143      |   in|    8|     ap_none|      p_read143|        scalar|
|p_read144      |   in|    8|     ap_none|      p_read144|        scalar|
|p_read145      |   in|    8|     ap_none|      p_read145|        scalar|
|p_read146      |   in|    8|     ap_none|      p_read146|        scalar|
|p_read147      |   in|    8|     ap_none|      p_read147|        scalar|
|p_read148      |   in|    8|     ap_none|      p_read148|        scalar|
|p_read149      |   in|    8|     ap_none|      p_read149|        scalar|
|p_read150      |   in|    8|     ap_none|      p_read150|        scalar|
|p_read151      |   in|    8|     ap_none|      p_read151|        scalar|
|p_read152      |   in|    8|     ap_none|      p_read152|        scalar|
|p_read153      |   in|    8|     ap_none|      p_read153|        scalar|
|p_read154      |   in|    8|     ap_none|      p_read154|        scalar|
|p_read155      |   in|    8|     ap_none|      p_read155|        scalar|
|p_read156      |   in|    8|     ap_none|      p_read156|        scalar|
|p_read157      |   in|    8|     ap_none|      p_read157|        scalar|
|p_read158      |   in|    8|     ap_none|      p_read158|        scalar|
|p_read159      |   in|    8|     ap_none|      p_read159|        scalar|
|p_read160      |   in|    8|     ap_none|      p_read160|        scalar|
|p_read161      |   in|    8|     ap_none|      p_read161|        scalar|
|p_read162      |   in|    8|     ap_none|      p_read162|        scalar|
|p_read163      |   in|    8|     ap_none|      p_read163|        scalar|
|p_read164      |   in|    8|     ap_none|      p_read164|        scalar|
|p_read165      |   in|    8|     ap_none|      p_read165|        scalar|
|p_read166      |   in|    8|     ap_none|      p_read166|        scalar|
|p_read167      |   in|    8|     ap_none|      p_read167|        scalar|
|p_read168      |   in|    8|     ap_none|      p_read168|        scalar|
|p_read169      |   in|    8|     ap_none|      p_read169|        scalar|
|p_read170      |   in|    8|     ap_none|      p_read170|        scalar|
|p_read171      |   in|    8|     ap_none|      p_read171|        scalar|
|p_read172      |   in|    8|     ap_none|      p_read172|        scalar|
|p_read173      |   in|    8|     ap_none|      p_read173|        scalar|
|p_read174      |   in|    8|     ap_none|      p_read174|        scalar|
|p_read175      |   in|    8|     ap_none|      p_read175|        scalar|
|p_read176      |   in|    8|     ap_none|      p_read176|        scalar|
|p_read177      |   in|    8|     ap_none|      p_read177|        scalar|
|p_read178      |   in|    8|     ap_none|      p_read178|        scalar|
|p_read179      |   in|    8|     ap_none|      p_read179|        scalar|
|p_read180      |   in|    8|     ap_none|      p_read180|        scalar|
|p_read181      |   in|    8|     ap_none|      p_read181|        scalar|
|p_read182      |   in|    8|     ap_none|      p_read182|        scalar|
|p_read183      |   in|    8|     ap_none|      p_read183|        scalar|
|p_read184      |   in|    8|     ap_none|      p_read184|        scalar|
|p_read185      |   in|    8|     ap_none|      p_read185|        scalar|
|p_read186      |   in|    8|     ap_none|      p_read186|        scalar|
|p_read187      |   in|    8|     ap_none|      p_read187|        scalar|
|p_read188      |   in|    8|     ap_none|      p_read188|        scalar|
|p_read189      |   in|    8|     ap_none|      p_read189|        scalar|
|p_read190      |   in|    8|     ap_none|      p_read190|        scalar|
|p_read191      |   in|    8|     ap_none|      p_read191|        scalar|
|p_read192      |   in|    8|     ap_none|      p_read192|        scalar|
|p_read193      |   in|    8|     ap_none|      p_read193|        scalar|
|p_read194      |   in|    8|     ap_none|      p_read194|        scalar|
|p_read195      |   in|    8|     ap_none|      p_read195|        scalar|
|p_read196      |   in|    8|     ap_none|      p_read196|        scalar|
|p_read197      |   in|    8|     ap_none|      p_read197|        scalar|
|p_read198      |   in|    8|     ap_none|      p_read198|        scalar|
|p_read199      |   in|    8|     ap_none|      p_read199|        scalar|
|p_read200      |   in|    8|     ap_none|      p_read200|        scalar|
|p_read201      |   in|    8|     ap_none|      p_read201|        scalar|
|p_read202      |   in|    8|     ap_none|      p_read202|        scalar|
|p_read203      |   in|    8|     ap_none|      p_read203|        scalar|
|p_read204      |   in|    8|     ap_none|      p_read204|        scalar|
|p_read205      |   in|    8|     ap_none|      p_read205|        scalar|
|p_read206      |   in|    8|     ap_none|      p_read206|        scalar|
|p_read207      |   in|    8|     ap_none|      p_read207|        scalar|
|p_read208      |   in|    8|     ap_none|      p_read208|        scalar|
|p_read209      |   in|    8|     ap_none|      p_read209|        scalar|
|p_read210      |   in|    8|     ap_none|      p_read210|        scalar|
|p_read211      |   in|    8|     ap_none|      p_read211|        scalar|
|p_read212      |   in|    8|     ap_none|      p_read212|        scalar|
|p_read213      |   in|    8|     ap_none|      p_read213|        scalar|
|p_read214      |   in|    8|     ap_none|      p_read214|        scalar|
|p_read215      |   in|    8|     ap_none|      p_read215|        scalar|
|p_read216      |   in|    8|     ap_none|      p_read216|        scalar|
|p_read217      |   in|    8|     ap_none|      p_read217|        scalar|
|p_read218      |   in|    8|     ap_none|      p_read218|        scalar|
|p_read219      |   in|    8|     ap_none|      p_read219|        scalar|
|p_read220      |   in|    8|     ap_none|      p_read220|        scalar|
|p_read221      |   in|    8|     ap_none|      p_read221|        scalar|
|p_read222      |   in|    8|     ap_none|      p_read222|        scalar|
|p_read223      |   in|    8|     ap_none|      p_read223|        scalar|
|p_read224      |   in|    8|     ap_none|      p_read224|        scalar|
|p_read225      |   in|    8|     ap_none|      p_read225|        scalar|
|p_read226      |   in|    8|     ap_none|      p_read226|        scalar|
|p_read227      |   in|    8|     ap_none|      p_read227|        scalar|
|p_read228      |   in|    8|     ap_none|      p_read228|        scalar|
|p_read229      |   in|    8|     ap_none|      p_read229|        scalar|
|p_read230      |   in|    8|     ap_none|      p_read230|        scalar|
|p_read231      |   in|    8|     ap_none|      p_read231|        scalar|
|p_read232      |   in|    8|     ap_none|      p_read232|        scalar|
|p_read233      |   in|    8|     ap_none|      p_read233|        scalar|
|p_read234      |   in|    8|     ap_none|      p_read234|        scalar|
|p_read235      |   in|    8|     ap_none|      p_read235|        scalar|
|p_read236      |   in|    8|     ap_none|      p_read236|        scalar|
|p_read237      |   in|    8|     ap_none|      p_read237|        scalar|
|p_read238      |   in|    8|     ap_none|      p_read238|        scalar|
|p_read239      |   in|    8|     ap_none|      p_read239|        scalar|
|round          |   in|    4|     ap_none|          round|        scalar|
+---------------+-----+-----+------------+---------------+--------------+

